期数,开奖日期,全国中奖详情,红球,蓝球,奖池,一等奖中奖注数,一等奖中奖金额,二等奖中奖注数,二等奖中奖金额,三等奖中奖注数,三等奖中奖金额,四等奖中奖注数,四等奖中奖金额,五等奖中奖注数,五等奖中奖金额
2026113,2026-09-29(二),山西1注，辽宁1注，黑龙江1注，浙江2注，安徽2注，福建1注，河南1注，海南1注，共10注。,"03,04,20,24,29,30",11,973407364,10,6845689,165,139824,1366,3000,69907,200,1304050,10
2026112,2026-09-27(日),辽宁1注，上海1注，浙江1注，山东1注，河南1注，青海1注，共6注。,"01,04,11,12,17,29",11,972650894,6,7218903,123,135299,2295,3000,99367,200,1598735,10
2026111,2026-09-24(四),福建1注，四川1注，共2注。,"06,07,14,22,31,32",05,966038984,2,10000000,102,179971,1478,3000,72443,200,1305871,10
2026110,2026-09-22(二),河北1注，江苏2注，浙江1注，福建1注，江西1注，云南5注，陕西1注，共12注。,"02,05,16,19,26,32",14,930967826,12,6654980,173,143495,1294,3000,61852,200,1193643,10
2026109,2026-09-20(日),河北1注，安徽1注，山东1注，广东2注，共5注。,"09,12,15,26,30,33",06,936353465,5,8207986,114,175876,1604,3000,73746,200,1351742,10
2026108,2026-09-17(四),浙江1注，湖南1注，共2注。,"06,11,13,14,20,28",16,917243647,2,10000000,95,276194,843,3000,49993,200,1042395,10
2026107,2026-09-15(二),浙江1注，山东2注，河南1注，广东2注，贵州1注，陕西1注，宁夏1注，共9注。,"01,05,09,17,24,33",04,858528126,9,6900239,249,85854,1595,3000,76204,200,1337305,10
2026106,2026-09-13(日),内蒙古1注，重庆1注，湖南1注，四川1注，共4注。,"06,11,13,14,22,30",14,856497196,4,8953611,105,188267,1482,3000,70762,200,1301933,10
2026105,2026-09-10(四),四川1注，共1注。,"02,04,13,14,15,30",08,833007469,1,10000000,100,148168,1524,3000,74016,200,1329462,10
2026104,2026-09-08(二),江苏1注，浙江3注，安徽1注，山东1注，湖北2注，贵州1注，陕西1注，宁夏1注，共11注。,"11,12,13,19,20,31",03,798557035,11,6596605,171,128382,1260,3000,68059,200,1256334,10
2026103,2026-09-06(日),江苏1注，安徽1注，河南1注，湖南1注，广东3注，共7注。,"04,11,20,27,28,30",15,805259723,7,8013753,125,210962,1343,3000,65808,200,1300300,10
2026102,2026-09-03(四),天津1注，河北1注，浙江2注，共4注。,"03,04,10,13,16,25",09,782244968,4,8286261,93,176680,1507,3000,71011,200,1260612,10
2026101,2026-09-01(二),吉林1注，甘肃1注，深圳2注，共4注。,"05,06,08,09,24,25",12,766096090,4,8881916,183,106063,1766,3000,92359,200,1748531,10
2026100,2026-08-30(日),河北1注，辽宁2注，上海11注，浙江1注，山东1注，湖北20注，广东2注，四川1注，陕西1注，共40注。,"03,04,09,13,22,31",04,743395010,40,2500000,217,102830,1624,3000,83114,200,1469999,10
2026099,2026-08-27(四),上海1注，湖南1注，共2注。,"01,12,14,18,30,31",02,776452438,2,10000000,75,379034,742,3000,41096,200,882010,10
2026098,2026-08-25(二),吉林2注，浙江1注，福建1注，河南1注，广东1注，云南1注，共7注。,"08,16,18,22,25,26",07,711169786,7,6866583,122,133873,1487,3000,77400,200,1421653,10
2026097,2026-08-23(日),河南1注，湖北1注，共2注。,"05,16,24,26,29,30",02,710238057,2,10000000,96,264245,1324,3000,69726,200,1365481,10
2026096,2026-08-20(四),北京3注，安徽1注，广西1注，云南1注，共6注。,"01,04,16,22,26,31",04,654135395,6,8348282,118,212814,1050,3000,54304,200,1066217,10
2026095,2026-08-18(二),江苏1注，浙江1注，安徽1注，重庆1注，湖北1注，广东1注，四川1注，共7注。,"04,06,14,21,22,33",16,628888733,7,7475143,112,193370,1447,3000,67184,200,1211396,10
2026094,2026-08-16(日),北京1注，江苏2注，四川1注，共4注。,"06,13,15,17,24,25",01,616242219,4,10000000,142,210861,988,3000,53492,200,1139023,10
2026093,2026-08-13(四),辽宁2注，江苏5注，湖南1注，共8注。,"05,08,15,20,21,24",09,566415284,8,6581443,109,145086,2079,3000,90500,200,1517204,10
2026092,2026-08-11(二),山西6注，内蒙古1注，安徽1注，江西1注，山东1注，广西1注，四川1注，共12注。,"09,11,12,25,30,33",11,571623532,12,6466298,79,278411,1317,3000,64191,200,1232442,10
2026091,2026-08-09(日),湖南1注，广东1注，新疆1注，深圳1注，共4注。,"02,13,14,16,20,24",05,583235682,4,10000000,79,328709,952,3000,54095,200,1136984,10
2026090,2026-08-06(四),江苏1注，江西1注，广东1注，共3注。,"02,04,15,23,25,27",03,545331466,3,10000000,86,332528,778,3000,44670,200,974264,10
2026089,2026-08-04(二),黑龙江1注，贵州1注，新疆1注，共3注。,"05,18,23,24,27,33",03,489539135,3,10000000,88,293109,950,3000,56950,200,1162655,10
2026088,2026-08-02(日),天津1注，河北13注，黑龙江3注，浙江3注，河南1注，湖南1注，广西7注，四川2注，云南1注，陕西1注，深圳1注，共34注。,"06,07,11,18,22,33",05,442158322,34,2941176,506,45037,2438,3000,112457,200,1707004,10
2026087,2026-07-30(四),北京1注，内蒙古2注，浙江1注，安徽1注，福建1注，河南1注，宁夏1注，共8注。,"04,06,10,18,23,31",11,473791046,8,7296989,108,212684,1440,3000,68524,200,1256080,10
2026086,2026-07-28(二),天津1注，江苏2注，山东1注，河南2注，云南1注，共7注。,"02,05,14,25,30,32",05,463257269,7,7501853,195,112262,1728,3000,89274,200,1568832,10
2026085,2026-07-26(日),天津2注，河北1注，江苏1注，浙江1注，重庆2注，河南1注，广东7注，云南1注，陕西1注，共17注。,"06,09,13,17,24,28",15,450096595,17,5882352,326,71094,1961,3000,95174,200,1524669,10
2026084,2026-07-23(四),河北1注，安徽1注，福建1注，河南2注，广东1注，广西1注，宁夏1注，深圳2注，共10注。,"01,05,06,10,12,16",05,480566551,10,6809591,107,211400,1339,3000,71880,200,1332819,10
2026083,2026-07-21(二),共0注。,"07,14,15,23,28,33",03,480802779,0,0,111,214159,1277,3000,59735,200,1122950,10
2026082,2026-07-19(日),河北1注，山西1注，上海1注，浙江2注，福建3注，山东1注，四川1注，共10注。,"05,07,10,14,21,28",04,409487566,10,7104774,215,122370,1472,3000,81044,200,1528508,10
2026081,2026-07-16(四),吉林1注，浙江1注，山东1注，湖北1注，贵州1注，共5注。,"06,10,12,15,24,27",12,401606257,5,8082773,137,140637,2122,3000,86286,200,1465960,10
2026080,2026-07-14(二),安徽5注，湖北2注，云南1注，共8注。,"04,05,11,19,27,32",01,384218118,8,7579965,132,195451,1073,3000,58791,200,1195292,10
2026079,2026-07-12(日),内蒙古1注，共1注。,"01,11,17,22,24,29",04,367458887,1,10000000,109,280814,900,3000,52436,200,1117595,10
2026078,2026-07-09(四),河北2注，上海1注，江苏3注，浙江1注，福建2注，江西1注，山东1注，湖北1注，四川1注，云南1注，陕西1注，共15注。,"07,11,14,16,27,28",06,285632700,15,5983174,176,104741,2272,3000,105785,200,1728805,10
2026077,2026-07-07(二),北京1注，辽宁1注，四川3注，甘肃1注，共6注。,"01,04,05,14,18,25",04,320076738,6,8516882,114,231373,1129,3000,59770,200,1197149,10
2026076,2026-07-05(日),江苏1注，浙江1注，河南1注，四川2注，陕西1注，共6注。,"01,03,19,20,24,25",07,292048181,6,7355406,150,117770,2031,3000,92842,200,1664242,10
2026075,2026-07-02(四),北京1注，江西1注，山东1注，云南1注，宁夏1注，共5注。,"08,12,18,21,24,30",01,283183968,5,7840223,102,556906,979,3000,57468,200,1225768,10
2026074,2026-06-30(二),浙江1注，广东1注，云南1注，陕西1注，共4注。,"02,23,24,26,28,32",04,308183968,4,8277839,98,535157,994,3000,57390,200,1199876,10
2026073,2026-06-28(日),山西1注，福建1注，广东2注，广西1注，四川2注，贵州1注，陕西1注，甘肃1注，共10注。,"09,10,13,16,19,21",08,328183968,10,6111492,136,326909,1395,3000,74961,200,1464286,10
2026072,2026-06-25(四),浙江1注，广东1注，新疆2注，共4注。,"07,08,12,15,17,21",01,378183968,4,8287457,143,367827,1314,3000,62488,200,1269104,10
2026071,2026-06-23(二),吉林1注，黑龙江1注，浙江1注，广东3注，甘肃1注，新疆1注，共8注。,"03,08,19,25,31,33",05,398183968,8,5867768,121,229492,2419,3000,121168,200,1503066,10
2026070,2026-06-21(日),北京1注，浙江1注，安徽2注，福建1注，江西1注，河南3注，广东1注，广西1注，共11注。,"03,06,08,14,26,27",08,438183968,11,5811271,216,165258,2030,3000,98536,200,1700584,10
2026069,2026-06-18(四),北京2注，黑龙江1注，上海1注，浙江8注，江西2注，湖北1注，广东1注，广西1注，贵州1注，陕西3注，深圳1注，共22注。,"12,14,16,17,18,32",08,493183968,22,4545454,955,19746,1629,3000,79829,200,1472714,10
2026068,2026-06-16(二),北京1注，山西3注，江苏1注，山东1注，湖南1注，广西1注，四川2注，陕西2注，甘肃1注，深圳1注，共14注。,"03,05,16,18,29,32",04,588469423,14,5649404,123,295664,2419,3000,73467,200,1350496,10
2026067,2026-06-14(日),辽宁1注，四川1注，贵州1注，共3注。,"04,19,27,29,30,32",13,658469423,3,10000000,89,747481,973,3000,56937,200,1193755,10
2026066,2026-06-11(四),内蒙古1注，上海1注，江苏1注，浙江2注，四川1注，云南1注，共7注。,"05,11,21,23,24,29",16,671837950,7,6728458,126,384101,1292,3000,68265,200,1343822,10
2026065,2026-06-09(二),内蒙古1注，上海1注，安徽1注，福建1注，云南1注，陕西1注，深圳1注，共7注。,"07,08,16,24,30,32",02,706837950,7,6944530,190,286562,1222,3000,68323,200,1347248,10
2026064,2026-06-07(日),天津5注，内蒙古1注，浙江5注，安徽1注，河南1注，广东1注，云南1注，共15注。,"01,09,15,18,29,33",15,741837950,15,6021460,168,364807,1387,3000,78426,200,1528600,10
2026063,2026-06-04(四),河北1注，辽宁2注，吉林6注，黑龙江1注，江苏1注，河南2注，广西6注，四川1注，共20注。,"02,08,25,28,30,31",02,816837950,20,5000000,117,234108,2107,3000,98547,200,1692061,10
2026062,2026-06-02(二),北京1注，上海1注，浙江1注，安徽2注，福建1注，山东2注，河南1注，湖北1注，湖南1注，广东6注，广西1注，四川5注，云南4注，陕西1注，新疆1注，深圳1注，共30注。,"02,04,07,14,28,29",09,909990283,30,3333333,139,6000,4856,3000,186149,200,2632091,10
2026061,2026-05-31(日),江苏1注，福建1注，河南1注，湖北1注，湖南2注，四川1注，贵州1注，共8注。,"01,04,05,15,23,28",07,1009990273,8,6130798,135,268041,1722,3000,94790,200,1772167,10
2026060,2026-05-28(四),河北1注，江苏1注，浙江5注，山东1注，河南1注，湖南5注，广西1注，贵州1注，云南1注，宁夏1注，共18注。,"07,09,10,16,22,27",11,1049990273,18,5502014,226,159933,2216,3000,101083,200,1778760,10
2026059,2026-05-26(二),安徽1注，云南1注，甘肃1注，共3注。,"08,16,26,28,29,30",15,1139990273,3,10000000,138,441123,1082,3000,59810,200,1242643,10
2026058,2026-05-24(日),江苏1注，浙江3注，安徽1注，山东1注，广东1注，广西1注，云南1注，共9注。,"01,04,07,21,29,30",01,1154771516,9,6504451,154,351689,1811,3000,84493,200,1486079,10
2026057,2026-05-21(四),河北1注，吉林1注，福建1注，湖北1注，云南1注，陕西1注，共6注。,"01,10,22,24,28,30",07,1199771516,6,6920687,109,422903,1249,3000,65858,200,1317985,10
2026056,2026-05-19(二),四川1注，青海1注，共2注。,"10,19,21,22,31,33",05,1229771516,2,10000000,86,589039,1013,3000,62039,200,1251026,10
2026055,2026-05-17(日),河北1注，浙江1注，福建1注，共3注。,"04,11,24,25,32,33",13,1237107160,3,10000000,155,392861,1238,3000,73744,200,1274943,10
2026054,2026-05-14(四),吉林1注，福建2注，广东2注，共5注。,"13,20,25,29,30,33",02,1251883761,5,8421032,67,1021203,848,3000,48026,200,1119488,10
2026053,2026-05-12(二),江苏1注，浙江1注，山东1注，云南1注，新疆2注，共6注。,"01,02,03,08,13,14",02,1276883761,6,7002350,136,353355,1694,3000,78639,200,1467666,10
2026052,2026-05-10(日),天津1注，山西1注，辽宁2注，江苏1注，浙江2注，福建1注，山东2注，河南2注，湖北2注，广东3注，广西1注，四川1注，云南1注，陕西1注，甘肃1注，宁夏1注，新疆1注，共24注。,"01,03,11,22,26,31",11,1306883761,24,4166666,257,103058,2670,3000,116865,200,1905046,10
2026051,2026-05-07(四),内蒙古2注，浙江2注，安徽2注，山东1注，广东1注，广西1注，四川1注，云南1注，新疆2注，深圳1注，共14注。,"09,14,15,16,29,30",10,1400262206,14,5728242,189,215775,1646,3000,81626,200,1393339,10
2026050,2026-05-05(二),上海1注，浙江1注，河南1注，广东1注，共4注。,"06,09,25,27,28,30",03,1470262206,4,7220345,87,408339,1462,3000,75625,200,1451006,10
2026049,2026-05-03(日),山西1注，辽宁1注，黑龙江1注，重庆1注，河南1注，深圳1注，共6注。,"03,04,14,15,18,20",02,1490262206,6,6941614,112,416060,1158,3000,63374,200,1251964,10
2026048,2026-04-30(四),共0注。,"09,15,18,24,28,33",01,1520262206,0,0,128,473459,1043,3000,58802,200,1172287,10
2026047,2026-04-28(二),江苏1注，湖北1注，湖南2注，广东1注，西藏1注，共6注。,"07,16,21,24,27,30",07,1505111504,6,6564632,269,139595,1784,3000,82590,200,1387812,10
2026046,2026-04-26(日),天津1注，上海1注，浙江2注，广东1注，共5注。,"02,09,10,24,31,33",16,1535111504,5,8506512,114,614035,1354,3000,65407,200,1297231,10
2026045,2026-04-23(四),江苏3注，浙江1注，江西2注，广西1注，贵州1注，陕西1注，甘肃2注，新疆1注，共12注。,"04,11,15,17,24,30",15,1559981238,12,6214166,131,444885,1168,3000,65793,200,1223184,10
2026044,2026-04-21(二),浙江1注，福建2注，湖南1注，新疆2注，共6注。,"02,14,17,18,22,30",01,1619981238,6,7298375,114,483868,1157,3000,62051,200,1231058,10
2026043,2026-04-19(日),江苏2注，安徽1注，福建2注，河南2注，湖南1注，广东1注，四川1注，贵州2注，陕西1注，甘肃1注，新疆1注，深圳1注，共16注。,"06,09,14,16,25,32",16,1649981238,16,5364612,262,89065,2985,3000,131487,200,2179884,10
2026042,2026-04-16(四),河北1注，吉林1注，上海1注，江苏1注，安徽1注，广东3注，四川1注，云南4注，西藏1注，共14注。,"02,07,12,19,24,31",10,1729981238,14,5706863,350,113098,2034,3000,89951,200,1479315,10
2026041,2026-04-14(二),河北2注，辽宁6注，重庆1注，湖南1注，广东1注，四川1注，陕西1注，深圳1注，共14注。,"02,08,10,17,19,24",13,1799981238,14,5761961,171,249531,1561,3000,86144,200,1607878,10
2026040,2026-04-12(日),内蒙古1注，吉林2注，浙江1注，福建1注，山东1注，广东3注，四川2注，云南1注，陕西1注，共13注。,"03,04,14,22,23,33",04,1869981238,13,6070223,222,250682,1686,3000,78340,200,1470040,10
2026039,2026-04-09(四),广东1注，共1注。,"08,17,18,21,25,30",05,1934981238,1,10000000,173,257555,1525,3000,84114,200,1557295,10
2026038,2026-04-07(二),河北2注，内蒙古2注，黑龙江1注，福建1注，河南1注，湖南1注，共8注。,"01,02,13,23,25,27",05,1933841973,8,6202609,139,276859,1691,3000,76815,200,1364152,10
2026037,2026-04-05(日),北京1注，河北10注，山西2注，吉林3注，上海5注，江苏2注，浙江4注，安徽8注，福建6注，江西4注，重庆1注，河南1注，湖北2注，湖南4注，广东6注，广西1注，四川2注，云南3注，陕西2注，甘肃3注，新疆2注，共72注。,"11,22,27,29,31,33",12,1973841973,72,1388888,171,235251,1521,3000,85613,200,1510084,10
2026036,2026-04-02(四),黑龙江1注，上海1注，江苏1注，浙江1注，山东1注，河南1注，广西1注，四川1注，深圳1注，共9注。,"06,10,12,15,22,28",08,2063784926,9,5684766,177,139274,2387,3000,102004,200,1653978,10
2026035,2026-03-31(二),山西2注，安徽1注，广东1注，甘肃1注，新疆1注，共6注。,"02,06,12,24,25,32",02,2108784926,6,7153892,268,192885,1524,3000,75631,200,1440192,10
2026034,2026-03-29(日),河北1注，山西2注，辽宁1注，浙江1注，山东1注，河南1注，湖北1注，湖南1注，广西1注，海南1注，云南2注，共13注。,"01,03,07,13,22,23",07,2138784926,13,5653247,183,185622,2345,3000,98149,200,1647388,10
2026033,2026-03-26(四),天津1注，浙江1注，山东2注，河南11注，共15注。,"03,06,13,21,28,29",06,2203784926,15,5619305,161,230797,1951,3000,89476,200,1531415,10
2026032,2026-03-24(二),福建1注，江西3注，重庆1注，四川1注，共6注。,"01,03,11,18,31,33",02,2278784926,6,7330318,120,466063,1083,3000,79246,200,1216803,10
2026031,2026-03-22(日),北京1注，江苏1注，浙江3注，江西1注，广东1注，四川2注，深圳1注，共10注。,"03,10,12,13,18,33",08,2308784926,10,5408805,99,165174,2110,3000,109195,200,1963952,10
2026030,2026-03-19(四),天津1注，江苏1注，浙江1注，四川1注，陕西1注，共5注。,"10,11,14,19,22,24",04,2358784926,5,7573704,86,598535,1362,3000,70470,200,1393800,10
2026029,2026-03-17(二),河北1注，辽宁1注，福建1注，新疆1注，共4注。,"06,19,22,23,28,31",05,2383784926,4,7239119,106,337980,1671,3000,79570,200,1418436,10
2026028,2026-03-15(日),河北1注，上海1注，重庆1注，广东1注，宁夏1注，共5注。,"02,06,09,17,25,28",15,2403784926,5,7757204,251,219697,1450,3000,80527,200,1534579,10
2026027,2026-03-12(四),辽宁1注，江苏2注，福建2注，重庆1注，河南10注，湖北1注，广东5注，深圳1注，共23注。,"02,13,17,18,25,26",13,2428784926,23,4347826,131,301031,1920,3000,89411,200,1584244,10
2026026,2026-03-10(二),辽宁1注，江苏1注，广东1注，贵州2注，云南1注，陕西1注，共7注。,"02,09,16,22,25,29",03,2518926159,7,6119470,168,186578,1742,3000,84892,200,1519236,10
2026025,2026-03-08(日),吉林1注，上海1注，江苏1注，浙江2注，安徽1注，福建1注，共7注。,"02,03,15,20,23,24",10,2553926159,7,6639739,184,249525,1736,3000,72729,200,1398175,10
2026024,2026-03-05(四),福建1注，江西1注，共2注。,"01,02,13,21,23,29",14,2588926159,2,10000000,79,843179,798,3000,43656,200,918454,10
2026023,2026-03-03(二),上海2注，河南1注，湖北1注，广东1注，陕西1注，甘肃5注，深圳1注，共12注。,"01,03,08,10,23,29",06,2592273374,12,5612828,133,221171,1756,3000,83312,200,1444986,10
2026022,2026-03-01(日),吉林2注，安徽1注，湖北1注，四川2注，共6注。,"15,18,23,25,28,32",11,2652273374,6,6366973,152,215837,1815,3000,84133,200,1463793,10
2026021,2026-02-26(四),天津1注，吉林1注，浙江2注，江西1注，广西1注，共6注。,"03,13,25,26,30,31",04,2682273374,6,7076614,113,441050,1114,3000,60760,200,1146956,10
2026020,2026-02-24(二),河南1注，甘肃1注，共2注。,"01,13,14,21,24,30",02,2712273374,2,10000000,64,994080,974,3000,50504,200,1022416,10
2026019,2026-02-12(四),黑龙江1注，浙江1注，山东5注，共7注。,"07,08,16,17,18,30",01,2716368081,7,6673652,220,213010,1747,3000,88928,200,1634472,10
2026018,2026-02-10(二),内蒙古1注，上海1注，浙江1注，重庆1注，四川1注，云南1注，共6注。,"11,15,17,22,25,30",07,2751368081,6,5577851,82,169127,2193,3000,102130,200,1589402,10
2026017,2026-02-08(日),天津1注，河北1注，山西1注，江苏1注，安徽1注，湖南1注，共6注。,"01,03,05,18,29,32",04,2781368081,6,6934706,130,357176,1302,3000,72114,200,1456447,10
2026016,2026-02-05(四),河北1注，浙江1注，安徽1注，山东1注，河南2注，四川1注，深圳1注，共8注。,"04,05,09,10,27,30",13,2811368081,8,5687274,247,89039,2081,3000,107626,200,1834313,10
2026015,2026-02-03(二),浙江2注，湖北1注，贵州1注，新疆1注，共5注。,"07,10,13,22,27,31",12,2851368081,5,7580431,148,348706,1224,3000,61054,200,1173078,10
2026014,2026-02-01(日),北京1注，辽宁2注，吉林1注，上海1注，安徽1注，广东11注，共17注。,"07,13,19,22,26,32",01,2876368081,17,5882352,201,299554,1062,3000,61368,200,1232531,10
2026013,2026-01-29(四),重庆1注，广东1注，四川1注，云南1注，新疆1注，共5注。,"04,09,12,13,16,20",01,2961315457,5,9433203,103,269005,1162,3000,62845,200,1265780,10
2026012,2026-01-27(二),河北1注，安徽1注，山东2注，云南4注，共8注。,"03,05,07,16,20,24",08,2925358915,8,6799445,65,276837,1940,3000,87635,200,1462672,10
2026011,2026-01-25(日),江苏1注，广东1注，广西1注，共3注。,"02,03,04,20,31,32",04,2925771107,3,10000000,77,388911,1121,3000,56163,200,1151825,10
2026010,2026-01-22(四),山西2注，辽宁4注，黑龙江1注，浙江2注，福建1注，山东1注，广东1注，云南2注，甘肃2注，宁夏1注，新疆2注，共19注。,"04,09,10,15,19,26",12,2865932466,19,5702151,223,74780,6037,3000,119377,200,1868556,10
2026009,2026-01-20(二),河北1注，山西1注，内蒙古2注，山东1注，广西1注，四川1注，贵州1注，宁夏1注，共9注。,"03,06,13,19,23,25",10,2924245047,9,6911676,276,77921,2291,3000,98381,200,1549642,10
2026008,2026-01-18(日),河北2注，重庆1注，湖北1注，湖南1注，宁夏1注，共6注。,"06,09,16,27,31,33",10,2921931052,6,8725252,107,261115,1272,3000,70493,200,1403571,10
2026007,2026-01-15(四),辽宁1注，黑龙江1注，浙江1注，安徽1注，河南1注，湖南1注，陕西1注，共7注。,"09,13,19,27,29,30",01,2890464389,7,7349262,149,137960,1663,3000,91655,200,1684901,10
2026006,2026-01-13(二),山东2注，共2注。,"02,06,22,23,24,28",15,2880241083,2,10000000,147,178496,1153,3000,68159,200,1347562,10
2026005,2026-01-11(日),浙江1注，重庆1注，广东1注，云南1注，共4注。,"01,20,22,27,30,33",10,2821524165,4,10000000,66,400264,1181,3000,60182,200,1198076,10
2026004,2026-01-08(四),浙江2注，湖南1注，新疆1注，共4注。,"03,07,08,09,18,32",10,2782271788,4,8704419,128,144703,1988,3000,104550,200,1818555,10
2026003,2026-01-06(二),重庆1注，四川1注，甘肃1注，共3注。,"05,06,09,21,28,30",16,2761523177,3,10000000,130,190247,1045,3000,65427,200,1295963,10
2026002,2026-01-04(日),上海2注，江苏1注，浙江1注，福建1注，山东1注，河南1注，湖北2注，广东2注，甘肃1注，共12注。,"01,05,07,18,30,32",02,2717326577,12,6797096,119,226524,1392,3000,76551,200,1548629,10
2026001,2026-01-01(四),河北1注，上海2注，江苏1注，共4注。,"02,06,11,12,13,33",15,2718022399,4,9520395,154,146766,1440,3000,69624,200,1298354,10
2025151,2025-12-30(二),内蒙古1注，辽宁1注，上海1注，安徽1注，河南1注，新疆1注，共6注。,"08,09,14,22,28,30",04,2688298050,6,7732391,125,163943,1895,3000,86417,200,1586463,10
2025150,2025-12-28(日),浙江2注，安徽1注，福建1注，广西1注，云南2注，共7注。,"06,13,17,19,24,31",08,2673213583,7,7756937,208,115976,1622,3000,86807,200,1551399,10
2025149,2025-12-25(四),北京1注，河北6注，辽宁1注，浙江1注，安徽1注，山东2注，云南1注，共13注。,"01,02,04,06,22,30",10,2655142533,13,6418616,130,177327,1280,3000,68720,200,1336474,10
2025148,2025-12-23(二),北京1注，河北2注，山西1注，辽宁1注，上海2注，江苏1注，共8注。,"03,04,09,10,15,22",16,2669426999,8,7480485,139,178452,1239,3000,71531,200,1395510,10
2025147,2025-12-21(日),山西1注，内蒙古2注，江苏1注，福建3注，江西10注，山东1注，广东1注，四川1注，贵州1注，共21注。,"01,03,05,08,22,33",08,2654856315,21,5719540,118,160067,2089,3000,96407,200,1636309,10
2025146,2025-12-18(四),辽宁1注，吉林1注，浙江2注，安徽1注，江西1注，山东1注，广东1注，陕西1注，共9注。,"05,07,12,24,26,28",02,2718302859,9,7076977,192,121697,1652,3000,83020,200,1535060,10
2025145,2025-12-16(二),浙江3注，福建10注，甘肃1注，宁夏1注，共15注。,"11,12,15,18,25,32",14,2711897665,15,6220919,89,257216,1156,3000,65518,200,1295710,10
2025144,2025-12-14(日),浙江5注，安徽1注，湖南1注，广东2注，云南1注，陕西1注，新疆1注，深圳6注，共18注。,"01,08,15,20,26,33",13,2736534730,18,6211544,180,151443,1325,3000,61198,200,1156361,10
2025143,2025-12-11(四),辽宁2注，福建1注，广东1注，西藏3注，共7注。,"02,09,12,13,15,24",03,2766563293,7,8038443,81,328226,1000,3000,58079,200,1152516,10
2025142,2025-12-09(二),广东1注，海南1注，贵州1注，共3注。,"02,13,15,23,27,31",16,2743073255,3,10000000,79,317297,888,3000,49625,200,1006681,10
2025141,2025-12-07(日),北京1注，山西2注，江苏1注，安徽1注，江西1注，广东3注，深圳1注，共10注。,"02,04,05,10,12,13",06,2697873796,10,7082448,112,232416,1996,3000,83417,200,1510557,10
2025140,2025-12-04(四),湖北3注，四川1注，共4注。,"01,03,04,12,18,24",05,2690606470,4,9980899,126,197654,1187,3000,72790,200,1422923,10
2025139,2025-12-02(二),安徽1注，山东1注，广东1注，共3注。,"02,05,17,22,30,33",06,2655816573,3,10000000,142,154433,1644,3000,78164,200,1434432,10
2025138,2025-11-30(日),吉林1注，山东1注，共2注。,"10,13,14,23,24,27",15,2620027948,2,10000000,78,326226,1240,3000,64617,200,1281057,10
2025137,2025-11-27(四),浙江5注，福建3注，河南1注，湖北2注，青海1注，共12注。,"02,08,11,23,27,29",05,2563690940,12,6227322,114,161489,1938,3000,88177,200,1527126,10
2025136,2025-11-25(二),河北20注，黑龙江1注，浙江1注，重庆18注，湖南1注，广东1注，广西1注，共43注。,"08,10,14,23,28,32",12,2583189299,43,5467124,101,248593,1463,3000,73128,200,1355765,10
2025135,2025-11-23(日),河北1注，重庆2注，河南2注，青海1注，新疆1注，共7注。,"01,02,05,09,25,32",10,2742951835,7,7811499,104,236544,1711,3000,79047,200,1478887,10
2025134,2025-11-20(四),北京1注，河北1注，江苏2注，山东1注，湖北1注，海南1注，贵州2注，陕西1注，甘肃1注，新疆1注，共12注。,"03,05,09,13,26,29",12,2723830474,12,6386866,123,169130,2176,3000,97021,200,1723573,10
2025133,2025-11-18(二),北京1注，河北2注，江苏1注，福建1注，河南1注，湖南3注，四川2注，贵州5注，云南2注，甘肃2注，新疆1注，共21注。,"05,14,17,19,20,33",07,2738063876,21,5571098,148,101292,2218,3000,108070,200,1824512,10
2025132,2025-11-16(日),上海1注，江苏1注，浙江1注，山东1注，河南1注，四川3注，共8注。,"04,08,10,21,23,32",11,2810082951,8,7322334,135,172024,1717,3000,82327,200,1500137,10
2025131,2025-11-13(四),山西2注，内蒙古1注，山东1注，广东1注，贵州1注，陕西1注，宁夏1注，共8注。,"03,13,14,18,24,31",03,2798991596,8,7835944,98,289382,1350,3000,69138,200,1292195,10
2025130,2025-11-11(二),内蒙古1注，辽宁1注，上海3注，江苏2注，浙江1注，安徽1注，山东1注，重庆1注，云南1注，宁夏1注，新疆1注，共14注。,"01,05,08,14,19,23",06,2776600809,14,5638811,183,61088,3882,3000,161631,200,2186690,10
2025129,2025-11-09(日),天津1注，河北6注，山西1注，江苏2注，山东1注，湖北1注，广东2注，青海1注，深圳1注，共16注。,"03,04,07,13,20,30",03,2822006563,16,6390891,194,143390,1749,3000,87230,200,1599003,10
2025128,2025-11-06(四),山西1注，内蒙古2注，浙江1注，安徽1注，福建1注，云南1注，共7注。,"02,10,18,19,24,27",01,2840807340,7,6365206,142,84123,2763,3000,118145,200,1971684,10
2025127,2025-11-04(二),山西1注，广东2注，贵州3注，陕西1注，新疆1注，共8注。,"03,09,15,17,19,28",03,2849527123,8,6934963,128,151169,1663,3000,93346,200,1635708,10
2025126,2025-11-02(日),浙江1注，山东2注，河南1注，广东1注，四川1注，深圳1注，共7注。,"02,12,13,16,19,25",10,2846957929,7,8140985,100,274836,1242,3000,62443,200,1241700,10
2025125,2025-10-30(四),北京1注，辽宁2注，黑龙江1注，上海1注，山东1注，湖北1注，广西1注，四川5注，云南2注，陕西1注，深圳1注，共17注。,"03,09,12,13,26,32",09,2821493961,17,5742924,248,63657,2630,3000,107611,200,1691804,10
2025124,2025-10-28(二),北京1注，上海1注，浙江2注，福建1注，山东2注，湖北1注，广东5注，西藏1注，共14注。,"01,02,18,19,21,33",13,2871762236,14,6708770,154,194178,882,3000,44988,200,953916,10
2025123,2025-10-26(日),北京1注，河北1注，江苏2注，山东1注，广西2注，四川2注，陕西1注，新疆1注，共11注。,"07,09,23,24,25,26",10,2875974569,11,6848170,166,153086,1616,3000,88393,200,1469050,10
2025122,2025-10-23(四),吉林1注，浙江1注，重庆1注，广东2注，甘肃1注，共6注。,"16,18,19,20,25,31",13,2875067397,6,8503343,151,174007,1203,3000,61544,200,1213698,10
2025121,2025-10-21(二),河北2注，上海1注，安徽2注，湖南1注，四川1注，贵州1注，云南1注，甘肃2注，青海1注，深圳1注，共13注。,"06,08,10,25,29,30",08,2847262236,13,5876512,174,81858,2896,3000,129625,200,2017731,10
2025120,2025-10-19(日),云南1注，共1注。,"01,02,04,07,13,32",07,2880926922,1,10000000,47,508032,1125,3000,62989,200,1262837,10
2025119,2025-10-16(四),上海1注，福建2注，河南2注，湖南1注，广东2注，云南2注，西藏1注，共11注。,"06,09,23,26,28,32",11,2819294293,11,6119693,564,27297,2451,3000,106216,200,1685186,10
2025118,2025-10-14(二),河北1注，黑龙江1注，浙江1注，河南1注，湖南1注，四川1注，共6注。,"01,10,11,16,24,26",03,2840423562,6,8065036,80,287347,1463,3000,72833,200,1331036,10
2025117,2025-10-12(日),内蒙古2注，江苏3注，山东2注，重庆1注，贵州1注，共9注。,"06,08,17,20,25,33",10,2819850462,9,7503776,177,159138,1391,3000,70040,200,1374534,10
2025116,2025-10-09(四),上海1注，浙江1注，新疆1注，共3注。,"02,04,08,24,28,31",09,2802882002,3,7424040,62,146615,1900,3000,92373,200,1584599,10
2025115,2025-10-07(二),北京1注，河北1注，重庆3注，河南5注，广东2注，广西20注，贵州1注，西藏1注，深圳5注，共39注。,"02,03,08,19,24,30",02,2797883669,39,5465649,604,37583,2006,3000,91954,200,1426754,10
2025114,2025-10-05(日),河北1注，重庆1注，湖南1注，广东1注，四川2注，甘肃1注，共7注。,"01,20,21,25,26,27",10,2942942799,7,7433630,87,244761,890,3000,46810,200,922282,10
2025113,2025-09-30(二),江苏1注，广东1注，云南1注，新疆1注，共4注。,"08,10,13,15,24,31",16,2931095408,4,10000000,122,242380,1080,3000,59305,200,1204731,10
2025112,2025-09-28(日),北京1注，上海3注，共4注。,"03,09,11,13,20,32",02,2882384020,4,10000000,118,213163,1430,3000,81722,200,1532442,10
2025111,2025-09-25(四),上海1注，浙江1注，湖南1注，宁夏1注，共4注。,"09,14,18,28,31,33",12,2846924292,4,9473106,67,333813,1272,3000,65496,200,1215825,10
2025110,2025-09-23(二),河北1注，江苏1注，浙江2注，福建2注，共6注。,"01,05,11,14,16,19",08,2817720121,6,7963794,67,331768,1149,3000,60016,200,1219396,10
2025109,2025-09-21(日),江苏1注，河南1注，湖南4注，广西5注，西藏1注，共12注。,"05,06,09,17,18,31",03,2798817511,12,6182854,190,93383,2567,3000,121553,200,2052721,10
2025108,2025-09-18(四),北京1注，广东2注，四川1注，云南1注，共5注。,"01,09,14,17,22,33",07,2819783316,5,8303235,129,160040,1398,3000,76103,200,1347881,10
2025107,2025-09-16(二),天津1注，山东1注，湖南1注，共3注。,"02,03,10,15,25,33",13,2799363828,3,10000000,144,173697,1334,3000,65506,200,1233556,10
2025106,2025-09-14(日),黑龙江1注，上海2注，福建3注，山东1注，湖南1注，共8注。,"04,05,17,22,26,30",04,2754326369,8,7761349,265,104201,1402,3000,70134,200,1286771,10
2025105,2025-09-11(四),北京1注，福建1注，山东1注，湖北1注，新疆1注，共5注。,"04,07,18,24,26,28",08,2733576679,5,7802184,160,109460,1823,3000,94917,200,1570480,10
2025104,2025-09-09(二),云南2注，共2注。,"02,05,15,16,24,32",16,2720046642,2,10000000,138,204798,838,3000,53735,200,1072945,10
2025103,2025-09-07(日),河北1注，江西1注，四川1注，共3注。,"13,16,21,25,28,31",16,2655260007,3,10000000,116,282173,771,3000,44557,200,970774,10
2025102,2025-09-04(四),河北1注，山西1注，内蒙古1注，江苏1注，浙江6注，安徽1注，陕西1注，共12注。,"04,09,16,17,18,31",07,2587063782,12,5969509,136,106931,2400,3000,99222,200,1592915,10
2025101,2025-09-02(二),河北1注，内蒙古1注，浙江1注，广东2注，共5注。,"05,08,09,10,16,21",05,2615069983,5,8116321,107,182028,1900,3000,94510,200,1620231,10
2025100,2025-08-31(日),北京1注，黑龙江1注，江苏1注，山东2注，广东6注，共11注。,"12,16,17,25,30,31",16,2597220563,11,7099632,107,269812,1110,3000,59088,200,1209679,10
2025099,2025-08-28(四),江苏1注，河南1注，共2注。,"09,11,15,17,22,26",14,2588706689,2,10000000,155,193182,1018,3000,54648,200,1169699,10
2025098,2025-08-26(二),河北1注，山西1注，内蒙古1注，上海1注，浙江1注，安徽1注，福建1注，山东2注，重庆1注，湖北3注，湖南1注，广东5注，广西1注，宁夏2注，共22注。,"05,08,13,17,18,29",02,2518876889,22,5510882,269,52227,3274,3000,131148,200,1962611,10
2025097,2025-08-24(日),宁夏1注，深圳1注，共2注。,"03,05,16,23,26,31",14,2597968523,2,10000000,178,161344,921,3000,58945,200,1244528,10
2025096,2025-08-21(四),广东1注，共1注。,"07,09,11,12,16,29",15,2531810580,1,10000000,165,148472,1273,3000,78084,200,1489125,10
2025095,2025-08-19(二),北京2注，黑龙江1注，山东2注，湖北1注，云南1注，新疆1注，共8注。,"15,16,22,23,26,32",04,2468316703,8,7368773,78,303688,1751,3000,65043,200,1183058,10
2025094,2025-08-17(日),北京1注，上海1注，安徽2注，山东1注，重庆1注，广西1注，陕西1注，共8注。,"11,13,17,19,23,29",16,2456203693,8,7778083,196,141738,1167,3000,60717,200,1180957,10
2025093,2025-08-14(四),北京1注，江苏3注，浙江1注，安徽1注，山东1注，河南2注，广东2注，深圳1注，共12注。,"09,11,12,24,25,26",10,2435085847,12,6161412,136,128096,2241,3000,89801,200,1488101,10
2025092,2025-08-12(二),辽宁1注，上海2注，安徽1注，广东1注，广西1注，陕西1注，共7注。,"02,11,14,17,23,24",12,2456759248,7,7508266,110,199521,2335,3000,77648,200,1336930,10
2025091,2025-08-10(日),吉林1注，上海2注，浙江1注，重庆1注，湖南3注，共8注。,"03,04,17,19,25,27",14,2443475122,8,7525259,114,221513,1482,3000,72866,200,1433351,10
2025090,2025-08-07(四),黑龙江1注，上海1注，河南2注，湖北40注，湖南3注，广东1注，云南2注，新疆1注，共51注。,"06,11,12,21,27,28",15,2427919422,51,5406061,197,131403,1623,3000,74536,200,1392709,10
2025089,2025-08-05(二),浙江1注，福建2注，云南1注，新疆1注，共5注。,"04,06,08,18,31,33",05,2625969286,5,8555036,82,270963,1309,3000,67216,200,1293962,10
2025088,2025-08-03(日),上海1注，浙江1注，安徽1注，甘肃1注，共4注。,"01,03,13,18,21,25",06,2602087534,4,10000000,68,404098,1049,3000,57649,200,1285134,10
2025087,2025-07-31(四),福建1注，江西1注，广东1注，共3注。,"02,06,14,15,24,26",08,2559651509,3,9688475,105,167445,1642,3000,77961,200,1354571,10
2025086,2025-07-29(二),黑龙江1注，上海2注，浙江1注，山东2注，河南1注，湖南3注，甘肃5注，青海1注，共16注。,"02,06,08,10,17,24",06,2535971590,16,5994098,118,168491,1660,3000,83526,200,1422037,10
2025085,2025-07-27(日),广东1注，云南11注，陕西5注，共17注。,"11,14,15,18,21,24",13,2572231246,17,6339546,93,306079,847,3000,46701,200,983135,10
2025084,2025-07-24(四),北京1注，内蒙古2注，重庆1注，云南1注，深圳1注，共6注。,"06,08,10,14,24,33",15,2594607446,6,8609555,120,225597,1100,3000,55779,200,1079023,10
2025083,2025-07-22(二),浙江1注，山东1注，河南1注，湖北1注，湖南1注，广东1注，四川1注，深圳1注，共8注。,"10,15,16,17,27,29",12,2565049782,8,7106890,145,145302,1626,3000,79044,200,1378454,10
2025082,2025-07-20(日),浙江1注，江西1注，山东1注，云南1注，共4注。,"04,06,09,14,32,33",11,2558698192,4,9506526,120,187771,1587,3000,76384,200,1428721,10
2025081,2025-07-17(四),浙江2注，广东2注，四川1注，青海1注，共6注。,"03,06,18,20,23,28",05,2529126398,6,8415835,149,171938,1441,3000,69116,200,1384259,10
2025080,2025-07-15(二),北京1注，内蒙古1注，江苏1注，安徽1注，湖北1注，广东2注，广西2注，四川2注，云南1注，新疆1注，共13注。,"03,07,08,10,16,19",05,2502765112,13,6390774,180,125556,1841,3000,89676,200,1629711,10
2025079,2025-07-13(日),浙江2注，广东3注，云南1注，共6注。,"08,11,14,15,30,32",05,2518044933,6,8447936,107,241677,943,3000,55057,200,1173320,10
2025078,2025-07-10(四),共0注。,"06,15,17,30,32,33",14,2491153983,0,0,111,237198,883,3000,54915,200,1046565,10
2025077,2025-07-08(二),河北2注，内蒙古1注，安徽2注，湖南2注，广西1注，四川1注，共9注。,"04,07,08,15,20,21",15,2412167034,9,7448353,153,180025,1384,3000,66249,200,1300197,10
2025076,2025-07-06(日),广东1注，云南3注，共4注。,"02,06,09,12,14,30",08,2396570293,4,7403293,189,63579,2004,3000,104084,200,1799565,10
2025075,2025-07-03(四),辽宁1注，江苏2注，江西1注，河南1注，湖北1注，湖南2注，广东3注，四川1注，共12注。,"10,12,14,19,20,21",15,2390134063,12,6293619,175,110881,1792,3000,88849,200,1480052,10
2025074,2025-07-01(二),北京1注，山西1注，内蒙古1注，浙江1注，山东1注，共5注。,"03,04,12,20,32,33",13,2407444608,5,9211242,78,337439,1220,3000,62814,200,1145553,10
2025073,2025-06-29(日),辽宁1注，上海3注，江苏1注，安徽1注，江西2注，重庆2注，广东3注，广西1注，四川3注，云南2注，共19注。,"02,07,10,27,30,33",11,2374540018,19,5914846,164,132485,2984,3000,105599,200,1627484,10
2025072,2025-06-26(四),河北1注，山东1注，湖南5注，深圳1注，共8注。,"02,14,17,25,27,29",05,2421739287,8,7489467,121,205741,1247,3000,63197,200,1229062,10
2025071,2025-06-24(二),河北1注，浙江1注，广东1注，共3注。,"01,12,18,23,25,28",07,2406971013,3,10000000,110,196923,1495,3000,80907,200,1362609,10
2025070,2025-06-22(日),内蒙古1注，广东2注，广西1注，深圳1注，共5注。,"02,03,15,21,22,33",06,2371986371,5,8940684,219,112462,1494,3000,73717,200,1378279,10
2025069,2025-06-19(四),内蒙古1注，广东1注，深圳1注，共3注。,"02,04,19,23,27,30",05,2342801953,3,10000000,93,293223,1056,3000,60452,200,1261956,10
2025068,2025-06-17(二),河北2注，辽宁1注，江苏1注，浙江3注，福建1注，山东5注，河南2注，广东5注，四川1注，贵州2注，陕西1注，共24注。,"05,07,08,19,20,31",07,2290992555,24,5500308,291,51578,3200,3000,133212,200,1959148,10
2025067,2025-06-15(日),山西1注，吉林4注，浙江2注，安徽1注，湖北1注，湖南1注，广东2注，宁夏1注，共13注。,"01,05,10,17,20,22",05,2377972199,13,6200625,157,124268,2103,3000,96403,200,1671213,10
2025066,2025-06-12(四),山西2注，上海2注，重庆1注，河南1注，广东3注，深圳1注，共10注。,"06,22,24,27,28,30",04,2400049823,10,6441022,94,191625,1288,3000,74034,200,1432789,10
2025065,2025-06-10(二),江苏2注，广东1注，陕西1注，共4注。,"06,10,13,14,15,20",11,2410421705,4,8851267,106,181663,1337,3000,75636,200,1402861,10
2025064,2025-06-08(日),江苏1注，浙江2注，安徽1注，福建1注，江西4注，四川1注，共10注。,"02,10,13,22,29,33",16,2388057766,10,7204019,133,207144,1972,3000,78562,200,1336684,10
2025063,2025-06-05(四),福建1注，湖北10注，云南1注，共12注。,"02,19,21,22,28,30",01,2377447244,12,7110664,77,411168,617,3000,45795,200,1009501,10
2025062,2025-06-03(二),山西1注，辽宁1注，吉林1注，广东2注，云南1注，共6注。,"06,08,09,13,25,31",14,2367795314,6,8384899,115,220754,1524,3000,68272,200,1392454,10
2025061,2025-06-01(日),黑龙江1注，浙江2注，福建1注，湖南1注，广东1注，共6注。,"06,07,09,10,11,32",09,2341944468,6,7568637,134,143766,1762,3000,95146,200,1664211,10
2025060,2025-05-29(四),河北1注，江苏1注，共2注。,"06,14,18,25,28,30",01,2329561958,2,10000000,149,186489,1000,3000,55241,200,1177362,10
2025059,2025-05-27(二),北京1注，福建1注，云南1注，深圳1注，共4注。,"04,10,11,12,13,24",01,2266201070,4,9759733,220,108175,1527,3000,73498,200,1322736,10
2025058,2025-05-25(日),北京1注，河北1注，吉林2注，浙江1注，安徽1注，山东1注，河南1注，四川2注，共10注。,"02,06,07,09,10,20",06,2233844001,10,6759537,225,97752,2348,3000,105883,200,1792344,10
2025057,2025-05-22(四),河北3注，内蒙古1注，吉林2注，江苏2注，浙江4注，重庆1注，河南1注，湖北2注，广西1注，四川2注，贵州1注，甘肃1注，新疆1注，共22注。,"04,09,15,16,25,30",14,2235456730,22,5814433,869,25773,2738,3000,117837,200,1746457,10
2025056,2025-05-20(二),北京1注，浙江1注，湖北1注，广东3注，云南1注，共7注。,"01,02,10,14,28,31",03,2296183528,7,7790128,81,301402,1137,3000,61590,200,1182357,10
2025055,2025-05-18(日),上海1注，广东2注，共3注。,"02,05,22,27,29,33",12,2277473550,3,10000000,67,411621,1261,3000,67438,200,1298875,10
2025054,2025-05-15(四),上海1注，共1注。,"05,07,10,21,24,27",16,2224737559,1,10000000,176,163217,900,3000,58419,200,1223035,10
2025053,2025-05-13(二),辽宁1注，浙江1注，河南1注，广东1注，甘肃1注，共5注。,"06,09,10,13,30,33",07,2148558912,5,8240120,100,202507,1416,3000,84745,200,1487637,10
2025052,2025-05-11(日),内蒙古1注，辽宁1注，吉林1注，上海1注，江苏2注，浙江1注，江西1注，山东1注，重庆1注，河南1注，湖南2注，广东3注，四川1注，陕西5注，青海2注，深圳3注，共27注。,"06,07,10,17,20,26",09,2129007256,27,5520724,161,109158,2736,3000,111862,200,1854327,10
2025051,2025-05-08(四),河北1注，江苏3注，安徽1注，山东2注，广西5注，共12注。,"01,02,03,04,17,22",01,2225343467,12,6678989,194,129818,1710,3000,75793,200,1327240,10
2025050,2025-05-06(二),河北3注，上海1注，浙江1注，湖南2注，甘肃5注，新疆2注，深圳1注，共15注。,"09,12,15,18,22,33",16,2229936825,15,6373049,140,183890,1298,3000,65233,200,1269029,10
2025049,2025-05-04(日),辽宁1注，吉林1注，上海1注，江苏1注，浙江1注，湖南1注，广东3注，贵州1注，共10注。,"03,06,19,27,29,33",11,2248298531,10,6194553,130,114860,3250,3000,123288,200,1759803,10
2025048,2025-05-01(四),北京1注，共1注。,"16,21,22,23,27,31",10,2265448315,1,10000000,57,376639,849,3000,46890,200,931344,10
2025047,2025-04-29(二),江西1注，广东2注，陕西1注，共4注。,"01,14,21,22,23,31",12,2211042881,4,10000000,174,152770,929,3000,47377,200,1005016,10
2025046,2025-04-27(日),内蒙古1注，浙江1注，山东2注，重庆1注，广东1注，共6注。,"02,03,10,16,29,33",01,2171296641,6,9453057,77,433739,881,3000,49064,200,1024122,10
2025045,2025-04-24(四),内蒙古1注，共1注。,"02,14,19,24,29,33",13,2127821193,1,10000000,68,439210,947,3000,51350,200,1022272,10
2025044,2025-04-22(二),内蒙古1注，上海3注，江苏2注，浙江3注，安徽1注，西藏1注，共11注。,"02,03,07,08,14,28",11,2048222162,11,6794761,123,200633,1709,3000,81739,200,1526172,10
2025043,2025-04-20(日),黑龙江1注，山东4注，河南1注，湖北1注，深圳1注，共8注。,"03,12,16,19,20,32",13,2048930620,8,7088604,133,157037,1710,3000,91403,200,1637835,10
2025042,2025-04-17(四),北京1注，河北1注，浙江1注，海南1注，共4注。,"07,13,19,23,27,33",12,2042981318,4,10000000,169,158989,1227,3000,69426,200,1305669,10
2025041,2025-04-15(二),辽宁1注，浙江1注，安徽1注，河南1注，广东1注，四川2注，新疆1注，共8注。,"06,10,17,19,25,31",06,2002373802,8,6972893,114,173060,1876,3000,89096,200,1543077,10
2025040,2025-04-13(日),北京1注，天津1注，河北1注，山西1注，内蒙古1注，辽宁1注，江苏24注，浙江1注，安徽1注，河南1注，新疆1注，共34注。,"02,06,08,09,10,24",11,1998970150,34,5493186,170,123296,2214,3000,97370,200,1685114,10
2025039,2025-04-10(四),河北1注，江苏1注，浙江1注，广东2注，共5注。,"08,10,12,15,17,23",11,2122857171,5,8314352,111,186618,1622,3000,83582,200,1512755,10
2025038,2025-04-08(二),江苏2注，浙江1注，广东1注，四川1注，贵州1注，西藏1注，共7注。,"06,19,20,23,26,33",09,2102284821,7,6616319,119,118847,2294,3000,87980,200,1485061,10
2025037,2025-04-06(日),天津1注，河北2注，江苏2注，浙江2注，江西1注，山东1注，湖北1注，共10注。,"03,06,11,20,21,31",02,2106170670,10,7139219,160,167126,1726,3000,87590,200,1529706,10
2025036,2025-04-03(四),河北1注，福建1注，云南1注，共3注。,"05,11,13,16,19,32",07,2097342123,3,10000000,82,269951,1140,3000,66146,200,1332523,10
2025035,2025-04-01(二),北京1注，辽宁1注，黑龙江1注，浙江1注，福建1注，广东1注，共6注。,"01,08,16,18,25,31",01,2060934078,6,8732214,141,198522,1335,3000,71436,200,1292714,10
2025034,2025-03-30(日),浙江3注，山东2注，湖南1注，广东1注，甘肃1注，共8注。,"05,08,13,14,24,26",12,2029352539,8,7066451,163,126776,2245,3000,96567,200,1550399,10
2025033,2025-03-27(四),北京1注，黑龙江1注，江苏3注，湖南2注，广东1注，广西1注，陕西1注，深圳1注，共11注。,"03,05,18,25,26,33",08,2023890601,11,6214385,101,165324,1971,3000,96559,200,1630694,10
2025032,2025-03-25(二),广东2注，广西1注，贵州1注，陕西1注，深圳1注，共6注。,"03,08,10,14,16,21",03,2042155440,6,7944765,227,97294,1636,3000,83302,200,1500842,10
2025031,2025-03-23(日),河北1注，辽宁2注，上海1注，浙江2注，江西1注，山东1注，四川1注，陕西2注，深圳7注，共18注。,"01,05,06,08,23,28",01,2023566815,18,6040821,186,125905,2262,3000,108959,200,1838858,10
2025030,2025-03-20(四),北京1注，上海1注，浙江1注，安徽1注，山东1注，共5注。,"04,06,07,30,31,33",06,2062046163,5,9287344,113,237131,1153,3000,62361,200,1238181,10
2025029,2025-03-18(二),北京1注，河北1注，黑龙江3注，安徽4注，湖北1注，新疆1注，共11注。,"05,15,16,25,30,33",16,2028095174,11,7159104,146,203340,1233,3000,60967,200,1153022,10
2025028,2025-03-16(日),陕西1注，共1注。,"04,09,14,15,18,25",15,2017782256,1,10000000,154,193255,2016,3000,82749,200,1567042,10
2025027,2025-03-13(四),河北1注，辽宁3注，江苏1注，福建2注，江西1注，山东1注，河南1注，广东1注，广西1注，云南1注，共13注。,"05,07,08,15,16,23",06,1938498165,13,6419699,211,109337,2394,3000,103200,200,1749804,10
2025026,2025-03-11(二),辽宁1注，江苏1注，浙江1注，河南1注，广东2注，甘肃1注，共7注。,"09,10,12,14,19,32",07,1952743893,7,7683139,66,355719,1482,3000,75787,200,1480233,10
2025025,2025-03-09(日),浙江2注，重庆1注，湖南1注，广西1注，深圳1注，共6注。,"12,15,21,23,25,30",02,1936093458,6,8975261,91,327631,1211,3000,67743,200,1409328,10
2025024,2025-03-06(四),浙江1注，福建1注，山东1注，河南2注，贵州1注，共6注。,"10,11,22,27,30,32",15,1900501646,6,8868303,169,171670,1339,3000,79595,200,1612528,10
2025023,2025-03-04(二),内蒙古1注，辽宁1注，安徽1注，山东3注，广东3注，四川1注，陕西1注，共11注。,"09,12,13,24,25,33",07,1866674645,11,6103914,169,89815,2448,3000,111177,200,1661530,10
2025022,2025-03-02(日),江苏1注，广东1注，云南1注，深圳1注，共4注。,"11,17,18,20,28,30",10,1888281245,4,10000000,80,372332,1514,3000,83445,200,1634154,10
2025021,2025-02-27(四),上海20注，陕西1注，共21注。,"07,08,16,18,25,32",14,1838921415,21,6057831,226,122867,1264,3000,75373,200,1463325,10
2025020,2025-02-25(二),河北3注，上海1注，浙江1注，山东1注，湖南1注，广东1注，贵州1注，云南2注，共11注。,"04,11,13,16,26,30",15,1882831619,11,6958943,317,84969,2196,3000,101971,200,1810635,10
2025019,2025-02-23(日),湖南1注，贵州1注，云南1注，深圳2注，共5注。,"05,13,17,18,22,23",11,1878573590,5,9446148,168,165407,1559,3000,87292,200,1707522,10
2025018,2025-02-20(四),黑龙江1注，上海2注，江苏2注，山东5注，重庆1注，河南1注，四川2注，共14注。,"03,09,18,21,28,29",11,1842439055,14,6438850,149,168992,1506,3000,80177,200,1454403,10
2025017,2025-02-18(二),山西1注，安徽1注，广东2注，共4注。,"04,12,15,18,28,29",05,1857043294,4,10000000,115,226470,1407,3000,75880,200,1312263,10
2025016,2025-02-16(日),河北1注，辽宁1注，江苏1注，浙江1注，广东1注，云南1注，深圳1注，共7注。,"02,03,12,16,20,29",14,1818910823,7,8917598,162,211598,1002,3000,67323,200,1443747,10
2025015,2025-02-13(四),河北1注，辽宁2注，安徽2注，江西3注，山东2注，湖北2注，湖南2注，广东1注，广西3注，四川3注，贵州1注，云南1注，陕西2注，共25注。,"04,11,15,24,25,33",15,1778497050,25,5807839,344,73386,2152,3000,94886,200,1614261,10
2025014,2025-02-11(二),北京1注，河北1注，山西1注，内蒙古2注，辽宁2注，重庆1注，河南1注，深圳1注，共10注。,"06,07,09,13,21,27",05,1847958110,10,6143205,111,128739,2551,3000,103969,200,1788842,10
2025013,2025-02-09(日),山西2注，安徽1注，山东1注，湖北1注，广东1注，云南1注，陕西1注，共8注。,"04,14,16,23,24,30",14,1866519971,8,7973397,124,239790,1439,3000,72286,200,1314442,10
2025012,2025-02-06(四),浙江1注，安徽1注，江西1注，山东2注，甘肃1注，共6注。,"07,11,13,18,27,31",11,1841105218,6,8641191,132,206885,1369,3000,74999,200,1456065,10
2025011,2025-01-26(日),辽宁2注，江西1注，山东2注，广东1注，共6注。,"06,13,17,22,24,29",11,1811025553,6,9443761,202,164991,1703,3000,77892,200,1509228,10
2025010,2025-01-23(四),山东5注，广东30注，云南1注，甘肃2注，共38注。,"04,06,07,16,17,21",08,1767703481,38,5347610,129,127996,2019,3000,99661,200,1583454,10
2025009,2025-01-21(二),天津1注，江苏6注，浙江1注，湖南5注，四川1注，共14注。,"02,04,11,12,23,25",06,1921378198,14,6272287,334,66661,1959,3000,92256,200,1660491,10
2025008,2025-01-19(日),黑龙江1注，河南1注，共2注。,"09,14,16,17,25,33",11,1942395126,2,10000000,155,216873,943,3000,57489,200,1219175,10
2025007,2025-01-16(四),河北1注，广东1注，贵州1注，共3注。,"07,08,14,18,21,27",11,1861548871,3,10000000,113,197325,1491,3000,81101,200,1555819,10
2025006,2025-01-14(二),北京1注，河北2注，辽宁1注，上海2注，浙江1注，安徽1注，福建1注，重庆1注，湖南1注，广东1注，贵州1注，云南2注，宁夏1注，共16注。,"01,07,08,17,20,22",06,1824655469,16,6058887,328,64566,2045,3000,92604,200,1652258,10
2025005,2025-01-12(日),河北2注，福建3注，山东2注，湖南2注，广东1注，广西2注，陕西1注，共13注。,"10,16,19,27,28,30",09,1858064417,13,5996460,139,116492,2472,3000,111948,200,1856302,10
2025004,2025-01-09(四),黑龙江1注，浙江1注，山东1注，湖北1注，广东1注，陕西2注，新疆2注，共9注。,"03,07,17,27,29,32",04,1887440945,9,6908281,118,181933,2194,3000,106998,200,1747977,10
2025003,2025-01-07(二),江苏1注，浙江1注，福建1注，山东3注，深圳1注，共7注。,"10,19,20,26,28,29",15,1885210987,7,8424488,135,221957,1445,3000,68114,200,1386220,10
2025002,2025-01-05(日),北京1注，广东1注，共2注。,"09,12,13,15,22,26",11,1854289576,2,10000000,116,233876,1688,3000,96496,200,1862630,10
2025001,2025-01-02(四),内蒙古1注，江苏1注，湖南2注，广东101注，甘肃1注，青海1注，宁夏1注，共108注。,"02,03,17,18,22,33",16,1792900594,108,5234395,204,155114,1506,3000,85935,200,1512786,10
2024151,2024-12-31(二),北京1注，河北1注，江苏4注，浙江1注，河南6注，广东1注，共14注。,"05,10,16,19,29,32",04,2263285189,14,6744515,193,158181,1235,3000,73564,200,1454863,10
2024150,2024-12-29(日),河北1注，江西2注，四川2注，共5注。,"13,14,20,22,26,32",02,2266121359,5,10000000,63,512774,1171,3000,60503,200,1252340,10
2024149,2024-12-26(四),天津1注，江苏2注，福建1注，广东2注，共6注。,"03,09,16,17,18,22",16,2219207042,6,8684808,133,207789,1849,3000,95079,200,1738831,10
2024148,2024-12-24(二),吉林1注，黑龙江2注，上海1注，福建1注，江西1注，陕西1注，共7注。,"02,06,15,16,21,23",11,2188407705,7,8367239,85,346627,1468,3000,71372,200,1360226,10
2024147,2024-12-22(日),北京2注，浙江1注，山东2注，陕西1注，共6注。,"05,11,13,16,21,30",10,2158588347,6,8463788,120,216486,2075,3000,108510,200,1895554,10
2024146,2024-12-19(四),河北1注，吉林1注，黑龙江1注，江苏1注，浙江4注，安徽1注，福建5注，湖南1注，广东2注，四川2注，贵州2注，云南2注，陕西1注，共24注。,"02,04,11,22,27,32",10,2131435845,24,5730487,359,61043,3460,3000,129337,200,1983891,10
2024145,2024-12-17(二),北京1注，江苏2注，浙江1注，江西1注，山东1注，广西1注，海南1注，云南2注，新疆1注，共11注。其中一等奖特别奖为：北京1注，江苏2注，浙江1注，山东1注，广西1注，云南1注。,"01,03,16,22,23,30",03,2203223647,11,6873666,121,212916,2030,3000,94825,200,1713162,10
2024144,2024-12-15(日),北京2注，辽宁1注，江苏1注，安徽4注，河南1注，湖南4注，广东1注，四川1注，云南1注，甘肃1注，共17注。其中一等奖特别奖为：北京2注，辽宁1注，江苏1注，安徽4注，河南1注，湖南4注，广东1注，四川1注。,"02,09,11,17,20,30",11,2201545229,17,6315172,315,88721,2783,3000,119853,200,2020100,10
2024143,2024-12-12(四),天津1注，上海1注，湖南1注，广西1注，陕西2注，宁夏1注，深圳1注，共8注。其中一等奖特别奖为：天津1注，上海1注，湖南1注，广西1注，陕西1注，宁夏1注，深圳1注。,"02,05,11,22,30,33",10,2225060896,8,7936178,226,129919,1947,3000,101369,200,1852626,10
2024142,2024-12-10(二),辽宁1注，上海1注，山东2注，重庆1注，湖南3注，广东2注，广西1注，云南2注，宁夏1注，共14注。其中一等奖特别奖为：辽宁1注，上海1注，山东1注，重庆1注，湖南3注，宁夏1注。,"04,06,13,21,22,25",06,2200464970,14,5840382,178,82621,3247,3000,148966,200,2367157,10
2024141,2024-12-08(日),内蒙古10注，浙江2注，江西3注，云南5注，共20注。其中一等奖特别奖为：内蒙古10注，浙江2注，江西3注。,"01,02,07,15,24,29",12,2238110251,20,6385169,188,184198,1953,3000,90746,200,1670993,10
2024140,2024-12-05(四),河北1注，浙江1注，广东2注，四川1注，共5注。其中一等奖特别奖为：河北1注，广东2注。,"04,07,08,17,22,26",15,2261925902,5,9931134,180,171219,1524,3000,111548,200,1641137,10
2024139,2024-12-03(二),北京3注，上海1注，江西1注，四川4注，陕西1注，新疆1注，共11注。其中一等奖特别奖为：北京3注，上海1注，四川4注，陕西1注。,"15,16,20,22,23,29",14,2219122799,11,7433686,97,344981,1566,3000,79547,200,1617395,10
2024138,2024-12-01(日),吉林1注，黑龙江1注，江苏1注，福建2注，山东3注，河南1注，湖北1注，湖南2注，广东1注，四川2注，贵州1注，陕西3注，新疆1注，共20注。其中一等奖特别奖为：江苏1注，福建2注，山东2注，河南1注，湖北1注，四川2注，贵州1注，陕西2注。,"02,07,11,21,27,28",02,2200503777,20,6031367,307,83987,3576,3000,159303,200,2435475,10
2024137,2024-11-28(四),河北1注，内蒙古1注，辽宁2注，黑龙江1注，江苏1注，浙江4注，山东2注，河南2注，湖南3注，广西1注，四川3注，贵州1注，云南1注，陕西4注，甘肃1注，新疆2注，深圳40注，共70注。其中一等奖特别奖为：河北1注，浙江4注，山东1注，湖南3注，广西1注，四川2注，贵州1注，云南1注，陕西2注，甘肃1注，新疆1注，深圳40注。,"04,09,10,19,26,27",12,2243778557,70,5291924,855,29875,3255,3000,131908,200,2156482,10
2024136,2024-11-26(二),北京2注，吉林1注，江苏1注，浙江1注，福建1注，贵州1注，新疆1注，共8注。其中一等奖特别奖为：北京1注，吉林1注，江苏1注，福建1注，新疆1注。,"03,11,15,21,25,26",03,2537583064,8,7126819,131,162352,2545,3000,94643,200,1734497,10
2024135,2024-11-24(日),北京1注，内蒙古1注，浙江1注，安徽3注，广东1注，四川2注，云南1注，陕西2注，青海2注，深圳5注，共19注。其中一等奖特别奖为：安徽3注，广东1注，四川1注，青海2注，深圳5注。,"05,11,17,18,30,31",13,2530793029,19,6358348,256,126018,1931,3000,106171,200,1933966,10
2024134,2024-11-21(四),四川1注，陕西1注，共2注。,"02,04,13,16,18,20",16,2554819300,2,10000000,103,347603,943,3000,63684,200,1314458,10
2024133,2024-11-19(二),上海1注，浙江4注，山东1注，湖北2注，湖南1注，广东1注，四川2注，贵州1注，新疆1注，深圳8注，共22注。其中一等奖特别奖为：浙江1注，山东1注，湖北2注，湖南1注，深圳5注。,"01,11,15,27,30,33",01,2467409931,22,6215178,128,261073,1150,3000,62285,200,1185792,10
2024132,2024-11-17(日),浙江1注，河南1注，湖南1注，陕西2注，新疆1注，共6注。其中一等奖特别奖为：湖南1注，陕西2注，新疆1注。,"01,04,25,27,28,33",03,2503891643,6,9262921,87,367493,1265,3000,67252,200,1334257,10
2024131,2024-11-14(四),北京1注，河北1注，内蒙古1注，浙江2注，湖南1注，四川2注，陕西1注，甘肃1注，新疆1注，深圳4注，共15注。其中一等奖特别奖为：浙江2注，湖南1注，四川2注，陕西1注，甘肃1注，深圳4注。,"04,05,11,15,20,32",13,2463553435,15,6477046,236,117350,1894,3000,98942,200,1825874,10
2024130,2024-11-12(二),天津1注，辽宁1注，江苏1注，浙江2注，河南2注，广东1注，四川1注，共9注。其中一等奖特别奖为：天津1注，辽宁1注，浙江1注，河南2注，广东1注。,"01,08,12,17,19,24",16,2477625267,9,8258734,135,271561,1124,3000,68829,200,1475144,10
2024129,2024-11-10(日),浙江1注，安徽1注，河南1注，广东5注，四川5注，陕西3注，共16注。其中一等奖特别奖为：安徽1注，河南1注，广东5注，四川5注。,"09,10,13,19,24,32",01,2441971585,16,6564961,120,260826,1644,3000,89399,200,1682130,10
2024128,2024-11-07(四),辽宁1注，广东1注，共2注。其中一等奖特别奖为：辽宁1注。,"01,08,13,18,20,26",16,2453113294,2,10000000,118,275714,1109,3000,66999,200,1352038,10
2024127,2024-11-05(二),河北1注，湖南1注，广东1注，甘肃1注，青海1注，共5注。其中一等奖特别奖为：河北1注，湖南1注。,"02,05,13,20,27,32",10,2375510386,5,10000000,165,200294,1431,3000,73574,200,1420840,10
2024126,2024-11-03(日),天津1注，辽宁1注，黑龙江2注，江苏1注，浙江1注，河南1注，青海1注，共8注。其中一等奖特别奖为：天津1注，黑龙江2注，青海1注。,"14,18,23,24,26,33",10,2326364768,8,7899383,69,420200,1344,3000,69535,200,1338137,10
2024125,2024-10-31(四),浙江1注，山东3注，广西1注，西藏1注，陕西3注，共9注。,"01,04,13,18,26,30",03,2302578322,9,7049350,419,55024,1226,3000,65605,200,1150832,10
2024124,2024-10-29(二),吉林1注，上海1注，山东2注，共4注。,"02,14,15,17,25,30",11,2296856893,4,8675507,80,229719,1452,3000,74654,200,1318522,10
2024123,2024-10-27(日),安徽2注，江西2注，河南1注，广东1注，云南1注，共7注。,"02,15,22,26,30,33",04,2276426310,7,7811149,84,292828,1355,3000,64145,200,1205360,10
2024122,2024-10-24(四),北京1注，河北1注，上海1注，江苏1注，浙江2注，安徽1注，广东1注，陕西1注，深圳1注，共10注。,"05,07,09,16,17,29",15,2257311684,10,6842408,228,101009,1979,3000,90560,200,1636414,10
2024121,2024-10-22(二),北京5注，河北1注，辽宁1注，江苏1注，云南2注，深圳2注，共12注。,"01,07,10,13,27,33",03,2256645443,12,6509256,68,332924,1225,3000,57807,200,1127259,10
2024120,2024-10-20(日),上海3注，山东2注，河南1注，湖北2注，湖南3注，广东1注，广西1注，贵州1注，陕西1注，共15注。,"01,05,07,11,18,19",07,2266839986,15,5809161,183,82905,2774,3000,130570,200,1986254,10
2024119,2024-10-17(四),江苏1注，福建1注，广东1注，四川1注，共4注。,"02,09,26,27,31,32",14,2308462079,4,10000000,72,421211,624,3000,40908,200,932409,10
2024118,2024-10-15(二),内蒙古4注，安徽1注，共5注。,"02,03,04,06,11,15",14,2257480299,5,9295085,64,419441,835,3000,49522,200,1074107,10
2024117,2024-10-13(日),北京1注，河北1注，上海1注，云南1注，共4注。,"03,12,14,16,29,32",12,2223422878,4,9643552,113,205466,1856,3000,61973,200,1209226,10
2024116,2024-10-10(四),广东2注，共2注。,"01,15,20,22,31,32",03,2192343800,2,10000000,66,377266,975,3000,52991,200,1087020,10
2024115,2024-10-08(二),河北4注，吉林1注，浙江2注，安徽3注，福建5注，江西1注，山东2注，湖北1注，广东3注，四川1注，陕西1注，宁夏5注，共29注。,"03,10,11,19,27,28",07,2137644946,29,5193979,178,39504,3781,3000,134800,200,1918977,10
2024114,2024-10-06(日),吉林1注，上海1注，福建1注，广东1注，贵州1注，云南1注，共6注。,"07,11,18,24,27,32",04,2267175046,6,8359466,250,100783,1239,3000,64549,200,1244996,10
2024113,2024-09-29(日),广西1注，共1注。,"04,05,23,24,26,31",11,2241743848,1,10000000,65,352996,1148,3000,70319,200,1387196,10
2024112,2024-09-26(四),黑龙江2注，江苏1注，福建2注，重庆1注，河南1注，四川1注，陕西1注，共9注。,"08,11,16,25,29,32",03,2182909574,9,6945481,163,134274,1412,3000,70409,200,1224678,10
2024111,2024-09-24(二),河北2注，浙江1注，山东1注，重庆5注，河南1注，湖南1注，共11注。,"01,04,11,12,22,30",16,2179758898,11,6770241,178,136746,1208,3000,64345,200,1207690,10
2024110,2024-09-22(日),内蒙古1注，浙江1注，四川2注，共4注。,"04,13,17,23,25,33",14,2181209099,4,10000000,69,376070,864,3000,51240,200,1053322,10
2024109,2024-09-19(四),河北1注，江苏1注，安徽1注，湖北1注，湖南1注，广东1注，四川2注，甘肃1注，共9注。,"03,04,24,28,29,33",09,2143362495,9,6920631,72,300098,1078,3000,61377,200,1154106,10
2024108,2024-09-17(二),天津1注，浙江3注，安徽2注，山东1注，四川1注，共8注。,"01,08,09,23,24,30",08,2140826873,8,6743322,139,125418,1675,3000,78422,200,1347892,10
2024107,2024-09-15(日),北京1注，辽宁11注，上海1注，安徽1注，山东1注，四川3注，共18注。,"01,06,08,13,17,19",09,2142473782,18,5505283,90,126320,2526,3000,105581,200,1759468,10
2024106,2024-09-12(四),浙江2注，湖北1注，广东5注，广西2注，陕西1注，共11注。,"03,08,11,22,31,33",04,2207462227,11,6945786,208,128627,988,3000,65356,200,1254998,10
2024105,2024-09-10(二),安徽3注，山东1注，重庆1注，深圳1注，共6注。,"02,05,17,19,29,33",04,2203602195,6,7983113,62,360860,984,3000,60140,200,1115203,10
2024104,2024-09-08(日),河北1注，山西1注，内蒙古1注，吉林1注，安徽1注，江西2注，贵州1注，陕西1注，新疆1注，共10注。,"05,16,23,24,26,29",04,2184380821,10,6546611,206,93847,2798,3000,117720,200,1867451,10
2024103,2024-09-05(四),福建1注，河南1注，广东5注，四川1注，共8注。,"12,21,23,27,32,33",15,2191849007,8,7570038,115,223481,996,3000,52710,200,1018243,10
2024102,2024-09-03(二),北京1注，辽宁2注，广西1注，四川1注，共5注。,"09,15,18,21,22,25",01,2175308161,5,8500888,197,111068,2034,3000,90723,200,1582641,10
2024101,2024-09-01(日),江苏1注，浙江7注，河南2注，云南1注，共11注。,"08,12,15,17,19,30",08,2152170943,11,6191911,103,159114,2032,3000,92803,200,1574572,10
2024100,2024-08-29(四),上海1注，江苏1注，广东1注，共3注。,"13,14,19,20,27,30",05,2171115625,3,10000000,79,279912,1122,3000,66354,200,1237780,10
2024099,2024-08-27(二),浙江2注，安徽1注，湖北1注，湖南1注，云南1注，陕西1注，甘肃1注，深圳1注，共9注。,"04,12,17,24,26,27",16,2134776394,9,7097651,92,256506,1178,3000,58717,200,1165602,10
2024098,2024-08-25(日),天津1注，黑龙江1注，江苏2注，浙江1注，安徽1注，山东1注，河南2注，共9注。,"03,08,10,20,30,31",02,2127859521,9,7358066,171,155135,1618,3000,85849,200,1536851,10
2024097,2024-08-22(四),江苏1注，安徽1注，云南1注，共3注。,"04,10,12,13,18,30",03,2114497370,3,10000000,40,661419,1166,3000,51721,200,1080453,10
2024096,2024-08-20(二),江苏1注，浙江1注，山东1注，广东1注，共4注。,"02,04,14,18,23,27",13,2065127017,4,10000000,203,125916,1066,3000,55985,200,1117723,10
2024095,2024-08-18(日),北京1注，天津1注，内蒙古1注，吉林1注，浙江1注，山东6注，河南1注，湖北1注，湖南1注，广东1注，广西1注，陕西1注，共17注。,"04,06,09,14,16,21",03,2028443682,17,5582857,199,62239,3808,3000,166498,200,2230798,10
2024094,2024-08-15(四),北京3注，河北1注，内蒙古1注，辽宁2注，吉林1注，上海1注，江苏4注，浙江1注，安徽7注，福建1注，江西1注，山东1注，重庆1注，河南11注，湖北1注，湖南1注，广东2注，广西1注，四川4注，贵州1注，云南1注，陕西2注，宁夏1注，新疆5注，深圳2注，共57注。,"06,13,17,22,25,27",09,2086195097,57,5000000,273,6000,7854,3000,246758,200,2913586,10
2024093,2024-08-13(二),辽宁2注，江苏1注，广东1注，共4注。,"01,05,07,11,12,15",12,2371195097,4,10000000,148,170570,1216,3000,65606,200,1239977,10
2024092,2024-08-11(日),河北1注，内蒙古1注，吉林1注，上海2注，江苏1注，浙江1注，福建2注，江西1注，山东1注，四川3注，共14注。,"03,08,11,12,18,29",05,2335461640,14,6068073,234,79877,2761,3000,115058,200,1806861,10
2024091,2024-08-08(四),江苏1注，四川1注，共2注。,"13,15,16,19,20,24",10,2364340809,2,10000000,88,317304,833,3000,48930,200,1017501,10
2024090,2024-08-06(二),浙江2注，河南1注，广东2注，贵州1注，云南1注，共7注。,"07,11,17,24,31,32",12,2300572454,7,7608042,85,268474,1313,3000,65266,200,1249333,10
2024089,2024-08-04(日),北京1注，内蒙古1注，黑龙江1注，浙江1注，安徽1注，山东1注，河南1注，湖北1注，广东1注，西藏1注，深圳2注，共12注。,"03,06,09,15,18,31",01,2285367632,12,6626327,166,146957,2061,3000,89008,200,1465881,10
2024088,2024-08-01(四),浙江1注，河南1注，西藏1注，共3注。,"03,08,10,17,30,32",10,2291698840,3,10000000,135,157988,1507,3000,81428,200,1491946,10
2024087,2024-07-30(二),江苏1注，浙江2注，安徽2注，河南1注，广东1注，贵州1注，云南50注，深圳1注，共59注。,"03,09,18,19,20,26",11,2257713590,59,5228549,131,128667,2308,3000,105240,200,1737339,10
2024086,2024-07-28(日),湖南2注，甘肃1注，共3注。,"17,19,20,23,25,31",02,2515631484,3,10000000,61,341471,1384,3000,80089,200,1485417,10
2024085,2024-07-25(四),山东1注，陕西1注，新疆3注，共5注。,"01,05,15,21,23,27",15,2483142282,5,9820923,106,284252,679,3000,40610,200,921218,10
2024084,2024-07-23(二),北京1注，安徽2注，山东1注，深圳1注，共5注。,"01,08,10,13,19,29",13,2441854586,5,9498987,98,286925,1045,3000,53777,200,1100115,10
2024083,2024-07-21(日),浙江1注，福建2注，江西1注，湖南2注，广东1注，广西1注，共8注。,"03,09,14,29,32,33",15,2404993508,8,7801042,101,277330,1275,3000,79320,200,1528340,10
2024082,2024-07-18(四),北京1注，湖北1注，广东1注，共3注。,"01,02,13,16,17,29",16,2383370581,3,10000000,89,276317,1106,3000,57803,200,1065553,10
2024081,2024-07-16(二),北京2注，山西1注，内蒙古2注，江苏2注，江西1注，广东1注，广西1注，新疆1注，共11注。,"01,06,12,17,23,25",04,2339593701,11,6976154,501,54235,1275,3000,59121,200,1068561,10
2024080,2024-07-14(日),河北1注，内蒙古1注，吉林1注，上海1注，浙江3注，湖南1注，广西1注，共9注。,"06,11,12,27,29,30",13,2334815017,9,7278585,197,130122,1437,3000,81268,200,1522510,10
2024079,2024-07-11(四),内蒙古2注，浙江1注，福建1注，山东1注，深圳5注，共10注。,"02,03,06,07,16,26",04,2323420019,10,6615076,324,62310,2101,3000,97184,200,1763925,10
2024078,2024-07-09(二),河北1注，黑龙江2注，福建2注，江西1注，河南1注，湖南1注，广东7注，甘肃1注，宁夏1注，共17注。,"05,09,14,21,22,26",12,2329005428,17,5673644,171,83713,2219,3000,96857,200,1564356,10
2024077,2024-07-07(日),内蒙古1注，浙江1注，重庆1注，广东1注，宁夏1注，共5注。,"01,04,06,14,17,22",08,2382512560,5,7552556,92,173407,1497,3000,86410,200,1508062,10
2024076,2024-07-04(四),江苏1注，浙江1注，共2注。,"03,22,24,27,29,32",15,2372414911,2,10000000,80,329957,815,3000,45446,200,919316,10
2024075,2024-07-02(二),浙江6注，山东1注，湖南2注，广东2注，四川5注，甘肃1注，宁夏1注，共18注。,"03,05,08,18,22,28",01,2313225143,18,5938531,320,65990,2313,3000,98422,200,1624215,10
2024074,2024-06-30(日),河北1注，辽宁1注，浙江1注，福建1注，山东1注，共5注。,"07,08,10,22,24,32",07,2356767829,5,7000481,90,138922,2688,3000,131885,200,2163201,10
2024073,2024-06-27(四),山东1注，重庆1注，湖北1注，云南1注，共4注。,"03,09,12,18,28,30",01,2354261205,4,9082052,288,70868,2091,3000,99632,200,1689454,10
2024072,2024-06-25(二),共0注。,"01,14,20,21,23,27",06,2329358625,0,0,96,261609,852,3000,50090,200,1063119,10
2024071,2024-06-23(日),内蒙古1注，辽宁1注，黑龙江1注，江苏5注，河南1注，湖北1注，湖南1注，共11注。,"02,08,19,28,30,31",14,2254015200,11,7052822,130,217125,1390,3000,74460,200,1443677,10
2024070,2024-06-20(四),黑龙江1注，江苏2注，浙江1注，重庆1注，湖北1注，广东1注，宁夏1注，共8注。,"04,13,18,20,22,28",05,2246917307,8,7511573,95,264376,1161,3000,61934,200,1200292,10
2024069,2024-06-18(二),河北1注，内蒙古1注，上海5注，江苏1注，福建1注，山东2注，新疆1注，共12注。,"06,13,20,21,24,32",06,2231662700,12,6305244,121,161807,1786,3000,66941,200,1228218,10
2024068,2024-06-16(日),辽宁1注，上海2注，江苏2注，福建3注，江西1注，山东3注，湖北1注，湖南3注，广西1注，四川2注，贵州1注，新疆5注，共25注。,"01,02,07,19,20,21",01,2248589639,25,5502857,190,82706,3357,3000,124084,200,1827014,10
2024067,2024-06-13(四),河北1注，吉林1注，江苏2注，浙江2注，贵州1注，共7注。,"01,11,13,17,25,29",03,2339018162,7,7877684,100,251797,1074,3000,63733,200,1237434,10
2024066,2024-06-11(二),河北1注，吉林1注，江苏1注，浙江1注，广东2注，广西10注，共16注。,"08,09,12,22,26,32",13,2318622744,16,6258377,168,149806,1251,3000,65564,200,1260189,10
2024065,2024-06-09(日),河北1注，吉林1注，黑龙江3注，福建1注，河南1注，广东1注，青海2注，共10注。,"03,05,09,10,19,22",14,2343254145,10,7097933,236,111119,1569,3000,92697,200,1763075,10
2024064,2024-06-06(四),北京2注，辽宁1注，黑龙江1注，江苏2注，浙江1注，安徽3注，福建1注，河南2注，广东2注，广西5注，贵州1注，共21注。,"06,08,17,18,28,30",05,2335560971,21,5627014,277,59419,2482,3000,115883,200,1856023,10
2024063,2024-06-04(二),河北3注，吉林1注，黑龙江1注，浙江1注，福建2注，湖北1注，新疆1注，共10注。,"07,14,16,23,28,32",04,2404350858,10,6922247,245,98073,1522,3000,71593,200,1268270,10
2024062,2024-06-02(日),浙江1注，河南1注，云南1注，陕西2注，共5注。,"01,07,10,16,18,27",16,2401489046,5,9564773,90,316998,1123,3000,63704,200,1286112,10
2024061,2024-05-30(四),福建1注，江西1注，湖南1注，广东1注，共4注。,"01,09,18,22,25,28",02,2363723406,4,10000000,143,179800,1265,3000,63128,200,1252475,10
2024060,2024-05-28(二),吉林1注，山东5注，河南1注，广东1注，贵州1注，共9注。,"01,02,06,10,22,28",15,2326589163,9,7094190,122,193111,1559,3000,76606,200,1427211,10
2024059,2024-05-26(日),吉林1注，黑龙江1注，浙江1注，四川2注，青海1注，共6注。,"01,03,14,25,31,33",07,2319757937,6,8225609,137,176584,1269,3000,65000,200,1250203,10
2024058,2024-05-23(四),浙江1注，贵州1注，共2注。,"08,12,13,17,27,29",13,2296535377,2,10000000,84,303075,1246,3000,70266,200,1360542,10
2024057,2024-05-21(二),河北2注，内蒙古1注，辽宁1注，江苏2注，浙江2注，安徽1注，重庆2注，河南2注，广东2注，四川2注，甘肃1注，共18注。,"03,08,17,18,23,31",08,2240160236,18,5596329,384,34941,3670,3000,133166,200,1888371,10
2024056,2024-05-19(日),辽宁2注，上海1注，浙江1注，安徽1注，四川1注，共6注。,"05,18,20,24,25,26",06,2300641915,6,7990254,97,231205,1698,3000,89129,200,1605949,10
2024055,2024-05-16(四),北京1注，共1注。,"02,04,06,07,16,29",03,2281302712,1,10000000,144,208688,1133,3000,65510,200,1407863,10
2024054,2024-05-14(二),河北1注，辽宁1注，浙江1注，湖北1注，四川1注，共5注。,"08,13,20,25,31,32",03,2201149174,5,9020570,242,103837,1776,3000,87178,200,1661548,10
2024053,2024-05-12(日),河北1注，江苏2注，浙江2注，安徽1注，福建2注，山东2注，湖北2注，云南2注，共14注。,"07,14,21,22,28,33",07,2170866334,14,5987819,220,78576,2830,3000,100505,200,1540708,10
2024052,2024-05-09(四),辽宁1注，浙江2注，安徽1注，四川1注，新疆1注，共6注。,"07,10,11,15,17,21",03,2202835275,6,8321035,131,190135,1544,3000,79292,200,1495447,10
2024051,2024-05-07(二),山西1注，辽宁1注，黑龙江1注，浙江1注，山东1注，湖北5注，广东1注，广西1注，四川1注，云南1注，新疆1注，共15注。,"05,09,13,20,23,28",06,2178038182,15,6101483,203,101738,2105,3000,99581,200,1677318,10
2024050,2024-05-05(日),北京1注，吉林2注，江苏1注，安徽3注，山东1注，湖北2注，湖南1注，四川1注，宁夏1注，共13注。,"01,03,07,10,22,33",02,2207601984,13,6705264,226,122613,1362,3000,74494,200,1451033,10
2024049,2024-05-02(四),上海1注，江苏1注，重庆1注，共3注。,"12,15,17,23,26,32",11,2211638785,3,10000000,141,147410,1079,3000,63444,200,1164364,10
2024048,2024-04-30(二),北京1注，内蒙古1注，上海1注，山东1注，湖北1注，广西1注，云南1注，共7注。,"02,09,15,19,26,28",02,2179284324,7,7702490,114,207428,1914,3000,73733,200,1325488,10
2024047,2024-04-28(日),陕西26注，共26注。,"07,08,21,26,29,30",15,2162261379,26,5920995,91,328927,1095,3000,68713,200,1420184,10
2024046,2024-04-25(四),黑龙江1注，安徽1注，江西1注，陕西2注，甘肃1注，共6注。,"02,06,10,11,17,29",15,2226410188,6,8554950,188,141819,1335,3000,74187,200,1417129,10
2024045,2024-04-23(二),上海10注，湖南1注，广东1注，四川1注，共13注。,"02,08,19,23,24,26",03,2197753504,13,6266764,334,61631,2133,3000,106463,200,1861004,10
2024044,2024-04-21(日),辽宁2注，浙江1注，安徽1注，江西1注，共5注。,"02,06,17,25,32,33",06,2217466686,5,8441962,115,187063,2057,3000,96359,200,1617768,10
2024043,2024-04-18(四),天津1注，辽宁1注，河南1注，广东2注，广西1注，四川1注，陕西2注，新疆3注，共12注。,"04,06,07,14,15,24",08,2195139699,12,6394606,146,143281,1697,3000,85475,200,1556391,10
2024042,2024-04-16(二),吉林1注，共1注。,"02,04,05,14,26,32",14,2209117678,1,10000000,46,672336,935,3000,53917,200,1158127,10
2024041,2024-04-14(日),北京23注，河北1注，辽宁3注，江苏3注，浙江8注，安徽2注，福建1注，江西1注，河南1注，湖北3注，湖南1注，广东6注，广西1注，四川5注，贵州4注，云南1注，新疆2注，深圳1注，共67注。,"02,09,12,22,25,33",16,2126335214,67,5312395,542,48271,3842,3000,109124,200,1708774,10
2024040,2024-04-11(四),浙江1注，福建1注，重庆1注，广东2注，海南1注，贵州1注，陕西1注，共8注。,"11,14,18,19,23,26",02,2403776297,8,7810178,213,131933,1033,3000,62517,200,1290024,10
2024039,2024-04-09(二),北京1注，上海7注，重庆1注，广东1注，甘肃2注，共12注。,"02,06,12,29,30,31",10,2381952370,12,6639344,138,178189,1310,3000,67940,200,1279910,10
2024038,2024-04-07(日),黑龙江1注，浙江1注，山东1注，共3注。,"08,10,18,23,27,31",02,2387854012,3,10000000,190,159354,1236,3000,73365,200,1458547,10
2024037,2024-04-04(四),北京1注，湖南1注，云南1注，共3注。,"01,04,05,06,12,14",13,2327021985,3,10000000,90,294537,881,3000,52200,200,1099630,10
2024036,2024-04-02(二),黑龙江1注，江苏4注，浙江2注，四川1注，陕西1注，甘肃1注，共10注。,"02,08,09,12,21,31",02,2277496852,10,6513910,206,91863,2661,3000,114071,200,1675452,10
2024035,2024-03-31(日),北京1注，辽宁1注，江苏3注，福建1注，江西1注，山东1注，湖北1注，广西1注，四川3注，贵州2注，陕西1注，深圳5注，共21注。,"05,07,14,17,22,32",06,2285864323,21,5826032,504,43022,2844,3000,126423,200,2107094,10
2024034,2024-03-28(四),内蒙古1注，黑龙江5注，上海1注，浙江1注，安徽1注，福建1注，重庆1注，湖南1注，深圳5注，共17注。,"02,09,12,19,21,31",04,2343160918,17,6171541,248,100384,1895,3000,97313,200,1724758,10
2024033,2024-03-26(二),浙江1注，山东1注，湖南1注，陕西1注，共4注。,"06,10,11,18,20,32",05,2373391338,4,10000000,117,215911,1371,3000,74621,200,1427297,10
2024032,2024-03-24(日),河北2注，江苏7注，浙江1注，山东1注，湖北1注，四川1注，新疆1注，共14注。,"01,03,04,11,12,21",16,2337606504,14,6812502,135,234953,1144,3000,71297,200,1454363,10
2024031,2024-03-21(四),北京1注，上海1注，江苏1注，浙江4注，安徽1注，山东2注，河南2注，湖北1注，湖南1注，广东1注，四川1注，新疆2注，深圳1注，共19注。,"09,10,13,25,30,32",02,2337825172,19,5000000,173,6000,4479,3000,178863,200,2698399,10
2024030,2024-03-19(二),北京1注，辽宁1注，四川1注，共3注。,"01,08,22,25,29,33",10,2432825172,3,10000000,76,407930,1119,3000,59724,200,1052762,10
2024029,2024-03-17(日),广东1注，共1注。,"12,18,23,25,28,33",04,2369816985,1,10000000,116,273022,1088,3000,66762,200,1320841,10
2024028,2024-03-14(四),上海1注，浙江1注，安徽1注，福建1注，山东4注，广东2注，云南2注，共12注。,"03,07,08,11,18,19",05,2284805181,12,6436209,206,104578,2573,3000,120374,200,2018274,10
2024027,2024-03-12(二),内蒙古1注，辽宁2注，黑龙江1注，上海1注，浙江1注，广东1注，云南1注，新疆1注，共9注。,"02,06,13,27,28,32",13,2297410268,9,7752307,296,104606,1382,3000,82303,200,1631444,10
2024026,2024-03-10(日),上海1注，安徽1注，湖北1注，广东1注，云南1注，陕西1注，甘肃3注，深圳5注，共14注。,"04,07,18,19,20,25",06,2274290656,14,6573568,465,59220,2397,3000,107058,200,1853816,10
2024025,2024-03-07(四),北京1注，上海1注，广东2注，四川2注，云南1注，陕西1注，共8注。,"08,15,21,22,25,33",13,2283708268,8,7903667,77,377099,1560,3000,63885,200,1241618,10
2024024,2024-03-05(二),天津1注，辽宁2注，上海1注，福建2注，湖北2注，云南1注，甘肃1注，共10注。,"03,07,21,24,26,30",10,2259827583,10,7196464,276,99477,1600,3000,97212,200,1751952,10
2024023,2024-03-03(日),上海3注，福建1注，共4注。,"01,10,22,25,28,32",10,2249424817,4,10000000,174,148772,2087,3000,98290,200,1769194,10
2024022,2024-02-29(四),天津1注，辽宁1注，上海1注，江苏1注，浙江2注，重庆11注，湖南1注，广东7注，贵州1注，云南1注，共27注。,"02,09,11,14,18,26",06,2211765504,27,5581991,335,58633,2673,3000,120880,200,1968225,10
2024021,2024-02-27(二),上海1注，浙江2注，福建2注，河南1注，广东1注，陕西1注，共8注。,"04,06,16,17,23,24",11,2303552638,8,7305253,182,126662,1276,3000,69116,200,1306655,10
2024020,2024-02-25(日),山东1注，广东1注，广西1注，共3注。,"03,08,12,14,17,33",08,2292837056,3,10000000,65,424047,1689,3000,71905,200,1398070,10
2024019,2024-02-22(四),河北1注，上海2注，浙江2注，安徽1注，福建1注，广西1注，四川2注，共10注。,"05,11,12,16,17,20",08,2240147827,10,6256934,107,146838,2210,3000,99689,200,1707398,10
2024018,2024-02-20(二),北京1注，福建2注，河南1注，湖北1注，湖南1注，广东1注，广西1注，宁夏1注，共9注。,"06,15,17,24,28,29",16,2255582139,9,7077975,224,104362,1175,3000,71318,200,1401175,10
2024017,2024-02-18(日),广东2注，贵州1注，共3注。,"04,17,19,20,25,32",04,2249152255,3,10000000,96,336763,1059,3000,64483,200,1279711,10
2024016,2024-02-06(二),浙江2注，贵州134注，共136注。,"07,12,20,24,32,33",04,2182164460,136,5166908,87,326142,1086,3000,64920,200,1257143,10
2024015,2024-02-04(日),内蒙古1注，黑龙江1注，江苏1注，浙江1注，江西1注，广东1注，陕西1注，共7注。,"03,08,17,18,20,30",15,2799740697,7,8302983,254,113783,1697,3000,93969,200,1721943,10
2024014,2024-02-01(四),吉林1注，浙江4注，湖北1注，新疆1注，共7注。,"01,02,10,22,24,25",13,2771158275,7,8397008,110,270216,817,3000,47506,200,1009701,10
2024013,2024-01-30(二),北京1注，河北4注，山东8注，广东1注，共14注。,"01,07,10,14,21,25",07,2740765858,14,6178793,149,138448,1473,3000,68781,200,1233074,10
2024012,2024-01-28(日),山东1注，广东3注，云南1注，深圳2注，共7注。,"01,03,07,18,22,28",15,2765382313,7,8677481,138,233173,1112,3000,70293,200,1477055,10
2024011,2024-01-25(四),北京2注，河北1注，吉林2注，山东3注，湖南1注，广东3注，四川1注，共13注。,"08,12,16,20,27,31",06,2729590794,13,5600516,143,68240,2469,3000,114831,200,1905870,10
2024010,2024-01-23(二),黑龙江2注，江苏1注，湖南1注，共4注。,"11,16,20,21,23,24",04,2773122333,4,10000000,73,399825,849,3000,49199,200,1032086,10
2024009,2024-01-21(日),河北1注，上海1注，浙江1注，湖南1注，共4注。,"01,04,07,10,17,23",14,2725560627,4,10000000,118,240959,1142,3000,72592,200,1336511,10
2024008,2024-01-18(四),北京1注，山东1注，湖南1注，广东1注，四川1注，共5注。,"08,20,21,23,27,30",13,2680260839,5,9439349,151,183747,1224,3000,75696,200,1472205,10
2024007,2024-01-16(二),重庆1注，广东1注，新疆3注，共5注。,"04,05,06,07,20,22",15,2644219785,5,9552387,178,159845,1260,3000,72442,200,1339251,10
2024006,2024-01-14(日),上海1注，浙江1注，福建4注，山东1注，湖南3注，四川1注，共11注。,"07,18,20,21,26,32",05,2606624464,11,7265119,98,317810,1781,3000,68541,200,1326072,10
2024005,2024-01-11(四),浙江1注，安徽1注，福建1注，四川1注，深圳1注，共5注。,"05,06,20,23,25,32",03,2593104612,5,10000000,99,333906,986,3000,60428,200,1244417,10
2024004,2024-01-09(二),北京1注，河北2注，山西1注，辽宁2注，上海1注，浙江2注，共9注。,"09,13,17,18,21,27",04,2543934511,9,7037575,163,140630,1832,3000,83890,200,1526738,10
2024003,2024-01-07(日),北京1注，河北1注，山西1注，江苏1注，安徽1注，江西1注，湖北1注，广东2注，广西1注，云南1注，新疆1注，共12注。,"01,05,08,13,32,33",03,2538504530,12,6749071,116,226173,1757,3000,90137,200,1715695,10
2024002,2024-01-04(四),北京1注，河北2注，辽宁2注，上海2注，江苏5注，福建1注，山东1注，河南1注，湖北1注，湖南2注，广东5注，四川1注，云南2注，陕西1注，甘肃1注，宁夏1注，深圳1注，共30注。,"04,09,10,17,19,20",09,2540785162,30,5455071,196,87067,3728,3000,136512,200,2087581,10
2024001,2024-01-02(二),河北2注，安徽1注，河南1注，湖南1注，广东1注，云南1注，共7注。,"03,07,16,26,27,32",16,2653241738,7,8203438,164,170915,1627,3000,80646,200,1417521,10
2023151,2023-12-31(日),北京1注，山西1注，上海1注，江西1注，山东1注，湖南1注，广东2注，新疆1注，深圳1注，共10注。,"01,15,16,20,25,27",05,2626575547,10,7807583,112,313346,1294,3000,69957,200,1383909,10
2023150,2023-12-28(四),河北1注，浙江1注，福建1注，广东2注，广西2注，共7注。,"10,17,25,26,30,33",05,2599366995,7,8074962,109,246843,1316,3000,71791,200,1350868,10
2023149,2023-12-26(二),吉林1注，浙江1注，贵州1注，新疆1注，共4注。,"02,10,19,24,26,33",15,2575173968,4,10000000,134,217847,1133,3000,60899,200,1213889,10
2023148,2023-12-24(日),北京2注，河北1注，山西1注，辽宁2注，黑龙江2注，上海1注，江苏1注，浙江1注，安徽1注，福建1注，山东2注，重庆7注，湖南2注，广东7注，广西4注，海南1注，贵州1注，新疆1注，深圳1注，共39注。其中一等奖特别奖为：上海1注，福建1注，山东2注，重庆6注，广东6注，海南1注。,"03,05,07,09,19,20",08,2527599376,39,5414501,424,47657,4248,3000,157114,200,2313131,10
2023147,2023-12-21(四),辽宁1注，上海1注，江苏2注，湖南1注，四川1注，云南1注，甘肃1注，共8注。其中一等奖特别奖为：江苏1注，甘肃1注。,"05,06,14,16,19,32",12,2678144078,8,7564467,96,267132,1673,3000,84785,200,1638701,10
2023146,2023-12-19(二),北京1注，天津1注，辽宁1注，上海1注，江苏1注，安徽1注，福建1注，湖南2注，共9注。其中一等奖特别奖为：北京1注，天津1注，辽宁1注，江苏1注，安徽1注，福建1注，湖南1注。,"02,03,06,11,20,32",09,2661725786,9,6968340,172,128743,2425,3000,115408,200,2065037,10
2023145,2023-12-17(日),北京1注，浙江1注，云南5注，青海1注，共8注。其中一等奖特别奖为：北京1注，云南1注。,"07,10,21,22,23,24",11,2658009357,8,8328480,195,170691,1654,3000,92804,200,1750392,10
2023144,2023-12-14(四),内蒙古1注，辽宁1注，安徽1注，江西1注，四川1注，云南1注，甘肃3注，共9注。其中一等奖特别奖为：内蒙古1注，辽宁1注，安徽1注，江西1注，甘肃2注。,"12,16,17,22,25,27",08,2624782779,9,6787498,151,133174,2470,3000,119056,200,2023949,10
2023143,2023-12-12(二),江苏3注，浙江1注，湖北1注，广东22注，贵州3注，陕西1注，宁夏1注，共32注。其中一等奖特别奖为：江苏3注，湖北1注，广东22注。,"05,07,09,16,23,30",15,2625542196,32,5793556,187,169744,2038,3000,99007,200,1874294,10
2023142,2023-12-10(日),山东1注，湖北2注，共3注。其中一等奖特别奖为：湖北2注。,"02,08,20,21,27,33",14,2715709193,3,10000000,130,301470,1770,3000,77611,200,1554308,10
2023141,2023-12-07(四),河北2注，黑龙江1注，江苏1注，江西1注，重庆1注，湖南3注，四川2注，共11注。其中一等奖特别奖为：河北2注，黑龙江1注，江苏1注，江西1注，湖南1注，四川1注。,"01,08,11,12,21,23",03,2628135529,11,7529897,220,158118,2152,3000,99363,200,1786419,10
2023140,2023-12-05(二),北京1注，内蒙古1注，浙江5注，广西1注，四川1注，贵州3注，共12注。其中一等奖特别奖为：浙江5注，广西1注。,"03,04,11,14,30,31",05,2606606136,12,7033098,123,247938,1439,3000,80290,200,1564290,10
2023139,2023-12-03(日),辽宁1注，上海2注，浙江1注，江西1注，广东2注，共7注。其中一等奖特别奖为：辽宁1注，上海1注，江西1注，广东2注。,"12,14,19,21,27,31",11,2599513870,7,9460351,133,293444,1763,3000,84348,200,1612469,10
2023138,2023-11-30(四),吉林2注，上海1注，共3注。其中一等奖特别奖为：吉林2注，上海1注。,"03,22,28,30,31,33",04,2548652101,3,10000000,78,473833,1103,3000,67211,200,1447228,10
2023137,2023-11-28(二),北京1注，安徽1注，福建1注，湖北1注，广东1注，陕西1注，共6注。其中一等奖特别奖为：北京1注，安徽1注，福建1注，陕西1注。,"03,12,17,19,23,27",11,2467775081,6,8591449,213,126459,3519,3000,126051,200,2247442,10
2023136,2023-11-26(日),河北1注，内蒙古1注，江苏1注，安徽3注，福建2注，山东2注，河南2注，湖南2注，广东5注，云南2注，共21注。其中一等奖特别奖为：内蒙古1注，安徽2注，山东2注，河南2注，湖南1注，广东5注。,"03,05,10,21,22,26",10,2438516168,21,6073140,240,117374,2795,3000,112860,200,2036476,10
2023135,2023-11-23(四),河北1注，辽宁1注，江苏8注，浙江1注，安徽2注，福建1注，山东2注，河南1注，广西1注，四川2注，贵州2注，云南1注，共23注。其中一等奖特别奖为：江苏7注，浙江1注，安徽2注，福建1注，山东1注，广西1注，四川2注，贵州1注。,"05,06,11,13,28,30",07,2481542330,23,5669924,221,87150,3779,3000,151089,200,2404380,10
2023134,2023-11-21(二),江苏4注，浙江12注，安徽3注，山东1注，重庆1注，河南1注，广东1注，四川1注，贵州1注，深圳3注，共28注。其中一等奖特别奖为：江苏4注，浙江12注，安徽3注，重庆1注，河南1注，广东1注，四川1注，深圳3注。,"05,08,09,17,22,33",04,2554169624,28,5894533,232,134951,2202,3000,110777,200,1978641,10
2023133,2023-11-19(日),内蒙古1注，吉林1注，江苏6注，浙江2注，安徽2注，福建2注，湖南1注，广东1注，新疆1注，共17注。其中一等奖特别奖为：江苏6注，安徽2注，福建1注，湖南1注，广东1注，新疆1注。,"04,05,10,14,22,25",03,2625290582,17,6512569,306,105039,2501,3000,120857,200,2103184,10
2023132,2023-11-16(四),河北2注，山西1注，内蒙古1注，黑龙江1注，浙江3注，山东5注，河南3注，湖北3注，湖南2注，四川2注，陕西1注，共24注。其中一等奖特别奖为：河北2注，山西1注，内蒙古1注，黑龙江1注，浙江2注，山东2注，河南3注，湖北3注，湖南2注，四川1注，陕西1注。,"03,09,11,15,25,27",01,2639577950,24,6034708,339,91567,2489,3000,116326,200,2211805,10
2023131,2023-11-14(二),山西1注，重庆1注，湖南2注，广东3注，共7注。其中一等奖特别奖为：山西1注，重庆1注，湖南2注，广东1注。,"06,07,14,20,26,32",01,2691287209,7,9257052,140,266065,1313,3000,71153,200,1412270,10
2023130,2023-11-12(日),河南1注，广东1注，四川1注，共3注。其中一等奖特别奖为：河南1注，广东1注。,"04,10,17,22,23,32",16,2644338946,3,10000000,261,153869,1347,3000,80948,200,1556409,10
2023129,2023-11-09(四),江苏1注，安徽2注，福建1注，广东2注，共6注。其中一等奖特别奖为：安徽2注。,"08,09,12,17,32,33",04,2553859029,6,9879535,132,277246,1153,3000,71060,200,1472096,10
2023128,2023-11-07(二),"北京1注,天津1注,福建2注,云南3注,共7注。","07,16,20,21,27,33",01,2503346700,7,7837587,178,139488,1795,3000,91496,200,1634514,10
2023127,2023-11-05(日),"河北1注,浙江1注,安徽2注,福建1注,河南1注,湖北1注,广东3注,云南1注,深圳2注,共13注。","03,08,19,22,26,32",14,2483723142,13,6891253,253,121473,1605,3000,83232,200,1538792,10
2023126,2023-11-02(四),"山西1注,安徽1注,广东2注,四川1注,陕西1注,新疆1注,共7注。","10,24,26,28,29,31",16,2481110827,7,8438994,140,214937,1178,3000,68128,200,1389212,10
2023125,2023-10-31(二),"北京1注,福建1注,陕西1注,共3注。","11,14,15,27,30,33",04,2449910182,3,10000000,104,253325,1187,3000,62543,200,1318850,10
2023124,2023-10-29(日),"河北1注,吉林1注,江苏1注,浙江1注,福建1注,山东1注,云南1注,新疆1注,共8注。","02,03,17,18,25,30",11,2400872645,8,7192295,207,105908,2267,3000,107634,200,1771529,10
2023123,2023-10-26(四),"内蒙古1注,浙江11注,安徽1注,广西1注,共14注。","10,13,15,22,29,32",15,2392642136,14,6724880,146,206749,1054,3000,64709,200,1441258,10
2023122,2023-10-24(二),"河北2注,山西1注,黑龙江1注,福建1注,河南2注,广东1注,宁夏1注,共9注。","07,08,14,18,20,30",05,2396234235,9,6889762,104,204421,2439,3000,92062,200,1596956,10
2023121,2023-10-22(日),"江苏1注,福建1注,河南1注,广东4注,西藏1注,共8注。","02,12,16,25,30,31",12,2394462620,8,7805455,105,267186,1789,3000,82722,200,1556355,10
2023120,2023-10-19(四),"天津1注,内蒙古1注,黑龙江1注,安徽1注,山东2注,河南1注,广东3注,四川1注,云南3注,深圳1注,共15注。","03,08,13,24,27,29",08,2372742600,15,6057696,262,75693,2772,3000,116267,200,1906516,10
2023119,2023-10-17(二),"北京1注,福建1注,广东2注,共4注。","01,02,03,19,21,28",15,2404112623,4,10000000,76,392351,797,3000,48851,200,990336,10
2023118,2023-10-15(日),"河北1注,辽宁1注,江苏1注,福建1注,山东1注,湖北1注,湖南1注,广东1注,云南1注,共9注。","01,02,11,19,25,29",04,2354656592,9,7221722,400,62485,2281,3000,108685,200,1734179,10
2023117,2023-10-12(四),"河北2注,内蒙古2注,湖北1注,广东1注,广西2注,共8注。","02,11,14,17,18,28",08,2344668961,8,6198467,114,105128,2638,3000,115945,200,1946691,10
2023116,2023-10-10(二),"北京1注,安徽3注,福建2注,河南1注,广西1注,云南1注,宁夏1注,共10注。","02,08,09,13,24,27",12,2358302682,10,6501260,238,78847,2608,3000,112589,200,1784492,10
2023115,2023-10-08(日),"浙江1注,福建1注,重庆5注,新疆6注,共13注。","02,07,16,21,26,27",16,2367018008,13,6684992,123,222610,1561,3000,76820,200,1432085,10
2023114,2023-10-05(四),"河北1注,山西1注,辽宁1注,黑龙江1注,安徽1注,山东1注,河南1注,湖北1注,云南1注,共9注。","07,09,15,16,17,26",09,2371779513,9,6717188,157,123046,2523,3000,107090,200,1828640,10
2023113,2023-09-28(四),"北京1注,辽宁1注,浙江1注,广东1注,宁夏5注,共9注。","01,02,13,18,25,27",03,2374279095,9,7108275,101,234832,1190,3000,66454,200,1322883,10
2023112,2023-09-26(二),"北京1注,天津1注,山西1注,浙江5注,陕西1注,甘肃4注,共13注。","09,12,13,22,24,31",04,2367099281,13,6599921,176,147720,1276,3000,73069,200,1349884,10
2023111,2023-09-24(日),"山西1注,内蒙古1注,湖南1注,四川1注,共4注。","05,06,12,17,20,33",09,2374902077,4,10000000,121,208017,1640,3000,75068,200,1394133,10
2023110,2023-09-21(四),"浙江1注,山东1注,四川4注,共6注。","02,06,20,25,29,33",16,2339391685,6,8972251,70,425598,719,3000,46046,200,987121,10
2023109,2023-09-19(二),"河南1注,四川1注,陕西1注,共3注。","06,08,10,13,16,28",13,2303849540,3,10000000,221,115585,1348,3000,71622,200,1405642,10
2023108,2023-09-17(日),"河北1注,安徽2注,福建1注,江西1注,山东1注,重庆1注,河南1注,湖南1注,广东2注,广西1注,共12注。","01,03,06,08,18,24",09,2257216493,12,6002668,109,137981,2589,3000,109256,200,1826668,10
2023107,2023-09-14(四),"山东1注,河南1注,四川3注,贵州1注,共6注。","03,07,18,25,29,33",14,2284128424,6,7890900,194,111761,1685,3000,84502,200,1479496,10
2023106,2023-09-12(二),"上海1注,江苏1注,四川1注,深圳1注,共4注。","07,09,10,20,22,24",07,2266428564,4,8594088,140,128360,2311,3000,98329,200,1674053,10
2023105,2023-09-10(日),"北京1注,广东2注,共3注。","01,03,05,26,30,32",16,2246893587,3,10000000,77,404257,964,3000,55080,200,1163315,10
2023104,2023-09-07(四),"北京1注,浙江1注,共2注。","10,19,23,25,30,31",12,2183510069,2,10000000,76,311447,1616,3000,73618,200,1401010,10
2023103,2023-09-05(二),"浙江3注,共3注。","05,06,13,24,25,29",15,2132500020,3,10000000,103,281418,917,3000,57934,200,1212034,10
2023102,2023-09-03(日),"山西2注,江苏2注,浙江3注,湖北1注,贵州1注,宁夏1注,共10注。","01,09,10,13,21,28",10,2075541857,10,6615741,98,206089,3131,3000,89259,200,1634397,10
2023101,2023-08-31(四),"安徽1注,重庆1注,云南2注,共4注。","01,05,09,15,18,26",04,2081108979,4,10000000,164,182582,962,3000,60139,200,1237291,10
2023100,2023-08-29(二),"北京3注,河北2注,黑龙江1注,上海1注,浙江2注,福建3注,湖北2注,湖南1注,广东4注,共19注。","05,06,12,15,23,25",04,2031278380,19,5762908,243,74564,2824,3000,117607,200,1788007,10
2023099,2023-08-27(日),"河北11注,吉林6注,安徽1注,共18注。","09,11,14,19,27,33",05,2086416405,18,6174885,82,322377,1572,3000,68358,200,1319933,10
2023098,2023-08-24(四),"辽宁1注,浙江2注,江西2注,山东1注,重庆1注,河南1注,四川2注,贵州1注,陕西1注,深圳1注,共13注。","02,10,11,14,21,27",11,2118259570,13,6522117,266,92986,1634,3000,79485,200,1454255,10
2023097,2023-08-22(二),"北京1注,河北1注,吉林1注,江西1注,海南1注,四川3注,云南5注,共13注。","01,09,14,19,29,30",15,2128843885,13,6311615,225,94727,2256,3000,108823,200,1767679,10
2023096,2023-08-20(日),"河北2注,山西1注,辽宁2注,安徽1注,四川1注,云南1注,共8注。","08,11,18,26,31,32",15,2146953645,8,7789981,125,223198,1156,3000,67955,200,1302927,10
2023095,2023-08-17(四),"河北7注,山西1注,浙江1注,福建1注,江西2注,山东3注,重庆1注,河南1注,广东1注,广西1注,四川1注,陕西1注,宁夏1注,共22注。","03,08,16,17,22,26",11,2125574043,22,5751004,342,60387,2162,3000,109563,200,1818621,10
2023094,2023-08-15(二),"浙江1注,福建2注,山东8注,四川1注,陕西1注,共13注。","06,10,12,14,30,31",12,2190138271,13,6482678,62,388605,1054,3000,57805,200,1154774,10
2023093,2023-08-13(日),"河北1注,陕西1注,共2注。","10,21,24,25,27,32",07,2202132520,2,10000000,55,500947,838,3000,47779,200,1029761,10
2023092,2023-08-10(四),"浙江3注,山东1注,陕西2注,共6注。","03,12,24,25,32,33",13,2139476134,6,8563809,98,272740,1075,3000,63928,200,1253157,10
2023091,2023-08-08(二),"天津1注,浙江4注,广东1注,新疆1注,深圳1注,共8注。","16,20,22,26,30,32",16,2110673283,8,7716754,69,393732,1010,3000,50480,200,1012117,10
2023090,2023-08-06(日),"北京1注,湖北1注,广东2注,共4注。","01,02,09,26,30,31",07,2090904684,4,9305795,97,221948,1268,3000,75044,200,1492374,10
2023089,2023-08-03(四),"辽宁1注,浙江1注,安徽1注,江西1注,河南4注,广东3注,贵州5注,甘肃1注,新疆1注,共18注。","08,13,15,27,28,31",11,2063540939,18,5770016,122,142011,1722,3000,84839,200,1438561,10
2023088,2023-08-01(二),"河北1注,内蒙古5注,浙江1注,山东1注,湖南2注,四川1注,共11注。","01,14,18,26,31,33",05,2115425117,11,6088495,98,152722,1326,3000,70806,200,1270407,10
2023087,2023-07-30(日),"辽宁1注,江苏1注,山东1注,河南1注,湖南1注,四川2注,云南1注,陕西1注,共9注。","02,09,15,17,28,33",01,2137498144,9,7457024,158,174946,1754,3000,74057,200,1480314,10
2023086,2023-07-27(四),"浙江1注,福建1注,山东2注,广东2注,广西2注,四川1注,贵州1注,宁夏1注,共11注。","08,09,10,22,26,32",12,2121686796,11,6685067,185,125241,3031,3000,83557,200,1571421,10
2023085,2023-07-25(二),"辽宁1注,浙江1注,湖北1注,广西1注,四川1注,云南1注,共6注。","11,18,23,24,31,33",13,2125713507,6,8156360,97,244048,1403,3000,71640,200,1352674,10
2023084,2023-07-23(日),"黑龙江1注,浙江1注,安徽3注,共5注。","09,13,14,17,19,27",03,2103633553,5,9140598,99,261401,1274,3000,73182,200,1429863,10
2023083,2023-07-20(四),"黑龙江1注,江苏1注,湖北1注,广西1注,陕西1注,共5注。","07,10,12,16,17,30",12,2071700320,5,7947836,141,130666,1871,3000,91206,200,1641413,10
2023082,2023-07-18(二),"黑龙江1注,江苏1注,浙江1注,江西2注,山东2注,河南1注,广东1注,贵州1注,云南1注,陕西1注,甘肃1注,共13注。","04,18,19,24,27,30",16,2056167572,13,6130757,144,127602,1654,3000,83863,200,1490226,10
2023081,2023-07-16(日),"河北1注,江苏3注,广东1注,深圳1注,共6注。","01,11,15,16,22,31",15,2080743000,6,8525084,53,498832,974,3000,59067,200,1137089,10
2023080,2023-07-13(四),"内蒙古1注,辽宁1注,江苏1注,浙江1注,福建1注,四川1注,云南3注,共9注。","01,02,04,09,25,31",08,2052579114,9,7025698,66,345289,1157,3000,62549,200,1223795,10
2023079,2023-07-11(二),"北京1注,河北1注,内蒙古1注,辽宁1注,吉林1注,浙江16注,山东3注,湖北1注,湖南2注,广东15注,云南1注,陕西1注,共44注。","05,06,09,12,21,22",07,2047443072,44,5140313,219,35238,3330,3000,135991,200,2080932,10
2023078,2023-07-09(日),"天津2注,辽宁1注,吉林1注,黑龙江1注,江苏5注,福建2注,河南1注,湖南1注,广东3注,四川2注,贵州1注,云南2注,共22注。","06,08,14,19,30,31",08,2250465082,22,5429023,134,88045,3761,3000,108511,200,1792578,10
2023077,2023-07-06(四),"辽宁1注,黑龙江1注,上海1注,浙江1注,广东2注,云南1注,陕西1注,共8注。","07,09,14,22,26,27",01,2334509163,8,7356811,232,101586,1612,3000,90881,200,1742154,10
2023076,2023-07-04(二),"内蒙古1注,辽宁1注,安徽1注,山东4注,广东1注,共8注。","03,04,15,18,19,22",09,2322659300,8,7228807,92,242261,1291,3000,65051,200,1177669,10
2023075,2023-07-02(日),"河北1注,辽宁1注,福建2注,湖南3注,四川1注,新疆1注,共9注。","13,15,24,28,30,31",01,2313625531,9,6942068,107,204189,1526,3000,81441,200,1516836,10
2023074,2023-06-29(四),"辽宁1注,江苏1注,陕西2注,共4注。","02,08,09,18,19,21",03,2310559345,4,9084632,228,89575,2394,3000,104238,200,1597358,10
2023073,2023-06-27(二),"北京1注,贵州1注,云南1注,西藏1注,青海1注,共5注。","01,03,15,16,25,32",10,2285628386,5,8830568,64,374078,1277,3000,60309,200,1145825,10
2023072,2023-06-25(日),"吉林1注,上海1注,重庆1注,湖南4注,共7注。","02,06,10,24,25,33",09,2257958066,7,6644229,197,73030,1940,3000,89535,200,1569193,10
2023071,2023-06-22(四),"河北1注,辽宁2注,黑龙江1注,浙江2注,福建1注,山东1注,河南1注,湖南1注,广西2注,四川2注,甘肃2注,共16注。","05,12,15,19,24,26",06,2261306658,16,5979075,127,154185,1726,3000,83703,200,1492709,10
2023070,2023-06-20(二),共0注。,"03,05,25,31,32,33",04,2298227329,0,0,110,248023,949,3000,53473,200,1054627,10
2023069,2023-06-18(日),"河北2注,浙江2注,山东1注,甘肃1注,共6注。","12,14,17,20,21,26",02,2216379497,6,9116836,129,239350,1279,3000,69052,200,1421434,10
2023068,2023-06-15(四),"河北1注,共1注。","11,12,15,18,29,33",02,2178451698,1,10000000,96,295623,914,3000,54999,200,1186964,10
2023067,2023-06-13(二),"河北1注,辽宁1注,黑龙江1注,福建1注,四川1注,共5注。","01,03,12,19,28,32",14,2103312244,5,9921068,220,139803,674,3000,51919,200,1161984,10
2023066,2023-06-11(日),"河北1注,辽宁1注,黑龙江1注,浙江11注,江西1注,山东2注,新疆1注,共18注。","02,07,08,10,26,31",06,2060647554,18,5976728,175,125579,1689,3000,82126,200,1508931,10
2023065,2023-06-08(四),"河北1注,浙江3注,山东1注,河南1注,湖北1注,广东1注,共8注。","02,14,17,20,26,33",14,2102299471,8,7757758,128,215449,1249,3000,65409,200,1151527,10
2023064,2023-06-06(二),"北京1注,山西1注,河南9注,湖北1注,湖南2注,广东1注,广西3注,陕西1注,共19注。","01,07,11,12,16,18",04,2081628784,19,5891656,252,84035,1698,3000,78500,200,1426630,10
2023063,2023-06-04(日),"北京1注,广东3注,共4注。","04,08,17,20,22,27",13,2130039756,4,10000000,172,167578,1324,3000,76681,200,1515457,10
2023062,2023-06-01(四),"黑龙江1注,共1注。","11,19,23,24,26,33",15,2083569496,1,10000000,100,302739,761,3000,47214,200,938613,10
2023061,2023-05-30(二),"山东1注,湖南2注,共3注。","01,04,06,11,12,22",15,2002747701,3,10000000,163,169551,1134,3000,64981,200,1213837,10
2023060,2023-05-28(日),"辽宁1注,江苏2注,浙江1注,山东1注,陕西1注,共6注。","09,11,17,19,30,31",11,1949837133,6,8459942,108,240273,1714,3000,90275,200,1693269,10
2023059,2023-05-25(四),"吉林1注,黑龙江2注,江苏2注,浙江1注,安徽3注,福建1注,山东6注,重庆1注,河南1注,广东11注,陕西1注,共30注。","02,06,13,22,27,32",06,1922748082,30,5520970,184,106176,2082,3000,93081,200,1496785,10
2023058,2023-05-23(二),"上海1注,四川1注,共2注。","10,17,22,26,30,33",11,2029768036,2,9936554,76,162386,1538,3000,74507,200,1300423,10
2023057,2023-05-21(日),"黑龙江5注,上海1注,江苏2注,浙江1注,安徽1注,江西2注,湖南2注,广东2注,四川3注,陕西1注,新疆1注,共21注。","02,05,10,17,24,32",03,2012616989,21,5868194,202,112822,1877,3000,95476,200,1675155,10
2023056,2023-05-18(四),"北京1注,上海5注,江苏1注,山东1注,四川1注,深圳1注,共10注。","08,14,15,18,23,33",08,2067478767,10,6477200,91,202912,1661,3000,82218,200,1461154,10
2023055,2023-05-16(二),"广东1注,共1注。","03,04,20,23,27,32",13,2076855754,1,10000000,66,376109,1269,3000,58076,200,1135434,10
2023054,2023-05-14(日),"江苏1注,江西3注,山东1注,广东1注,广西2注,共8注。","05,06,09,10,15,26",12,2012386157,8,7183225,610,35790,2240,3000,123909,200,2132763,10
2023053,2023-05-11(四),"河北2注,福建1注,山东5注,河南1注,广东1注,共10注。","01,07,14,20,27,30",15,2004355202,10,7019136,420,60093,1442,3000,77547,200,1392043,10
2023052,2023-05-09(二),"辽宁1注,吉林1注,黑龙江1注,上海1注,江苏8注,福建1注,山东1注,四川1注,云南1注,共16注。","03,04,05,08,12,17",06,1998828962,16,5845032,179,94417,2560,3000,121553,200,1992372,10
2023051,2023-05-07(日),"广东2注,共2注。","22,26,29,30,32,33",14,2041647521,2,10000000,95,302734,1863,3000,60333,200,1071456,10
2023050,2023-05-04(四),"湖南1注,西藏4注,共5注。","02,07,09,14,22,23",05,1975368056,5,7819387,115,153227,2058,3000,84604,200,1456988,10
2023049,2023-05-02(二),"山西1注,吉林1注,江苏1注,山东1注,四川2注,共6注。","05,07,14,23,25,27",02,1961601481,6,7565507,170,113184,1549,3000,77706,200,1349727,10
2023048,2023-04-30(日),"北京1注,辽宁1注,上海1注,浙江3注,山东1注,河南1注,湖南2注,广东2注,四川1注,贵州1注,甘肃1注,新疆1注,共16注。","02,03,10,24,28,30",08,1949270613,16,5884125,158,111914,2390,3000,108844,200,1723640,10
2023047,2023-04-27(四),"北京1注,辽宁1注,浙江2注,安徽1注,广东1注,四川1注,贵州1注,共8注。","05,07,14,23,31,33",07,1990369107,8,5105543,123,8580,3317,3000,162129,200,2173556,10
2023046,2023-04-25(二),"山西1注,湖北1注,广东1注,四川1注,共4注。","06,08,17,25,26,28",03,2028047147,4,9222467,121,174482,1764,3000,84066,200,1561556,10
2023045,2023-04-23(日),"北京1注,天津1注,江苏2注,山东1注,重庆2注,湖北5注,湖南1注,云南1注,共14注。","03,06,12,21,27,28",04,2001600001,14,6523427,240,111083,2042,3000,95344,200,1674191,10
2023044,2023-04-20(四),"上海1注,江苏1注,安徽5注,重庆1注,共8注。","02,08,15,22,24,26",16,2012948026,8,7544791,99,257049,1231,3000,71283,200,1233186,10
2023043,2023-04-18(二),"天津1注,上海2注,浙江3注,安徽5注,福建1注,重庆1注,广东4注,广西1注,贵州1注,共19注。","05,08,12,20,24,28",10,1996962618,19,5909465,228,94736,2508,3000,104883,200,1584942,10
2023042,2023-04-16(日),"辽宁1注,浙江1注,湖北1注,广东3注,广西1注,云南2注,深圳1注,共10注。","10,17,20,23,27,30",10,2044443036,10,6650718,224,92116,3090,3000,115962,200,1866562,10
2023041,2023-04-13(四),"山东1注,重庆1注,湖北1注,共3注。","01,06,12,13,15,24",06,2049048265,3,10000000,118,203861,1239,3000,67386,200,1262503,10
2023040,2023-04-11(二),"山西1注,辽宁1注,山东1注,陕西2注,共5注。","09,16,17,24,29,31",08,2006881397,5,9001506,165,151572,1462,3000,71909,200,1312767,10
2023039,2023-04-09(日),"上海1注,浙江1注,河南1注,广东1注,深圳1注,共5注。","02,03,09,13,19,28",09,1976860679,5,8903432,191,127730,2307,3000,110421,200,1808206,10
2023038,2023-04-06(四),"吉林1注,黑龙江1注,上海1注,安徽1注,河南1注,湖北1注,湖南1注,贵州1注,云南1注,宁夏1注,新疆1注,共11注。","02,09,14,17,31,33",08,1948188487,11,6553875,135,158265,1478,3000,70320,200,1326850,10
2023037,2023-04-04(二),"河北1注,江苏1注,江西1注,河南1注,海南10注,四川1注,陕西1注,共16注。","08,23,25,26,29,31",12,1956183761,16,5978413,115,170158,1896,3000,89697,200,1580931,10
2023036,2023-04-02(日),"黑龙江1注,江苏5注,浙江3注,安徽1注,山东3注,重庆1注,河南5注,广西3注,陕西1注,新疆1注,共24注。","13,14,18,19,24,30",09,1993133574,24,5566068,271,62664,2742,3000,112816,200,1783939,10
2023035,2023-03-30(四),"江苏1注,浙江1注,四川3注,深圳5注,共10注。","01,04,09,10,20,33",06,2075773039,10,6874671,100,234333,2115,3000,82651,200,1474150,10
2023034,2023-03-28(二),"辽宁1注,上海3注,深圳1注,共5注。","02,03,09,11,12,17",15,2074219579,5,9140109,146,177230,1255,3000,69579,200,1458884,10
2023033,2023-03-26(日),"湖南1注,广西1注,云南1注,青海1注,新疆1注,共5注。","08,09,13,23,24,26",05,2042293077,5,9565190,240,118885,1401,3000,82920,200,1663336,10
2023032,2023-03-23(四),"浙江1注,安徽5注,江西3注,山东1注,河南1注,广东1注,四川3注,共15注。","06,19,20,26,28,33",01,2004521709,15,6158718,142,152999,1957,3000,91037,200,1647100,10
2023031,2023-03-21(二),"湖南1注,广东2注,共3注。","07,14,27,29,31,33",05,2031724589,3,10000000,309,83076,1074,3000,64596,200,1191554,10
2023030,2023-03-19(日),"上海1注,重庆1注,广东1注,海南1注,陕西3注,共7注。","02,03,07,16,30,31",06,1984712961,7,7680189,78,300662,1556,3000,82039,200,1541405,10
2023029,2023-03-16(四),"辽宁2注,福建1注,广东1注,四川1注,共5注。","03,07,12,24,28,33",08,1968119308,5,8837568,173,138640,1473,3000,81568,200,1422795,10
2023028,2023-03-14(二),"北京1注,广东1注,宁夏1注,新疆1注,共4注。","05,07,10,17,20,22",14,1940352740,4,10000000,151,205758,941,3000,60535,200,1281211,10
2023027,2023-03-12(日),"江苏1注,广东4注,共5注。","08,10,22,27,32,33",08,1887143965,5,8409682,88,242164,1665,3000,79112,200,1410908,10
2023026,2023-03-09(四),"河北1注,辽宁2注,黑龙江2注,江苏1注,浙江5注,湖南1注,共12注。","01,18,26,30,31,33",03,1865260832,12,6934784,98,296140,1408,3000,61694,200,1259674,10
2023025,2023-03-07(二),"河北1注,辽宁1注,吉林1注,江苏2注,浙江1注,重庆1注,广西1注,四川2注,共10注。","04,16,20,21,31,32",14,1861412948,10,6974384,118,209150,2098,3000,89817,200,1482967,10
2023024,2023-03-05(日),"河北4注,黑龙江1注,上海1注,江苏3注,浙江1注,江西1注,重庆1注,湖北1注,云南4注,陕西1注,甘肃1注,新疆1注,深圳1注,共21注。","03,06,09,17,27,28",03,1857117376,21,5993974,487,53576,2560,3000,136377,200,2212602,10
2023023,2023-03-02(四),"河北1注,黑龙江1注,江苏2注,浙江2注,安徽6注,江西2注,山东7注,重庆2注,河南1注,湖北3注,广东4注,广西1注,四川2注,云南1注,陕西3注,深圳3注,共41注。","05,08,10,15,24,25",09,1904715322,41,5000000,258,6000,7074,3000,239808,200,2833383,10
2023022,2023-02-28(二),"重庆1注,共1注。","10,11,18,19,23,31",03,2109715322,1,10000000,112,229101,1293,3000,71044,200,1321007,10
2023021,2023-02-26(日),"内蒙古2注,辽宁1注,浙江5注,福建5注,山东1注,湖南2注,四川2注,云南1注,陕西2注,共21注。","02,05,06,19,21,27",04,2042737116,21,6115562,186,157438,1705,3000,91746,200,1688932,10
2023020,2023-02-23(四),"黑龙江1注,山东1注,共2注。","01,12,17,18,26,27",05,2083313411,2,10000000,92,284500,1530,3000,74178,200,1466070,10
2023019,2023-02-21(二),"天津2注,内蒙古1注,江苏1注,河南1注,陕西2注,共7注。","06,12,26,28,29,32",15,2024791190,7,8309157,110,263228,1110,3000,67015,200,1241666,10
2023018,2023-02-19(日),"湖南1注,共1注。","10,12,17,19,25,31",13,1996089903,1,10000000,380,81771,1565,3000,87584,200,1747337,10
2023017,2023-02-16(四),"内蒙古1注,浙江1注,福建1注,湖北1注,广东1注,广西1注,共6注。","05,11,18,20,26,28",12,1912869860,6,8173990,195,122076,1941,3000,103778,200,1752753,10
2023016,2023-02-14(二),"河南1注,贵州1注,共2注。","14,16,19,23,28,30",03,1890499018,2,10000000,79,296038,1179,3000,66102,200,1303555,10
2023015,2023-02-12(日),"北京1注,上海3注,江苏1注,重庆1注,河南1注,广东1注,广西1注,四川1注,共10注。","02,03,14,21,29,32",08,1840337997,10,6277056,195,81862,2139,3000,92167,200,1586131,10
2023014,2023-02-09(四),"内蒙古1注,辽宁1注,上海1注,江西1注,山东1注,共5注。","06,07,18,23,27,30",05,1855218930,5,8496068,147,148642,1600,3000,74461,200,1316652,10
2023013,2023-02-07(二),"安徽1注,贵州1注,共2注。","06,10,14,22,23,33",13,1832147989,2,10000000,81,313059,1431,3000,56683,200,1100696,10
2023012,2023-02-05(日),"天津2注,吉林1注,江苏5注,福建1注,江西1注,湖北1注,四川2注,甘肃1注,共14注。","03,04,07,22,26,30",06,1776074467,14,6444594,270,93631,1774,3000,86777,200,1478716,10
2023011,2023-02-02(四),"河北1注,江苏1注,安徽2注,山东1注,河南1注,广东3注,广西1注,四川1注,宁夏1注,新疆1注,共13注。","06,07,16,17,21,22",04,1790457577,13,6177691,252,75942,2493,3000,108502,200,1776280,10
2023010,2023-01-31(二),"北京2注,浙江1注,安徽1注,江西1注,湖南2注,陕西1注,共8注。","04,05,13,18,27,29",12,1813355120,8,6879623,220,85437,1778,3000,82148,200,1376420,10
2023009,2023-01-29(日),"浙江1注,湖北1注,共2注。","03,04,19,23,30,32",06,1812003410,2,10000000,225,116912,1077,3000,68661,200,1430319,10
2023008,2023-01-17(二),"河北1注,辽宁1注,江苏3注,浙江1注,山东1注,重庆1注,甘肃1注,共9注。","05,13,18,20,26,28",06,1753087580,9,7109708,146,162563,1625,3000,83325,200,1494522,10
2023007,2023-01-15(日),"北京1注,湖北1注,青海1注,共3注。","05,06,09,22,25,31",03,1745872298,3,10000000,160,134413,2448,3000,81291,200,1449914,10
2023006,2023-01-12(四),"内蒙古3注,上海1注,安徽2注,重庆1注,新疆6注,共13注。","02,10,12,14,24,26",05,1711353726,13,6407426,109,209822,881,3000,53803,200,1075091,10
2023005,2023-01-10(二),"黑龙江1注,四川1注,共2注。","02,06,08,13,14,19",16,1726038229,2,10000000,153,163847,1285,3000,66683,200,1325860,10
2023004,2023-01-08(日),"上海1注,福建2注,重庆3注,广西2注,共8注。","01,07,15,16,20,25",16,1670832253,8,7480475,166,149426,1332,3000,67658,200,1237527,10
2023003,2023-01-05(四),"上海1注,浙江1注,安徽1注,山东1注,广西1注,云南2注,青海1注,共8注。","05,08,18,25,30,32",06,1656261800,8,7009723,112,179439,1765,3000,75939,200,1372769,10
2023002,2023-01-03(二),"上海4注,浙江2注,共6注。","02,06,10,16,18,22",13,1652047889,6,8064366,164,140138,918,3000,47658,200,929233,10
2023001,2023-01-01(日),"辽宁1注,黑龙江2注,江苏1注,福建1注,云南2注,共7注。","09,16,18,22,28,32",02,1631485850,7,7738461,135,177492,1124,3000,59416,200,1175366,10
2022150,2022-12-29(四),"河北2注,辽宁2注,湖北1注,四川1注,云南2注,陕西1注,共9注。","01,07,11,12,22,28",05,1613770461,9,6598391,203,88580,2229,3000,91402,200,1498486,10
2022149,2022-12-27(二),"河北2注,辽宁1注,江苏1注,浙江1注,云南2注,共7注。","02,22,26,29,32,33",14,1619210281,7,8014411,94,280596,647,3000,40947,200,898006,10
2022148,2022-12-25(日),"山西1注,吉林1注,浙江2注,福建1注,江西1注,湖南1注,广东1注,深圳1注,共9注。","02,15,16,17,21,31",14,1596182866,9,7166343,72,338491,1256,3000,52274,200,1002986,10
2022147,2022-12-22(四),"北京1注,河北1注,浙江1注,福建2注,河南2注,湖北2注,广东2注,广西2注,四川1注,云南1注,新疆2注,共17注。","02,03,07,13,20,30",10,1587565859,17,5619498,148,88948,2272,3000,85489,200,1367592,10
2022146,2022-12-20(二),"河北1注,辽宁1注,江苏1注,广东1注,广西1注,四川3注,云南1注,共9注。","06,07,13,18,26,31",06,1643604313,9,6501941,391,43214,2008,3000,80423,200,1296127,10
2022145,2022-12-18(日),"浙江2注,广西1注,陕西1注,共4注。其中一等奖特别奖为：浙江1注,广西1注,陕西1注。","03,21,25,30,31,33",11,1651431252,4,10000000,68,373743,1103,3000,54214,200,1095934,10
2022144,2022-12-15(四),"江苏2注,云南6注,陕西2注,甘肃1注,共11注。其中一等奖特别奖为：甘肃1注。","07,20,22,23,31,32",05,1615187506,11,6900814,65,402095,1382,3000,69567,200,1359477,10
2022143,2022-12-13(二),"辽宁1注,浙江2注,福建3注,江西3注,山东1注,广东1注,广西1注,海南1注,四川1注,云南1注,共15注。其中一等奖特别奖为：浙江2注,江西2注,山东1注,广东1注,海南1注,四川1注,云南1注。","07,08,13,29,30,33",03,1612687877,15,6243187,149,156441,1926,3000,86457,200,1543365,10
2022142,2022-12-11(日),"河北2注,江苏1注,浙江4注,山东2注,湖南2注,深圳1注,共12注。其中一等奖特别奖为：河北1注,江苏1注,浙江3注,湖南2注,深圳1注。","01,03,13,16,21,27",03,1636406391,12,5674258,122,82900,2874,3000,123970,200,2038813,10
2022141,2022-12-08(四),"江苏2注,山东5注,湖北1注,广东11注,宁夏1注,新疆1注,共21注。其中一等奖特别奖为：湖北1注,广东11注,宁夏1注,新疆1注。","05,12,13,17,20,27",14,1674155872,21,6324820,135,257603,1455,3000,65271,200,1440468,10
2022140,2022-12-06(二),"河北1注,辽宁2注,江苏2注,浙江2注,安徽1注,重庆2注,广东2注,广西1注,云南1注,宁夏5注,共19注。其中一等奖特别奖为：辽宁1注,江苏2注,浙江2注,重庆2注,广东2注,云南1注。","08,09,18,19,20,27",15,1702647485,19,5889308,673,31383,3271,3000,143842,200,2143884,10
2022139,2022-12-04(日),"北京1注,河北1注,内蒙古1注,上海2注,江苏1注,山东2注,湖南1注,广东1注,四川1注,云南1注,共12注。其中一等奖特别奖为：北京1注,河北1注,上海1注,江苏1注,山东2注,广东1注,四川1注,云南1注。","06,07,09,16,17,19",14,1751181135,12,7006326,443,67934,1604,3000,90315,200,1827915,10
2022138,2022-12-01(四),"河北1注,新疆1注,共2注。其中一等奖特别奖为：河北1注,新疆1注。","02,14,19,21,25,28",11,1744972360,2,10000000,67,341021,1283,3000,68779,200,1244688,10
2022137,2022-11-29(二),"辽宁1注,浙江1注,福建2注,山东1注,广东2注,云南1注,共8注。其中一等奖特别奖为：辽宁1注,浙江1注,福建2注,山东1注,广东2注,云南1注。","08,21,23,27,28,33",01,1696427005,8,7627191,160,164199,1117,3000,57020,200,1161733,10
2022136,2022-11-27(日),"河北1注,上海2注,浙江3注,河南2注,湖南2注,广西2注,四川3注,云南1注,甘肃1注,新疆2注,共19注。其中一等奖特别奖为：上海1注,浙江3注,河南1注,湖南2注,广西2注,云南1注,新疆1注。","08,10,14,15,18,22",08,1678628784,19,5761544,122,148251,2680,3000,119185,200,1960690,10
2022135,2022-11-24(四),"山西1注,江苏3注,浙江1注,安徽4注,广东2注,云南1注,共12注。其中一等奖特别奖为：山西1注,江苏2注,浙江1注,安徽4注。","09,11,13,24,28,32",06,1733838061,12,6964835,143,206101,1388,3000,70079,200,1413787,10
2022134,2022-11-22(二),"北京1注,河北1注,江苏5注,浙江1注,贵州1注,深圳1注,共10注。其中一等奖特别奖为：北京1注,江苏4注,深圳1注。","01,05,14,17,24,31",14,1728998506,10,7386723,90,331489,1304,3000,69062,200,1326086,10
2022133,2022-11-20(日),"浙江1注,山东2注,河南1注,湖北1注,湖南2注,四川1注,云南1注,陕西1注,深圳1注,共11注。其中一等奖特别奖为：浙江1注,湖北1注,湖南1注,四川1注,云南1注,陕西1注,深圳1注。","05,08,16,17,21,25",12,1713363599,11,7308534,241,131711,2035,3000,103271,200,1827118,10
2022132,2022-11-17(四),"浙江2注,湖北1注,云南1注,共4注。其中一等奖特别奖为：浙江2注,湖北1注。","01,03,18,26,32,33",04,1698530418,4,10000000,88,370814,1119,3000,62745,200,1299834,10
2022131,2022-11-15(二),"内蒙古2注,吉林2注,黑龙江1注,上海1注,江苏1注,江西1注,山东1注,河南1注,湖北1注,广东1注,四川2注,青海5注,共19注。其中一等奖特别奖为：内蒙古2注,吉林1注,上海1注,江苏1注,江西1注,湖北1注,四川2注。","03,05,10,13,19,29",06,1640635486,19,5876981,251,82981,2997,3000,139749,200,2199357,10
2022130,2022-11-13(日),"山西1注,黑龙江3注,江苏5注,浙江6注,福建1注,江西1注,山东7注,重庆3注,河南2注,湖南2注,广东6注,广西1注,海南1注,四川3注,云南3注,甘肃1注,青海1注,宁夏2注,新疆1注,共50注。其中一等奖特别奖为：山西1注,江苏5注,浙江5注,福建1注,江西1注,山东6注,重庆2注,河南1注,湖南2注,广东2注,广西1注,海南1注,四川1注,云南2注,青海1注,宁夏2注,新疆1注。","02,08,15,17,26,28",12,1689813201,50,5228012,542,26293,4856,3000,188660,200,2707122,10
2022129,2022-11-10(四),"辽宁2注,黑龙江1注,浙江1注,福建1注,贵州1注,陕西1注,共7注。其中一等奖特别奖为：辽宁1注,黑龙江1注,浙江1注,贵州1注,陕西1注。","10,12,14,22,24,27",07,1908461423,7,7828409,102,242633,2307,3000,75666,200,1404099,10
2022128,2022-11-08(二),"黑龙江1注,浙江2注,广东2注,广西5注,四川1注,共11注。其中一等奖特别奖为：浙江2注,广东2注,广西5注,四川1注。","03,12,18,24,27,29",01,1889014542,11,7471238,210,161807,988,3000,63878,200,1282386,10
2022127,2022-11-06(日),"内蒙古1注,辽宁1注,浙江3注,共5注。其中一等奖特别奖为：浙江2注。","03,04,09,10,29,33",13,1869259580,5,10000000,178,210151,1118,3000,69270,200,1489958,10
2022126,2022-11-03(四),"内蒙古1注,浙江1注,四川2注,陕西2注,共6注。其中一等奖特别奖为：浙江1注,四川2注,陕西2注。","01,13,15,17,26,33",13,1807038683,6,9507372,151,223876,1313,3000,63365,200,1314147,10
2022125,2022-11-01(二),"山西1注,山东2注,湖北1注,云南2注,陕西1注,共7注。其中一等奖特别奖为：山西1注,山东1注,云南2注,陕西1注。","02,03,07,12,20,31",16,1762667038,7,7965155,231,112316,2009,3000,107367,200,1746982,10
2022124,2022-10-30(日),"北京1注,安徽1注,海南1注,四川1注,共4注。","05,10,13,18,24,26",01,1740587803,4,10000000,124,234571,1161,3000,62669,200,1294124,10
2022123,2022-10-27(四),"天津1注,内蒙古1注,江苏2注,安徽1注,河南1注,广东1注,广西1注,共8注。","10,13,16,20,21,25",05,1693327054,8,7557633,637,40151,1247,3000,93856,200,1669819,10
2022122,2022-10-25(二),"北京2注,河北2注,山西1注,辽宁1注,浙江3注,安徽1注,山东3注,湖北3注,湖南1注,四川8注,云南1注,共26注。","06,08,17,19,24,28",05,1677059125,26,5519812,214,78943,2763,3000,104504,200,1750138,10
2022121,2022-10-23(日),"河北1注,山东1注,湖南1注,云南5注,共8注。","12,17,22,27,30,31",02,1769892531,8,8069743,102,300955,789,3000,50976,200,1106522,10
2022120,2022-10-20(四),"上海1注,安徽1注,河南1注,广西40注,共43注。","02,15,19,26,27,29",02,1742358177,43,5486128,288,90727,1042,3000,58726,200,1132983,10
2022119,2022-10-18(二),"山西2注,黑龙江1注,浙江1注,福建2注,湖北1注,广东2注,云南1注,甘肃1注,深圳1注,共12注。","02,05,15,18,26,27",04,1899873541,12,6494901,309,72568,1455,3000,79692,200,1409223,10
2022118,2022-10-16(日),"江苏1注,福建1注,重庆2注,云南1注,共5注。","02,06,07,11,14,33",08,1910541782,5,7499223,173,90289,1730,3000,81876,200,1455172,10
2022117,2022-10-13(四),"江苏2注,浙江1注,福建1注,湖南1注,广东1注,贵州1注,陕西2注,甘肃1注,宁夏1注,共11注。","04,13,17,18,28,29",06,1901177457,11,6083031,166,89708,2284,3000,112037,200,1760031,10
2022116,2022-10-11(二),"江苏1注,共1注。","08,14,26,27,30,33",01,1923415752,1,10000000,93,300121,977,3000,45197,200,979325,10
2022115,2022-10-09(日),"辽宁1注,吉林1注,浙江2注,安徽1注,福建1注,山东1注,河南2注,广东12注,四川10注,贵州1注,云南1注,共33注。","06,07,18,20,27,29",09,1849681926,33,5308918,169,75401,2892,3000,119122,200,1943075,10
2022114,2022-10-06(四),"河北3注,黑龙江1注,上海1注,福建1注,山东1注,广东2注,云南2注,青海1注,共12注。","01,05,15,19,26,29",13,1986647604,12,6667026,241,103756,1227,3000,66692,200,1292188,10
2022113,2022-09-29(四),"云南1注,甘肃1注,共2注。","13,14,20,24,27,29",02,1991635746,2,10000000,84,294642,1036,3000,61319,200,1211708,10
2022112,2022-09-27(二),"安徽1注,湖北1注,广西2注,陕西1注,共5注。","03,05,08,17,25,31",01,1937385782,5,9412037,169,163167,1073,3000,65301,200,1392200,10
2022111,2022-09-25(日),"上海1注,安徽1注,湖北1注,共3注。","02,10,11,13,28,31",01,1901720272,3,10000000,160,198653,953,3000,51921,200,1075858,10
2022110,2022-09-22(四),"上海1注,浙江1注,江西2注,山东2注,贵州1注,共7注。","09,13,15,18,20,28",15,1836366779,7,8127543,237,115468,1517,3000,71846,200,1358309,10
2022109,2022-09-20(二),"吉林2注,浙江2注,四川1注,共5注。","04,11,13,19,22,33",11,1811161575,5,8345394,78,268060,1475,3000,75543,200,1271773,10
2022108,2022-09-18(日),"河北2注,上海1注,江苏2注,浙江1注,山东4注,广东1注,四川1注,云南1注,共13注。","01,07,13,17,18,31",15,1790162397,13,6708669,269,103218,1547,3000,82351,200,1534591,10
2022107,2022-09-15(四),"山西1注,内蒙古1注,浙江2注,重庆2注,河南1注,广东1注,宁夏1注,共9注。","03,09,11,15,19,28",16,1794077479,9,6545730,139,125104,2144,3000,100396,200,1743516,10
2022106,2022-09-13(二),"上海1注,山东1注,湖北1注,共3注。","17,20,22,23,24,31",01,1800820638,3,10000000,50,555486,769,3000,42089,200,937948,10
2022105,2022-09-11(日),"河北2注,山东1注,广东1注,共4注。","06,12,13,15,21,23",15,1747497631,4,10000000,85,325048,988,3000,52348,200,1100730,10
2022104,2022-09-08(四),"河北1注,山西1注,黑龙江1注,上海2注,江西1注,重庆5注,河南1注,广东2注,海南1注,云南2注,陕西1注,共18注。","01,08,19,25,26,31",01,1704610228,18,5821410,214,86363,2358,3000,96467,200,1546479,10
2022103,2022-09-06(二),"北京1注,河北1注,辽宁1注,上海1注,江苏2注,湖北1注,广东1注,四川1注,贵州1注,深圳2注,共12注。","06,09,12,14,20,28",10,1753950406,12,6266348,146,130104,1688,3000,82838,200,1431184,10
2022102,2022-09-04(日),"辽宁2注,黑龙江1注,上海1注,四川1注,贵州1注,共6注。","09,10,12,18,29,32",14,1772160912,6,8618279,137,198080,887,3000,64340,200,1413562,10
2022101,2022-09-01(四),"辽宁1注,江苏20注,福建1注,广东3注,四川6注,云南1注,新疆1注,深圳1注,共34注。","04,16,18,19,27,28",04,1742459306,34,5458579,134,145444,1919,3000,87840,200,1529875,10
2022100,2022-08-30(二),"江苏1注,福建5注,山东1注,重庆2注,湖北2注,共11注。","02,06,07,15,20,21",15,1869582122,11,6875089,106,243230,826,3000,56800,200,1118203,10
2022099,2022-08-28(日),"内蒙古2注,上海1注,江苏1注,山东2注,四川1注,陕西1注,共8注。","01,11,23,24,26,32",15,1867860655,8,7480623,256,96899,1769,3000,92541,200,1564632,10
2022098,2022-08-25(四),"河北1注,辽宁1注,黑龙江1注,江苏3注,浙江1注,山东3注,湖南1注,广东1注,云南1注,陕西1注,共14注。","02,03,04,06,21,33",05,1853286941,14,6203690,34,619546,907,3000,52423,200,1030401,10
2022097,2022-08-23(二),"黑龙江1注,四川1注,陕西1注,共3注。","04,05,10,13,30,31",14,1876944863,3,10000000,65,421826,917,3000,44797,200,963509,10
2022096,2022-08-21(日),"北京46注,浙江1注,山东1注,甘肃1注,深圳1注,共50注。","03,16,17,19,25,33",07,1824688735,50,5337053,94,224104,1441,3000,80233,200,1530495,10
2022095,2022-08-18(四),"辽宁1注,黑龙江1注,上海2注,浙江1注,广东1注,云南1注,共7注。","04,13,14,18,20,28",08,2028343930,7,7040114,71,251422,1639,3000,80997,200,1334307,10
2022094,2022-08-16(二),"河北1注,广东1注,深圳1注,共3注。","06,11,13,16,19,31",02,2024071723,3,10000000,186,111576,1819,3000,84113,200,1473833,10
2022093,2022-08-14(日),"山西1注,福建1注,共2注。","21,22,24,28,29,32",14,1991811868,2,10000000,58,481689,758,3000,41819,200,899953,10
2022092,2022-08-11(四),"北京10注,江苏1注,福建1注,湖北5注,广东1注,四川2注,共20注。","07,10,16,20,21,27",11,1927997908,20,5805294,245,82172,2129,3000,83814,200,1454503,10
2022091,2022-08-09(二),"北京2注,辽宁1注,江苏1注,江西1注,湖北1注,广东1注,四川1注,共8注。","08,18,20,22,24,28",10,1983706692,8,6721485,244,70552,2249,3000,85307,200,1436874,10
2022090,2022-08-07(日),"浙江1注,山东2注,广东1注,海南1注,甘肃1注,深圳1注,共7注。","01,04,25,27,29,30",07,1985834009,7,5764881,98,68292,2272,3000,115279,200,1925031,10
2022089,2022-08-04(四),"山东1注,广西1注,云南1注,共3注。","02,07,15,29,31,33",15,2006110048,3,10000000,90,244825,1383,3000,72813,200,1268826,10
2022088,2022-08-02(二),"辽宁1注,江苏3注,浙江2注,安徽2注,山东1注,河南3注,广东6注,四川1注,云南1注,共20注。","03,09,15,17,20,22",06,1970007210,20,5577161,168,85887,1824,3000,87659,200,1489767,10
2022087,2022-07-31(日),"河北1注,辽宁2注,上海1注,江苏1注,广东1注,共6注。","05,06,09,13,23,25",08,2038263308,6,6065849,129,61967,2993,3000,192527,200,1940210,10
2022086,2022-07-28(四),"辽宁1注,江苏1注,浙江2注,山东1注,湖南1注,广东1注,云南1注,共8注。","01,04,08,21,23,24",11,2050676797,8,7234563,61,366321,1060,3000,55817,200,1082185,10
2022085,2022-07-26(二),"北京1注,吉林1注,江苏2注,山东1注,河南2注,广东1注,西藏1注,甘肃1注,宁夏1注,深圳1注,共12注。","07,09,14,31,32,33",13,2041516396,12,6387330,112,185803,1617,3000,72260,200,1308210,10
2022084,2022-07-24(日),"内蒙古1注,山东1注,广东1注,四川2注,共5注。","03,18,23,24,25,32",09,2055734480,5,7928087,97,188665,1714,3000,83687,200,1487680,10
2022083,2022-07-21(四),"河北1注,浙江3注,安徽1注,江西1注,山东1注,河南2注,广西1注,贵州1注,云南1注,新疆1注,共13注。","08,12,13,14,19,20",05,2040473284,13,6173323,258,73901,2307,3000,95612,200,1596261,10
2022082,2022-07-19(二),"上海2注,福建1注,共3注。","04,10,11,23,30,32",14,2063526963,3,10000000,79,316091,1036,3000,58000,200,1101679,10
2022081,2022-07-17(日),"安徽2注,河南1注,广东1注,陕西1注,共5注。","04,08,11,21,27,30",01,2018613381,5,9188488,186,140742,1212,3000,73822,200,1423594,10
2022080,2022-07-14(四),"北京1注,黑龙江1注,江苏1注,浙江1注,江西1注,湖北1注,广东2注,新疆1注,共9注。","05,12,15,17,18,27",04,1986021667,9,6967330,129,171569,1380,3000,70955,200,1389619,10
2022079,2022-07-12(二),"黑龙江1注,江苏1注,共2注。","01,09,15,17,22,23",16,1982330237,2,10000000,68,408297,867,3000,44720,200,941854,10
2022078,2022-07-10(日),"山西1注,辽宁1注,安徽1注,云南3注,共6注。","01,04,05,15,17,31",09,1919037561,6,7387658,69,259528,1273,3000,71165,200,1337065,10
2022077,2022-07-07(四),"北京1注,山西1注,浙江5注,广东3注,广西1注,贵州1注,甘肃1注,深圳1注,共14注。","03,17,18,19,20,27",16,1909641199,14,6273517,186,119820,1697,3000,87777,200,1502359,10
2022076,2022-07-05(二),"河北1注,江苏11注,广东1注,深圳1注,共14注。","08,09,10,13,24,29",02,1930610784,14,6399054,142,172418,1269,3000,63403,200,1300605,10
2022075,2022-07-03(日),"上海1注,山东2注,河南1注,广东1注,广西1注,共6注。","01,02,04,25,26,30",10,1946747172,6,7912531,78,280051,1953,3000,84808,200,1487065,10
2022074,2022-06-30(四),"上海1注,江苏1注,安徽1注,山东2注,广东1注,共6注。","05,07,15,19,29,33",15,1928690407,6,8413181,131,195411,1494,3000,72058,200,1290175,10
2022073,2022-06-28(二),"河北1注,辽宁1注,河南1注,广西1注,陕西2注,共6注。","06,10,14,15,26,29",12,1902372906,6,8211585,141,170828,1339,3000,63827,200,1272264,10
2022072,2022-06-26(日),"北京1注,山西1注,上海1注,山东1注,重庆1注,广东1注,贵州1注,共7注。","05,14,15,16,18,32",12,1879381753,7,7505272,95,230748,1794,3000,91196,200,1612709,10
2022071,2022-06-23(四),"北京2注,辽宁1注,上海1注,福建1注,江西1注,广东1注,甘肃1注,共8注。","04,07,15,18,29,33",01,1866155263,8,7659663,141,188628,1086,3000,56078,200,1104773,10
2022070,2022-06-21(二),"上海1注,福建1注,河南3注,广东1注,广西1注,陕西1注,甘肃1注,共9注。","04,06,09,27,28,33",02,1847642672,9,7137010,226,106377,1543,3000,80277,200,1524288,10
2022069,2022-06-19(日),"浙江3注,福建1注,重庆1注,湖北2注,湖南3注,广东1注,广西4注,海南1注,四川1注,贵州1注,云南1注,陕西1注,共20注。","06,07,13,19,26,29",08,1839751672,20,5516327,216,59760,3618,3000,131307,200,2035141,10
2022068,2022-06-16(四),"江苏1注,浙江1注,福建1注,四川1注,贵州1注,云南2注,共7注。","07,12,15,24,26,29",06,1911353650,7,7414434,170,124272,1642,3000,84964,200,1545170,10
2022067,2022-06-14(二),"辽宁1注,浙江3注,山东1注,重庆1注,湖北1注,广东1注,贵州1注,云南1注,共10注。","01,05,13,21,26,29",15,1899875782,10,6787147,147,151968,1793,3000,77179,200,1382962,10
2022066,2022-06-12(日),"北京1注,山西1注,内蒙古1注,辽宁3注,黑龙江1注,江苏3注,浙江4注,安徽1注,福建4注,山东3注,河南2注,湖北2注,广东4注,广西2注,云南1注,共33注。","06,11,14,20,27,30",09,1900729226,33,5152928,281,22449,5252,3000,189472,200,1982256,10
2022065,2022-06-09(四),"天津1注,河北1注,安徽1注,山东1注,共4注。","09,14,18,23,28,31",02,2051850948,4,9202821,143,146951,1647,3000,72446,200,1290179,10
2022064,2022-06-07(二),"福建1注,山东1注,重庆1注,河南1注,广东5注,广西1注,云南2注,共12注。","04,06,12,13,17,31",16,2025619908,12,6498426,81,277486,1028,3000,53195,200,1088210,10
2022063,2022-06-05(日),"河北3注,山西1注,吉林1注,江苏2注,浙江1注,安徽3注,江西1注,山东1注,河南2注,四川2注,贵州1注,陕西2注,共20注。","06,08,09,17,22,31",11,2036171824,20,5417818,181,57709,3978,3000,150479,200,2169039,10
2022062,2022-06-02(四),"内蒙古1注,黑龙江1注,浙江1注,广西1注,深圳1注,共5注。","16,18,20,21,23,33",05,2113191829,5,8563331,69,322765,800,3000,46396,200,937229,10
2022061,2022-05-31(二),"浙江1注,山东1注,陕西1注,共3注。","01,03,16,18,29,33",06,2089196019,3,10000000,64,389348,846,3000,49647,200,959477,10
2022060,2022-05-29(日),"浙江1注,福建1注,广东1注,共3注。","16,18,19,24,28,32",01,2044441141,3,10000000,80,370919,776,3000,49072,200,1084721,10
2022059,2022-05-26(四),"河北1注,内蒙古1注,黑龙江1注,湖北3注,湖南5注,广东1注,云南1注,宁夏5注,深圳2注,共20注。","06,09,18,19,29,33",06,1985420373,20,5714126,216,82653,2668,3000,96621,200,1480459,10
2022058,2022-05-24(二),"北京1注,河北1注,内蒙古1注,江苏2注,浙江1注,福建1注,四川2注,陕西1注,共10注。","06,13,14,23,31,33",01,2046143432,10,6841671,126,182705,999,3000,58846,200,1135454,10
2022057,2022-05-22(日),"上海1注,安徽1注,贵州1注,共3注。","12,15,20,26,30,33",16,2045497453,3,10000000,78,304574,1169,3000,60895,200,1199929,10
2022056,2022-05-19(四),"浙江1注,安徽1注,福建1注,山东1注,贵州1注,云南1注,共6注。","01,06,11,14,17,26",15,2004226992,6,8799261,162,175891,857,3000,62469,200,1394516,10
2022055,2022-05-17(二),"内蒙古1注,浙江2注,四川1注,共4注。","02,04,09,26,28,33",03,1971539174,4,9562440,77,296262,953,3000,57092,200,1117611,10
2022054,2022-05-15(日),"辽宁1注,浙江2注,安徽2注,福建1注,山东1注,重庆1注,河南5注,湖南2注,海南1注,四川1注,云南3注,新疆1注,共21注。","08,12,21,27,28,33",11,1941352325,21,5000000,92,6000,4177,3000,149902,200,2207496,10
2022053,2022-05-12(四),"北京1注,浙江1注,江西1注,陕西1注,共4注。","10,14,18,23,27,33",15,2046352325,4,10000000,81,366853,970,3000,46762,200,969144,10
2022052,2022-05-10(二),"河北1注,山西1注,云南1注,陕西1注,共4注。","07,24,27,29,31,32",15,1997206997,4,10000000,61,467706,888,3000,47240,200,1022886,10
2022051,2022-05-08(日),"河北1注,辽宁1注,贵州1注,云南1注,深圳1注,共5注。","02,05,11,17,21,33",01,1951616776,5,9343551,114,238133,1235,3000,70906,200,1289816,10
2022050,2022-05-05(四),"北京2注,辽宁1注,黑龙江1注,江苏1注,山东1注,重庆1注,河南7注,广东1注,四川1注,共16注。","03,05,08,14,27,33",08,1916892944,16,6080345,141,153240,1739,3000,84801,200,1523857,10
2022049,2022-05-03(二),共0注。,"02,04,07,18,25,26",10,1949357745,0,0,127,175848,1317,3000,72123,200,1387553,10
2022048,2022-05-01(日),"辽宁1注,江西1注,广东1注,贵州1注,共4注。","05,07,17,20,26,31",14,1882359418,4,10000000,180,165454,969,3000,58888,200,1279419,10
2022047,2022-04-28(四),"上海1注,浙江2注,福建4注,江西1注,山东2注,重庆1注,湖北1注,湖南1注,四川2注,贵州5注,深圳1注,共21注。","03,07,08,14,27,30",09,1833014021,21,5625122,128,128199,2667,3000,99201,200,1570894,10
2022046,2022-04-26(二),"黑龙江1注,江苏1注,浙江3注,江西1注,河南1注,贵州1注,青海1注,共9注。","02,11,24,25,27,30",14,1901913181,9,7489274,132,212154,1157,3000,64937,200,1254336,10
2022045,2022-04-24(日),"辽宁1注,浙江1注,安徽1注,江西1注,山东2注,湖南1注,共7注。","03,12,17,18,19,28",04,1885303642,7,7472273,182,118859,2554,3000,114388,200,2005751,10
2022044,2022-04-21(四),"河南1注,湖南6注,陕西1注,新疆3注,共11注。","01,07,08,21,23,29",06,1872712376,11,6476085,123,165009,1657,3000,75494,200,1392004,10
2022043,2022-04-19(二),"浙江1注,江西1注,山东2注,广东2注,贵州1注,云南2注,共9注。","02,17,20,23,25,27",08,1883060805,9,6718875,54,358098,1312,3000,66237,200,1274684,10
2022042,2022-04-17(日),"北京1注,山西1注,江苏2注,浙江1注,四川3注,陕西2注,共10注。","05,10,11,21,22,30",13,1885518647,10,7059021,175,147072,1624,3000,77105,200,1574277,10
2022041,2022-04-14(四),"辽宁1注,黑龙江1注,重庆2注,共4注。","05,07,21,22,24,29",14,1878895566,4,10000000,57,504454,799,3000,47352,200,1061711,10
2022040,2022-04-12(二),"北京1注,内蒙古1注,江苏1注,安徽1注,江西1注,山东1注,重庆2注,湖北4注,广东1注,贵州1注,陕西1注,共15注。","03,12,14,16,31,33",12,1832633915,15,5830283,119,130821,1322,3000,72884,200,1344156,10
2022039,2022-04-10(日),"北京2注,浙江1注,福建1注,山东1注,共5注。","02,06,07,10,15,20",05,1873384741,5,9112790,177,145225,1693,3000,79297,200,1476259,10
2022038,2022-04-07(四),"安徽1注,江西1注,山东1注,重庆1注,广东1注,共5注。","09,12,13,16,24,32",04,1841833878,5,8932134,67,366803,1024,3000,54426,200,1110914,10
2022037,2022-04-05(二),"浙江1注,福建1注,重庆1注,共3注。","01,10,13,20,22,32",14,1812767035,3,10000000,74,372366,677,3000,39417,200,861539,10
2022036,2022-04-03(日),"北京1注,山东1注,重庆1注,广东4注,共7注。","02,03,14,16,26,31",02,1760101650,7,8039081,110,241745,1112,3000,59635,200,1183135,10
2022035,2022-03-31(四),"河北1注,浙江1注,福建1注,山东1注,河南2注,四川1注,贵州1注,共8注。","08,12,13,19,23,25",15,1736599330,8,7126487,169,125827,1773,3000,82237,200,1421190,10
2022034,2022-03-29(二),"辽宁6注,吉林1注,江西1注,山东1注,共9注。","14,17,26,31,32,33",10,1729816605,9,7033420,49,466856,1083,3000,52816,200,1034743,10
2022033,2022-03-27(日),"河北2注,浙江1注,山东1注,河南2注,湖北1注,海南1注,四川1注,贵州1注,云南1注,共11注。","05,12,19,22,25,26",05,1724489453,11,6853773,192,132757,2019,3000,95725,200,1666450,10
2022032,2022-03-24(四),"上海1注,安徽1注,四川5注,共7注。","04,10,11,14,23,32",07,1723412804,7,8228322,54,523107,968,3000,50898,200,1036778,10
2022031,2022-03-22(二),"山西2注,江苏1注,浙江4注,安徽2注,河南3注,湖北1注,广东1注,贵州1注,云南12注,陕西1注,共28注。","01,10,11,22,26,32",07,1696267600,28,5507246,296,59978,1856,3000,87709,200,1466943,10
2022030,2022-03-20(日),"浙江1注,山东5注,广东12注,共18注。","12,23,24,26,27,30",05,1797209652,18,5942310,55,385490,1634,3000,73945,200,1392454,10
2022029,2022-03-17(四),"天津1注,山西1注,江苏2注,浙江1注,安徽2注,湖北2注,广东1注,共10注。","03,08,10,13,26,32",08,1840565291,10,6314985,105,156545,1906,3000,92362,200,1645192,10
2022028,2022-03-15(二),"山西1注,广东7注,陕西1注,共9注。","05,11,20,22,23,29",09,1854403191,9,6991710,330,67899,1371,3000,82678,200,1572608,10
2022027,2022-03-13(日),"上海2注,云南1注,共3注。","14,15,18,19,26,32",09,1850108360,3,10000000,74,270324,1422,3000,83144,200,1496532,10
2022026,2022-03-10(四),"内蒙古1注,江苏1注,浙江2注,福建1注,山东1注,广东2注,海南1注,深圳1注,共10注。","03,04,10,15,22,24",02,1820096321,10,7519808,129,244167,1096,3000,60656,200,1226877,10
2022025,2022-03-08(二),"湖南1注,共1注。","06,19,24,25,28,32",04,1800801596,1,10000000,98,261907,1184,3000,65320,200,1271944,10
2022024,2022-03-06(日),"山东1注,湖北1注,共2注。","07,09,10,14,19,24",15,1733800692,2,10000000,154,187504,1455,3000,82140,200,1599856,10
2022023,2022-03-03(四),"山西1注,吉林1注,浙江1注,湖北1注,广东5注,共9注。","07,12,17,19,24,25",02,1667173674,9,7444170,98,280580,1288,3000,70720,200,1393074,10
2022022,2022-03-01(二),"北京1注,河北1注,江苏3注,浙江1注,湖北1注,四川1注,宁夏1注,共9注。","01,07,11,15,17,19",06,1651680455,9,6751389,162,121624,1841,3000,95683,200,1710271,10
2022021,2022-02-27(日),"江西1注,广东15注,共16注。","03,07,22,24,26,31",14,1653333569,16,6650843,74,446173,975,3000,61811,200,1321737,10
2022020,2022-02-24(四),"浙江1注,共1注。","09,11,14,22,30,32",01,1660696455,1,10000000,52,533809,803,3000,50405,200,1040870,10
2022019,2022-02-22(二),"上海1注,江苏1注,浙江2注,江西1注,广东6注,贵州1注,云南1注,共13注。","05,06,14,20,21,25",08,1587422145,13,6113016,123,147044,2128,3000,95925,200,1614752,10
2022018,2022-02-20(日),"天津1注,湖南1注,共2注。","07,11,16,17,30,32",16,1612631799,2,10000000,178,169901,914,3000,59285,200,1239517,10
2022017,2022-02-17(四),"北京2注,河北1注,贵州1注,甘肃1注,共5注。","06,09,24,29,30,32",07,1541904440,5,8716688,162,143390,1128,3000,70487,200,1372481,10
2022016,2022-02-15(二),"河北2注,江苏2注,山东2注,湖北4注,湖南2注,广东1注,四川2注,共15注。","05,10,19,20,29,31",14,1515799969,15,6190322,336,66424,2068,3000,98815,200,1670638,10
2022015,2022-02-13(日),"浙江2注,山东2注,湖北1注,广东1注,广西1注,云南1注,新疆1注,共9注。","06,14,16,27,28,31",07,1541699154,9,6685876,95,199643,2388,3000,90213,200,1527884,10
2022014,2022-02-10(四),"河北1注,辽宁1注,上海1注,浙江1注,安徽1注,福建1注,广西1注,共7注。","06,07,13,14,15,27",04,1544973715,7,7794467,469,52135,1376,3000,76286,200,1386459,10
2022013,2022-02-08(二),"山东1注,重庆1注,共2注。","02,03,04,07,10,18",15,1526180218,2,10000000,133,221005,1366,3000,64462,200,1337014,10
2022012,2022-01-27(四),"内蒙古2注,黑龙江1注,浙江2注,福建1注,湖南1注,广东2注,共9注。","04,07,08,29,30,31",01,1457999052,9,7305724,193,134401,2249,3000,107244,200,1918461,10
2022011,2022-01-25(二),"河北1注,辽宁1注,吉林1注,深圳1注,共4注。","06,15,23,24,25,33",15,1445932371,4,10000000,125,239630,1478,3000,58576,200,1159337,10
2022010,2022-01-23(日),"北京1注,内蒙古1注,江苏1注,湖北1注,云南1注,陕西1注,新疆1注,共7注。","12,18,19,20,21,32",15,1396071026,7,7878499,139,181200,1949,3000,89464,200,1614980,10
2022009,2022-01-20(四),"甘肃1注,共1注。","04,15,17,19,25,28",16,1375659920,1,10000000,266,112827,1024,3000,57970,200,1214030,10
2022008,2022-01-18(二),"福建1注,广东1注,四川1注,共3注。","02,03,07,09,20,21",13,1295623770,3,10000000,132,179611,1339,3000,79633,200,1629158,10
2022007,2022-01-16(日),"广东3注,共3注。","01,20,22,23,25,28",16,1254497537,3,10000000,81,459735,640,3000,46625,200,1077232,10
2022006,2022-01-13(四),"河北3注,安徽1注,四川2注,新疆1注,共7注。","03,06,09,15,22,31",02,1172781808,7,7682542,173,135677,2173,3000,95830,200,1681775,10
2022005,2022-01-11(二),"北京1注,湖北1注,共2注。","07,10,12,16,19,31",16,1156142875,2,10000000,74,379503,1112,3000,62198,200,1300134,10
2022004,2022-01-09(日),"山西1注,江苏2注,河南1注,广东2注,广西1注,云南2注,共9注。","05,19,24,28,30,32",14,1091893203,9,6141105,62,207055,2173,3000,111283,200,1920330,10
2022003,2022-01-06(四),"河北1注,江苏2注,湖南1注,海南1注,四川1注,云南1注,共7注。","02,05,16,17,18,30",06,1108650848,7,7708412,181,130931,1968,3000,91043,200,1577681,10
2022002,2022-01-04(二),"天津1注,河北2注,浙江2注,江西1注,河南1注,云南1注,深圳1注,共9注。","02,12,21,23,25,31",08,1091513907,9,7295582,134,192726,1411,3000,71926,200,1403343,10
2022001,2022-01-02(日),"江苏1注,浙江1注,湖南1注,四川1注,共4注。","06,13,15,17,20,21",03,1079698248,4,10000000,83,389050,1268,3000,69120,200,1351405,10
2021150,2021-12-30(四),"北京1注,河北1注,安徽25注,福建1注,江西1注,重庆1注,河南1注,广西1注,贵州1注,陕西1注,新疆2注,深圳1注,共37注。其中一等奖特别奖为：北京1注,河北1注,安徽25注,重庆1注,河南1注,新疆2注。","09,14,20,21,24,26",04,1022824601,37,5660828,239,127879,2288,3000,99846,200,1869866,10
2021149,2021-12-28(二),"内蒙古1注,上海1注,浙江3注,深圳3注,共8注。其中一等奖特别奖为：内蒙古1注,浙江1注。","05,10,15,18,19,32",05,1140585301,8,7864325,103,278089,1366,3000,75921,200,1446067,10
2021148,2021-12-26(日),"辽宁1注,江西1注,湖南1注,广西2注,海南1注,四川1注,贵州1注,共8注。其中一等奖特别奖为：江西1注,广西2注,海南1注,四川1注。","10,12,15,17,19,20",08,1117570138,8,7622855,175,149877,1942,3000,95228,200,1716355,10
2021147,2021-12-23(四),"北京2注,河北1注,辽宁2注,黑龙江1注,江苏2注,福建1注,河南1注,湖北1注,云南1注,深圳1注,共13注。其中一等奖特别奖为：北京2注,河北1注,辽宁2注,黑龙江1注,江苏2注,福建1注,云南1注。","05,10,11,13,27,28",09,1099867308,13,6608176,194,134705,5004,3000,114915,200,2023736,10
2021146,2021-12-21(二),"内蒙古1注,江苏1注,浙江1注,河南1注,湖南1注,深圳1注,共6注。其中一等奖特别奖为：浙江1注,湖南1注。","07,09,21,22,26,32",03,1107375000,6,9424198,103,322150,1568,3000,81783,200,1646072,10
2021145,2021-12-19(日),"吉林1注,上海2注,江苏1注,安徽1注,江西1注,重庆3注,河南1注,共10注。其中一等奖特别奖为：上海2注,安徽1注。","04,07,10,14,16,26",09,1064375720,10,7832457,159,222677,1811,3000,106304,200,1896251,10
2021144,2021-12-16(四),"辽宁1注,上海1注,浙江1注,湖南1注,广东1注,共5注。其中一等奖特别奖为：浙江1注,湖南1注。","02,05,13,15,23,26",07,1036483149,5,9315997,172,156831,2181,3000,100376,200,1818706,10
2021143,2021-12-14(二),"辽宁1注,上海1注,浙江2注,安徽32注,山东1注,广东3注,贵州1注,共41注。其中一等奖特别奖为：辽宁1注,浙江1注,安徽32注,山东1注,广东2注,贵州1注。","01,09,11,13,20,29",09,1002138181,41,5571480,158,185369,2099,3000,102841,200,1847795,10
2021142,2021-12-12(日),"辽宁2注,黑龙江1注,河南1注,广东1注,云南1注,新疆1注,深圳1注,共8注。其中一等奖特别奖为：河南1注,广东1注,云南1注,深圳1注。","04,07,17,19,20,24",16,1142703731,8,8791842,227,167041,1642,3000,94056,200,1852762,10
2021141,2021-12-09(四),"河北2注,福建1注,江西2注,湖北1注,甘肃1注,共7注。其中一等奖特别奖为：河北2注,福建1注,湖北1注,甘肃1注。","01,14,19,23,26,30",10,1099283201,7,8542650,132,234834,1383,3000,74249,200,1475684,10
2021140,2021-12-07(二),"河北1注,山西1注,内蒙古1注,浙江1注,重庆9注,河南1注,湖北1注,四川3注,云南1注,青海1注,共20注。其中一等奖特别奖为：重庆5注,四川2注,云南1注,青海1注。","05,10,16,26,27,33",01,1066087178,20,6366303,694,49218,2916,3000,131648,200,1934360,10
2021139,2021-12-05(日),"河北1注,辽宁1注,江苏5注,重庆1注,广东2注,四川2注,云南1注,陕西1注,共14注。其中一等奖特别奖为：河北1注,江苏5注,重庆1注,四川2注,云南1注,陕西1注。","12,14,19,23,24,27",01,1090940461,14,7490724,193,225842,1358,3000,79425,200,1545315,10
2021138,2021-12-02(四),"河北1注,吉林1注,山东2注,重庆1注,河南1注,广东7注,广西1注,四川2注,云南2注,新疆2注,共20注。其中一等奖特别奖为：河北1注,吉林1注,山东1注,重庆1注,广东7注,四川1注,云南2注,新疆2注。","11,14,15,16,27,32",09,1065047563,20,5685347,123,139298,2695,3000,124016,200,2089301,10
2021137,2021-11-30(二),"北京2注,辽宁1注,浙江1注,安徽3注,福建1注,重庆1注,四川2注,贵州4注,陕西3注,深圳1注,共19注。其中一等奖特别奖为：安徽1注,重庆1注,四川2注,贵州4注,陕西3注。","03,07,10,14,21,24",01,1127353431,19,6420588,274,123134,1796,3000,88992,200,1677279,10
2021136,2021-11-28(日),"内蒙古2注,辽宁2注,浙江1注,安徽1注,山东2注,四川1注,云南1注,共10注。其中一等奖特别奖为：内蒙古2注,浙江1注,山东2注,四川1注。","02,06,09,15,19,28",16,1148127692,10,7908192,319,113957,1777,3000,108928,200,2066923,10
2021135,2021-11-25(四),"安徽1注,共1注。其中一等奖特别奖为：安徽1注。","03,10,17,19,21,31",04,1118152404,1,10000000,124,303985,1371,3000,73580,200,1449338,10
2021134,2021-11-23(二),"河北2注,上海1注,江苏1注,广东5注,云南2注,共11注。其中一等奖特别奖为：河北1注,上海1注,江苏1注,广东5注。","01,02,16,19,25,31",08,1015069784,11,7491866,109,314340,1246,3000,73202,200,1501384,10
2021133,2021-11-21(日),"吉林1注,黑龙江1注,浙江1注,江西3注,湖南1注,广东1注,陕西2注,宁夏2注,共12注。其中一等奖特别奖为：黑龙江1注,浙江1注,江西3注,湖南1注,广东1注,宁夏2注。","01,03,12,19,27,31",10,994690824,12,7465121,171,216238,1708,3000,85746,200,1647164,10
2021132,2021-11-18(四),"河北1注,山东2注,湖北1注,海南1注,云南1注,共6注。其中一等奖特别奖为：山东2注,湖北1注。","01,04,06,14,20,28",08,973341811,6,7775391,171,121727,2515,3000,112683,200,2014998,10
2021131,2021-11-16(二),"内蒙古1注,江苏1注,浙江1注,福建1注,广西1注,云南1注,共6注。其中一等奖特别奖为：江苏1注,浙江1注,福建1注。","08,11,18,19,20,24",01,957547844,6,9453797,116,287961,1557,3000,83815,200,1646913,10
2021130,2021-11-14(日),"江苏3注,浙江2注,安徽1注,河南1注,湖南1注,广东1注,四川1注,云南2注,共12注。","08,09,15,24,26,30",06,914060182,12,6336861,155,129373,2429,3000,115998,200,1966635,10
2021129,2021-11-11(四),"浙江1注,福建1注,广东1注,四川1注,陕西1注,共5注。","04,15,21,27,28,29",10,929943762,5,7512285,139,112962,1834,3000,87135,200,1538163,10
2021128,2021-11-09(二),"内蒙古1注,湖南2注,共3注。","05,17,20,21,23,33",04,920399839,3,10000000,66,369015,990,3000,54506,200,1090322,10
2021127,2021-11-07(日),"上海1注,浙江1注,福建1注,江西1注,山东1注,广东2注,四川3注,共10注。","07,15,16,20,27,29",07,877334837,10,6816913,96,236577,1551,3000,77141,200,1348446,10
2021126,2021-11-04(四),"山西1注,辽宁5注,共6注。","19,20,23,27,28,31",01,877369730,6,8689696,90,307474,716,3000,40239,200,895666,10
2021125,2021-11-02(二),"内蒙古1注,上海1注,广东1注,甘肃1注,共4注。","14,19,20,23,24,31",09,846489745,4,8898474,84,232052,1239,3000,65556,200,1223620,10
2021124,2021-10-31(日),"北京1注,江苏2注,福建2注,广东1注,深圳2注,共8注。","01,03,18,22,29,32",02,823606529,8,7956250,117,252670,1011,3000,55712,200,1164759,10
2021123,2021-10-28(四),"河北1注,辽宁1注,山东1注,河南1注,湖北1注,湖南1注,共6注。","06,14,15,19,29,31",05,798569016,6,8473913,207,125866,1429,3000,81160,200,1561057,10
2021122,2021-10-26(二),"北京1注,重庆1注,广东1注,贵州1注,云南1注,共5注。","04,05,12,15,18,28",07,771249437,5,8231591,91,221949,1608,3000,78204,200,1406855,10
2021121,2021-10-24(日),"江苏1注,浙江1注,山东3注,甘肃2注,共7注。","04,05,12,16,22,30",15,751815051,7,7721874,205,116177,1769,3000,98135,200,1755290,10
2021120,2021-10-21(四),"河北11注,山西1注,辽宁1注,吉林1注,黑龙江1注,浙江2注,山东1注,重庆2注,河南12注,湖北2注,广西1注,四川2注,陕西1注,甘肃1注,深圳1注,共40注。","01,07,08,12,13,18",05,734418962,40,5268563,496,27072,3968,3000,135450,200,1958845,10
2021119,2021-10-19(二),"天津1注,辽宁1注,黑龙江1注,浙江1注,江西1注,重庆4注,湖北1注,湖南3注,广东1注,陕西1注,共15注。","03,09,10,11,28,29",13,904876996,15,6354639,356,71346,1861,3000,93916,200,1712832,10
2021118,2021-10-17(日),"北京1注,浙江1注,山东1注,湖北1注,四川2注,共6注。","02,06,14,18,20,31",13,923998119,6,8460209,126,205964,1285,3000,68471,200,1267023,10
2021117,2021-10-14(四),"安徽1注,河南2注,广东1注,贵州1注,云南5注,共10注。","03,05,17,21,27,33",04,896904658,10,6782803,101,220644,1443,3000,69491,200,1187525,10
2021116,2021-10-12(二),"上海1注,安徽1注,广东1注,共3注。","06,14,17,18,31,33",06,897877549,3,10000000,46,552161,1108,3000,51903,200,1035380,10
2021115,2021-10-10(日),"河北1注,内蒙古1注,福建1注,广东1注,云南1注,共5注。","02,10,12,15,24,27",08,851679247,5,7857682,100,178605,1755,3000,82453,200,1469923,10
2021114,2021-10-07(四),"河北1注,山西2注,共3注。","04,06,08,14,24,27",02,837386111,3,10000000,177,158159,1159,3000,49586,200,1051972,10
2021113,2021-10-05(二),"江苏1注,浙江1注,安徽1注,福建1注,江西1注,山东4注,广东1注,广西1注,四川1注,共12注。","04,07,10,22,27,30",02,783403562,12,6380290,231,89629,1313,3000,69736,200,1260963,10
2021112,2021-09-30(四),"北京2注,河北1注,上海1注,江苏2注,浙江4注,安徽3注,福建1注,广东2注,广西1注,四川2注,贵州1注,陕西1注,深圳1注,共22注。","05,06,21,25,28,33",07,797853981,22,5394421,229,47364,4288,3000,157535,200,2140687,10
2021111,2021-09-28(二),"河北1注,河南1注,广东1注,共3注。","17,20,22,23,26,28",06,883991506,3,10000000,96,219919,1367,3000,66536,200,1272844,10
2021110,2021-09-26(日),"浙江1注,山东1注,四川1注,云南1注,陕西1注,共5注。","10,13,15,24,31,32",02,850654756,5,9736534,246,120338,999,3000,48494,200,978568,10
2021109,2021-09-23(四),"内蒙古1注,黑龙江1注,福建1注,广东1注,共4注。","02,03,10,17,20,26",16,810527410,4,9492827,132,170182,1041,3000,64041,200,1255240,10
2021108,2021-09-21(二),"福建1注,山东3注,重庆1注,共5注。","11,15,18,24,26,32",09,781106313,5,8478207,118,184227,1022,3000,64483,200,1287213,10
2021107,2021-09-19(日),"天津1注,浙江2注,山东1注,湖北2注,广东1注,共7注。","02,03,17,19,25,30",01,758280964,7,7867703,151,166174,1967,3000,87514,200,1471919,10
2021106,2021-09-16(四),"河北1注,浙江1注,福建1注,江西1注,山东1注,湖南2注,共7注。","01,04,07,14,30,31",03,738077667,7,8130452,150,182609,1137,3000,58151,200,1188236,10
2021105,2021-09-14(二),"辽宁1注,浙江2注,山东1注,重庆2注,河南1注,湖北1注,新疆1注,共9注。","10,14,15,22,27,32",09,712816451,9,6993977,174,128920,1497,3000,70287,200,1250498,10
2021104,2021-09-12(日),"安徽1注,山东1注,湖南3注,深圳1注,共6注。","01,07,17,20,22,28",15,708465505,6,9475659,101,332350,964,3000,56794,200,1292130,10
2021103,2021-09-09(四),"山东1注,广东1注,共2注。","10,13,15,25,29,30",15,664617126,2,10000000,122,233872,1121,3000,63371,200,1254029,10
2021102,2021-09-07(二),"河北1注,山西1注,内蒙古1注,江苏1注,浙江16注,山东1注,河南3注,湖北2注,湖南1注,广东2注,贵州1注,云南1注,陕西1注,宁夏1注,深圳1注,共34注。","05,09,15,24,27,30",09,599019763,34,5285653,236,51441,3484,3000,133111,200,1938593,10
2021101,2021-09-05(日),"河北1注,江苏1注,福建1注,江西1注,河南1注,四川1注,共6注。","02,04,12,22,29,31",01,742311198,6,8682830,107,258142,1128,3000,64342,200,1279444,10
2021100,2021-09-02(四),"湖南1注,贵州4注,云南1注,陕西2注,共8注。","07,09,12,13,14,29",16,711544497,8,7583366,170,151962,1289,3000,78715,200,1572343,10
2021099,2021-08-31(二),"福建1注,重庆5注,湖北1注,共7注。","09,11,17,18,20,27",15,694710436,7,7942916,278,92627,1251,3000,74032,200,1486441,10
2021098,2021-08-29(日),"山西1注,浙江1注,安徽1注,湖北1注,共4注。","01,10,13,18,26,32",05,673059288,4,10000000,141,178834,1135,3000,64042,200,1353431,10
2021097,2021-08-26(四),"辽宁20注,吉林2注,上海1注,浙江3注,安徽1注,福建1注,山东2注,重庆6注,湖北3注,湖南1注,广东2注,海南1注,四川1注,新疆1注,共45注。","03,11,12,13,25,28",12,637412452,45,5323421,359,50675,2611,3000,111890,200,1712428,10
2021096,2021-08-24(二),"山西1注,辽宁1注,黑龙江1注,浙江2注,安徽1注,福建1注,河南1注,四川1注,云南1注,甘肃1注,新疆1注,深圳1注,共13注。","01,07,11,14,15,26",11,822388985,13,5640531,91,114380,2458,3000,107427,200,1756843,10
2021095,2021-08-22(日),"江西1注,山东1注,云南1注,新疆1注,共4注。","08,12,17,24,27,28",13,864489999,4,10000000,140,201541,1212,3000,71862,200,1385115,10
2021094,2021-08-19(四),"浙江1注,共1注。","09,11,24,25,28,33",15,819842497,1,10000000,101,273512,939,3000,55433,200,1073497,10
2021093,2021-08-17(二),"山西1注,黑龙江1注,山东2注,云南1注,共5注。","05,11,15,23,28,33",03,746968208,5,8646623,229,99525,1519,3000,81885,200,1476260,10
2021092,2021-08-15(日),"河北2注,山东1注,广东1注,共4注。","02,07,08,10,12,31",03,721827132,4,9066769,154,132037,2270,3000,96489,200,1690180,10
2021091,2021-08-12(四),"天津1注,江苏1注,浙江1注,福建1注,共4注。","04,06,16,24,26,33",16,697092670,4,10000000,102,258058,1454,3000,57244,200,1040232,10
2021090,2021-08-10(二),"河北1注,辽宁1注,吉林1注,上海1注,江苏1注,浙江2注,安徽2注,福建1注,山东2注,湖北2注,湖南1注,广东1注,四川2注,云南1注,共19注。","05,06,12,14,27,28",08,658126685,19,5534608,199,63803,3132,3000,126379,200,1889998,10
2021089,2021-08-08(日),"河北16注,上海1注,重庆15注,河南4注,四川11注,云南1注,新疆2注,深圳1注,共51注。","01,02,07,13,23,24",12,725193394,51,5338932,659,32787,3029,3000,100562,200,1413621,10
2021088,2021-08-05(四),"山西1注,辽宁1注,上海1注,江苏2注,安徽1注,山东1注,共7注。","04,12,15,16,19,26",06,932658139,7,7133062,165,113116,1933,3000,94551,200,1632069,10
2021087,2021-08-03(二),"河北1注,黑龙江1注,福建1注,江西1注,山东3注,湖北1注,广东1注,陕西1注,共10注。","02,13,16,19,23,24",04,926596691,10,6520555,219,86789,1805,3000,89095,200,1495397,10
2021086,2021-08-01(日),"四川1注,共1注。","06,08,10,14,28,29",01,934781421,1,10000000,123,214082,1461,3000,70011,200,1378287,10
2021085,2021-07-29(四),"安徽1注,福建1注,广东1注,广西1注,共4注。","05,06,07,11,14,20",02,865785162,4,9473926,189,118357,1532,3000,74557,200,1335442,10
2021084,2021-07-27(二),"河北10注,辽宁1注,吉林1注,江西1注,山东2注,重庆1注,河南1注,湖南1注,广东1注,云南2注,共21注。","05,07,09,11,21,28",01,836571971,21,5814345,182,117453,2273,3000,96799,200,1600076,10
2021083,2021-07-25(日),"北京1注,河北1注,山西1注,辽宁1注,江苏1注,浙江1注,江西1注,山东4注,河南1注,湖北1注,湖南1注,广东4注,四川2注,云南3注,陕西2注,共25注。","04,09,11,25,28,33",04,894543509,25,5173874,276,19686,4499,3000,163725,200,2293244,10
2021082,2021-07-22(四),"天津1注,上海2注,江苏1注,云南1注,陕西1注,深圳1注,共7注。","03,06,11,13,26,32",05,1007589655,7,7348639,161,127643,1482,3000,83342,200,1523668,10
2021081,2021-07-20(二),"内蒙古1注,福建1注,云南1注,陕西1注,共4注。","01,03,05,18,22,23",01,997378346,4,10000000,135,207725,879,3000,45659,200,1001881,10
2021080,2021-07-18(日),"内蒙古3注,上海3注,山东2注,重庆1注,广东1注,云南2注,共12注。","05,08,22,23,24,29",09,953249373,12,6122048,119,141434,2263,3000,107774,200,1806713,10
2021079,2021-07-15(四),"江苏1注,浙江1注,福建2注,湖南1注,广东3注,共8注。","01,03,10,24,28,29",13,976221781,8,7301888,95,242304,1614,3000,65031,200,1305677,10
2021078,2021-07-13(二),"浙江1注,安徽1注,广东3注,陕西1注,共6注。","04,06,15,26,27,31",12,965580237,6,7800858,132,159139,1568,3000,73374,200,1304974,10
2021077,2021-07-11(日),"内蒙古1注,吉林2注,江苏2注,福建1注,山东3注,湖北1注,湖南1注,广东1注,陕西1注,共13注。","08,15,17,25,27,30",10,949366069,13,6434628,112,208149,1760,3000,81202,200,1433306,10
2021076,2021-07-08(四),"安徽2注,云南1注,新疆1注,共4注。","03,09,21,23,30,32",06,963078086,4,7982765,87,171423,1448,3000,79528,200,1471463,10
2021075,2021-07-06(二),"江苏1注,陕西1注,共2注。","12,15,16,21,22,29",01,950267665,2,10000000,55,435092,888,3000,52998,200,1089033,10
2021074,2021-07-04(日),"河北1注,辽宁2注,江苏1注,山东2注,湖北1注,广西4注,四川1注,陕西1注,深圳1注,共14注。","04,05,09,14,25,27",07,898477373,14,5822076,163,88259,2839,3000,117710,200,1892436,10
2021073,2021-07-01(四),"重庆1注,湖北2注,云南1注,共4注。","01,06,18,22,24,25",08,936827442,4,9536636,83,273291,1329,3000,70230,200,1423416,10
2021072,2021-06-29(二),"辽宁1注,浙江2注,共3注。","01,09,15,16,19,21",15,906924437,3,10000000,105,275206,894,3000,49241,200,993424,10
2021071,2021-06-27(日),"上海1注,江苏1注,浙江1注,福建1注,四川1注,西藏1注,共6注。","01,07,24,31,32,33",08,850234438,6,7393944,75,239394,1440,3000,67960,200,1217408,10
2021070,2021-06-24(四),"江苏1注,浙江1注,河南3注,广西1注,共6注。","01,05,11,15,16,29",15,840734349,6,8972728,179,166455,980,3000,53848,200,1106832,10
2021069,2021-06-22(二),"北京1注,上海1注,江苏1注,浙江1注,新疆1注,共5注。","06,11,18,20,23,26",05,805184330,5,8297648,130,158540,2322,3000,81432,200,1286895,10
2021068,2021-06-20(日),"北京1注,江苏1注,浙江1注,重庆1注,广东1注,四川1注,贵州1注,共7注。","04,14,18,24,31,32",15,784841657,7,8662562,232,138135,801,3000,60674,200,1280696,10
2021067,2021-06-17(四),"河北1注,黑龙江1注,安徽1注,广东1注,新疆2注,共6注。","01,11,19,23,25,29",09,749337326,6,7464865,61,303057,1349,3000,67848,200,1249765,10
2021066,2021-06-15(二),"山西2注,辽宁1注,重庆5注,广东1注,贵州1注,云南1注,宁夏2注,新疆1注,共14注。","02,06,19,26,30,33",15,738667046,14,6436433,145,173362,1873,3000,52905,200,1078175,10
2021065,2021-06-13(日),"河南1注,广西1注,陕西1注,共3注。","01,04,08,19,29,33",16,753364365,3,10000000,82,384177,883,3000,48427,200,1064673,10
2021064,2021-06-10(四),"内蒙古1注,黑龙江1注,浙江1注,山东1注,共4注。","04,06,08,15,16,18",16,688856687,4,10000000,112,242377,1407,3000,59259,200,1150957,10
2021063,2021-06-08(二),"北京3注,辽宁2注,黑龙江1注,江苏1注,浙江1注,安徽1注,山东1注,湖北1注,广东1注,云南2注,深圳2注,共16注。","04,05,06,09,23,24",09,647417696,16,5000000,106,6000,3611,3000,161374,200,2345956,10
2021062,2021-06-06(日),"上海1注,浙江1注,安徽1注,山东1注,四川1注,甘肃1注,共6注。","12,13,15,20,22,25",10,727417696,6,8804175,67,425840,1323,3000,61966,200,1244768,10
2021061,2021-06-03(四),"上海1注,山东1注,广东1注,深圳1注,共4注。","04,09,12,18,20,23",01,694648802,4,10000000,127,237150,959,3000,62484,200,1290322,10
2021060,2021-06-01(二),"内蒙古2注,吉林1注,浙江2注,陕西1注,共6注。","10,11,17,20,29,30",15,644294438,6,8356965,163,154461,1661,3000,81825,200,1479247,10
2021059,2021-05-30(日),"广东1注,共1注。","01,09,11,18,32,33",14,618904511,1,10000000,91,397078,1118,3000,53299,200,1079064,10
2021058,2021-05-27(四),"河北1注,安徽1注,广西2注,新疆1注,共5注。","09,11,13,18,19,28",14,520502015,5,9893453,96,318584,904,3000,57701,200,1285673,10
2021057,2021-05-25(二),"河北1注,上海1注,山东1注,河南1注,广东2注,共6注。","05,06,09,17,25,33",16,478217025,6,8882850,179,162689,1322,3000,84235,200,1724157,10
2021056,2021-05-23(日),"北京1注,辽宁1注,江苏1注,安徽1注,山东1注,河南1注,广东1注,广西1注,四川1注,甘肃1注,共10注。","08,21,22,23,29,32",01,444149990,10,7488306,215,144669,1472,3000,78355,200,1468157,10
2021055,2021-05-20(四),"北京2注,河北4注,上海1注,浙江4注,安徽4注,福建1注,河南7注,广东2注,四川1注,贵州2注,云南1注,共29注。","03,11,12,16,22,28",10,425721551,29,5553793,206,97451,2385,3000,110566,200,1811703,10
2021054,2021-05-18(二),"广东1注,广西1注,陕西1注,深圳1注,共4注。","07,13,21,22,24,31",02,526556537,4,10000000,83,374991,708,3000,42478,200,947362,10
2021053,2021-05-16(日),"辽宁1注,山东1注,陕西1注,共3注。","07,10,14,16,24,33",16,473183576,3,10000000,84,355480,1096,3000,60756,200,1230629,10
2021052,2021-05-13(四),"浙江1注,共1注。","03,04,06,19,21,30",14,413602410,1,10000000,171,171643,1362,3000,66878,200,1388168,10
2021051,2021-05-11(二),"浙江1注,福建1注,山东1注,广东4注,云南1注,陕西2注,共10注。","08,09,10,19,27,29",15,335549357,10,6796944,309,72691,2165,3000,120940,200,1746527,10
2021050,2021-05-09(日),"北京1注,山西2注,内蒙古2注,辽宁3注,浙江4注,福建1注,山东2注,重庆1注,河南1注,湖南1注,广东1注,宁夏3注,共22注。","02,09,10,16,25,28",08,336133387,22,5598001,248,66310,3639,3000,138091,200,2069574,10
2021049,2021-05-06(四),"内蒙古3注,山东1注,共4注。","04,11,13,22,25,32",01,409954275,4,10000000,78,440233,570,3000,36849,200,833050,10
2021048,2021-05-04(二),"河北1注,浙江1注,共2注。","04,15,17,22,29,32",03,346939552,2,10000000,64,394580,872,3000,49389,200,981344,10
2021047,2021-05-02(日),"山西1注,山东1注,河南1注,湖北1注,广东1注,共5注。","03,07,13,16,24,29",01,291180168,5,9419460,231,119574,1279,3000,77757,200,1479677,10
2021046,2021-04-29(四),"山西1注,内蒙古5注,浙江1注,安徽1注,山东2注,广东5注,四川5注,贵州1注,云南1注,陕西2注,共24注。","05,09,13,21,28,33",06,255412592,24,5735971,122,180976,1736,3000,82894,200,1471684,10
2021045,2021-04-27(二),"浙江1注,湖北2注,云南2注,西藏1注,共6注。","01,04,14,15,17,32",02,326838472,6,8717208,86,324175,1241,3000,58766,200,1208538,10
2021044,2021-04-25(日),"广西5注,共5注。","05,07,14,17,26,28",13,295504539,5,10000000,160,213373,1040,3000,66683,200,1365326,10
2021043,2021-04-22(四),"河北1注,黑龙江1注,福建1注,共3注。","02,03,17,18,23,24",01,243085282,3,10000000,93,331233,1009,3000,57800,200,1208576,10
2021042,2021-04-20(二),"山西3注,内蒙古1注,吉林1注,江苏1注,浙江4注,安徽1注,河南1注,湖北1注,湖南1注,广西3注,贵州1注,陕西3注,甘肃2注,宁夏1注,新疆2注,共26注。","05,09,10,22,25,27",08,180671046,26,5498446,275,58907,3405,3000,137211,200,2165911,10
2021041,2021-04-18(日),"北京3注,天津1注,河北1注,内蒙古1注,辽宁2注,黑龙江2注,上海1注,江苏2注,浙江2注,福建1注,江西1注,山东7注,重庆4注,河南3注,湖北1注,广东4注,广西2注,四川6注,云南2注,陕西2注,甘肃2注,宁夏1注,新疆2注,深圳1注,共54注。","02,09,18,23,26,32",14,275032108,54,5307817,367,56614,5538,3000,149845,200,1990456,10
2021040,2021-04-15(四),"河北2注,山西1注,浙江1注,安徽1注,湖北1注,共6注。","02,06,07,24,28,29",16,499321280,6,8652104,238,115087,1700,3000,77607,200,1344201,10
2021039,2021-04-13(二),"江苏1注,重庆1注,广东1注,四川4注,共7注。","02,08,21,24,29,31",13,469061553,7,7814665,105,234555,1353,3000,69340,200,1334305,10
2021038,2021-04-11(日),"辽宁2注,黑龙江2注,安徽1注,福建1注,山东1注,河南1注,广东4注,广西2注,海南1注,陕西15注,青海1注,新疆1注,共32注。","05,07,09,16,18,27",06,449879238,32,5502610,539,37299,3373,3000,146841,200,2362122,10
2021037,2021-04-08(四),"内蒙古1注,黑龙江1注,安徽1注,广东2注,四川2注,共7注。","13,17,19,24,26,30",12,565649555,7,7856624,104,240340,1257,3000,69907,200,1362825,10
2021036,2021-04-06(二),"天津1注,河北1注,内蒙古1注,福建2注,山东1注,海南2注,四川1注,云南1注,陕西1注,新疆1注,共12注。","01,02,06,11,21,26",11,545659537,12,6690644,137,185107,1583,3000,75152,200,1283138,10
2021035,2021-04-04(日),"河北1注,辽宁1注,上海1注,河南1注,广东2注,深圳1注,共7注。","12,14,18,20,26,28",11,549868285,7,7844638,153,162683,1043,3000,59213,200,1198261,10
2021034,2021-04-01(四),"广东1注,四川1注,贵州2注,深圳1注,共5注。","04,10,12,18,23,25",01,530109002,5,8852481,155,155342,1405,3000,78984,200,1512448,10
2021033,2021-03-30(二),"辽宁1注,浙江1注,深圳5注,共7注。","02,12,13,14,31,33",06,502137377,7,8001905,98,268027,1015,3000,58449,200,1174569,10
2021032,2021-03-28(日),"天津2注,河北2注,上海1注,江苏1注,浙江1注,山东1注,河南1注,贵州1注,陕西1注,新疆1注,共12注。","01,05,08,15,16,30",03,479350693,12,6977206,187,158599,1541,3000,81404,200,1523897,10
2021031,2021-03-25(四),"北京1注,内蒙古2注,安徽1注,福建2注,江西1注,陕西2注,新疆3注,共12注。","06,11,21,25,28,31",07,474102879,12,5950364,166,85876,2965,3000,127476,200,1988965,10
2021030,2021-03-23(二),"浙江1注,安徽1注,山东1注,河南2注,广东1注,四川1注,共7注。","08,09,13,27,29,31",05,502740835,7,8232900,143,197817,1361,3000,74815,200,1580208,10
2021029,2021-03-21(日),"山西1注,黑龙江2注,江苏1注,浙江3注,福建3注,山东1注,重庆2注,河南1注,湖北1注,湖南1注,四川1注,共17注。","08,10,15,17,22,30",12,475507497,17,5716335,234,65051,4149,3000,155643,200,2296641,10
2021028,2021-03-18(四),"天津1注,江苏2注,浙江1注,四川1注,贵州1注,云南1注,共7注。","11,16,23,26,27,33",05,527018817,7,7433674,125,170357,1653,3000,81797,200,1492269,10
2021027,2021-03-16(二),"北京1注,天津1注,上海2注,江苏1注,浙江4注,山东4注,重庆1注,河南2注,湖北2注,广东3注,四川2注,共23注。","05,07,09,16,20,26",08,515170584,23,5339305,391,24948,4253,3000,179331,200,2670711,10
2021026,2021-03-14(日),"北京1注,天津1注,河北4注,山西2注,内蒙古5注,辽宁2注,黑龙江1注,上海5注,江苏5注,浙江4注,安徽2注,福建3注,江西1注,山东12注,河南1注,湖北3注,湖南1注,广东8注,广西4注,四川1注,贵州3注,陕西1注,甘肃2注,宁夏2注,共74注。","03,05,13,19,20,25",03,608709487,74,5079572,829,8878,10054,3000,262251,200,2868799,10
2021025,2021-03-11(四),"江苏1注,浙江3注,陕西1注,新疆1注,共6注。","06,08,14,17,18,30",11,962516400,6,8396506,166,153456,1286,3000,81196,200,1621302,10
2021024,2021-03-09(二),"广东3注,甘肃1注,新疆1注,共5注。","01,04,06,10,11,18",02,936474051,5,9223370,139,189899,1532,3000,71981,200,1379701,10
2021023,2021-03-07(日),"安徽1注,江西1注,广西1注,四川1注,共4注。","02,21,22,23,27,28",11,903402709,4,9744205,85,279070,1493,3000,78678,200,1452819,10
2021022,2021-03-04(四),"北京1注,吉林1注,四川1注,共3注。","10,15,17,25,31,32",06,871216452,3,10000000,84,266346,1454,3000,77079,200,1424865,10
2021021,2021-03-02(二),"北京10注,上海1注,浙江1注,山东3注,广东1注,广西1注,四川1注,陕西1注,共19注。","04,08,17,24,28,33",13,834097039,19,5979263,155,150048,1569,3000,67589,200,1196524,10
2021020,2021-02-28(日),"北京1注,天津1注,河北1注,黑龙江1注,上海1注,江苏1注,江西1注,山东1注,广东5注,云南2注,宁夏2注,新疆2注,共19注。","01,03,06,07,09,11",02,877930510,19,6085156,505,51034,2423,3000,108206,200,1748933,10
2021019,2021-02-25(四),"浙江1注,重庆2注,广西1注,云南1注,新疆1注,共6注。","12,16,17,24,28,29",08,916231105,6,6344519,104,96960,2630,3000,111444,200,1792877,10
2021018,2021-02-23(二),"河北1注,辽宁1注,江苏1注,共3注。","02,08,14,23,25,32",06,924046536,3,10000000,128,193330,1192,3000,66905,200,1284280,10
2021017,2021-02-21(日),"江西1注,海南1注,云南2注,陕西1注,新疆1注,共6注。","09,15,18,29,32,33",02,879807720,6,8959033,116,255972,1241,3000,64086,200,1262820,10
2021016,2021-02-07(日),"江苏1注,安徽1注,山东1注,重庆2注,湖南3注,广东3注,贵州1注,云南2注,宁夏1注,深圳1注,共16注。","03,08,09,13,15,18",10,844483666,16,6134153,192,118140,2667,3000,127578,200,2306554,10
2021015,2021-02-04(四),"天津1注,河北1注,黑龙江1注,山东1注,四川1注,陕西1注,共6注。","06,14,16,26,28,29",07,874580915,6,7672352,93,215512,1766,3000,80567,200,1485225,10
2021014,2021-02-02(二),"上海2注,安徽1注,共3注。","04,15,21,25,29,33",06,860487095,3,10000000,96,270821,1092,3000,59870,200,1156375,10
2021013,2021-01-31(日),"吉林1注,黑龙江1注,江苏1注,浙江7注,山东1注,湖北1注,湖南1注,广东1注,广西1注,云南2注,共17注。","06,09,12,16,27,31",06,812490648,17,5756403,169,95109,2696,3000,115789,200,1908413,10
2021012,2021-01-28(四),"河北3注,内蒙古1注,江苏1注,浙江1注,安徽1注,山东3注,湖南1注,广东4注,广西1注,贵州1注,共17注。","03,06,14,18,20,26",01,862128803,17,5854248,218,83269,3232,3000,131613,200,2066088,10
2021011,2021-01-26(二),"天津1注,河北1注,辽宁2注,江苏1注,浙江2注,安徽1注,福建1注,河南1注,湖北3注,湖南1注,广东1注,四川2注,陕西1注,共18注。","05,10,16,23,27,33",14,907192691,18,5425200,228,41960,4092,3000,143134,200,1902016,10
2021010,2021-01-24(日),"黑龙江2注,上海2注,甘肃2注,新疆1注,共7注。","01,04,11,19,32,33",05,976145268,7,8060622,129,207600,1485,3000,61961,200,1207796,10
2021009,2021-01-21(四),"北京1注,辽宁1注,福建1注,广东1注,共4注。","02,04,07,24,25,32",13,952228282,4,10000000,57,502273,839,3000,48800,200,1023809,10
2021008,2021-01-19(二),"山西1注,内蒙古1注,山东1注,宁夏1注,共4注。","01,05,07,14,18,33",07,906339544,4,8728131,86,216751,1307,3000,74215,200,1420459,10
2021007,2021-01-17(日),"安徽1注,河南1注,陕西1注,共3注。","02,04,12,21,25,32",16,885330100,3,10000000,104,298114,851,3000,53412,200,1154564,10
2021006,2021-01-14(四),"内蒙古1注,浙江1注,安徽1注,山东1注,河南3注,湖南1注,广西1注,四川1注,共10注。","06,08,22,24,25,26",01,822318331,10,7377222,194,153171,938,3000,55395,200,1170832,10
2021005,2021-01-12(二),"内蒙古1注,江苏1注,浙江1注,宁夏1注,深圳10注,共14注。","07,09,14,26,30,31",04,806944718,14,6353946,76,311764,1515,3000,76343,200,1389048,10
2021004,2021-01-10(日),"河北1注,河南1注,共2注。","02,03,07,08,17,22",15,824817771,2,10000000,208,145638,1114,3000,72913,200,1543803,10
2021003,2021-01-07(四),"黑龙江2注,江苏1注,浙江1注,陕西1注,共5注。","06,09,16,18,22,29",11,753939585,5,9406368,136,202498,1371,3000,66938,200,1327624,10
2021002,2021-01-05(二),"北京2注,辽宁1注,福建3注,河南1注,湖南2注,深圳1注,共10注。","06,10,13,25,26,32",11,718352017,10,7105919,185,142291,1421,3000,73241,200,1406559,10
2021001,2021-01-03(日),"山西1注,江苏1注,福建1注,山东1注,湖南2注,广东2注,广西2注,共10注。","02,03,13,18,20,31",11,710439245,10,7034106,126,201796,1794,3000,84577,200,1553167,10
2020134,2020-12-31(四),"河北2注,内蒙古3注,福建37注,广东2注,广西2注,陕西1注,宁夏1注,共48注。","02,09,10,20,22,26",01,704501324,48,5382786,275,83517,2423,3000,113586,200,1925649,10
2020133,2020-12-29(二),"山东1注,四川2注,共3注。","03,19,22,23,27,29",07,893973468,3,10000000,99,283877,938,3000,52045,200,1099329,10
2020132,2020-12-27(日),"北京1注,辽宁2注,上海1注,西藏1注,共5注。","01,04,11,12,14,23",04,839661890,5,10000000,106,309129,1439,3000,71618,200,1542457,10
2020131,2020-12-24(四),"北京1注,山西2注,江苏1注,浙江1注,福建1注,江西2注,贵州1注,云南1注,共10注。","08,19,22,26,27,30",07,791358796,10,6733037,139,155848,2474,3000,100798,200,1803509,10
2020130,2020-12-22(二),"辽宁1注,江苏1注,浙江2注,山东1注,广东3注,宁夏1注,共9注。其中一等奖特别奖为：辽宁1注,江苏1注,浙江2注,广东2注,宁夏1注；一等奖普惠奖为：山东1注,广东1注。","08,09,11,14,17,29",16,793700272,9,7096662,160,147421,1899,3000,109626,200,2027730,10
2020129,2020-12-20(日),"北京1注,江苏6注,安徽2注,江西1注,贵州1注,云南1注,陕西2注,共14注。其中一等奖特别奖为：江苏5注,安徽1注,江西1注,云南1注,陕西2注；一等奖普惠奖为：北京1注,江苏1注,安徽1注,贵州1注。","01,02,05,15,28,33",04,786807887,14,6613195,116,243370,1426,3000,69955,200,1354717,10
2020128,2020-12-17(四),"河北2注,辽宁1注,吉林1注,黑龙江1注,浙江1注,福建3注,广东1注,广西2注,四川1注,陕西1注,共14注。其中一等奖特别奖为：河北2注,辽宁1注,吉林1注,黑龙江1注,浙江1注,福建3注,四川1注；一等奖普惠奖为：广东1注,广西2注,陕西1注。","08,10,15,16,23,26",10,794699858,14,6055174,137,134785,2252,3000,102352,200,1676644,10
2020127,2020-12-15(二),"山西1注,内蒙古1注,黑龙江1注,河南2注,陕西3注,深圳1注,共9注。其中一等奖特别奖为：黑龙江1注,河南1注；一等奖普惠奖为：山西1注,内蒙古1注,河南1注,陕西3注,深圳1注。","01,04,18,19,26,31",07,824075658,9,6838584,183,113027,2089,3000,95984,200,1587897,10
2020126,2020-12-13(日),"北京1注,辽宁2注,吉林2注,上海2注,江苏1注,浙江2注,山东1注,湖北10注,广东2注,云南3注,陕西2注,甘肃1注,新疆4注,共33注。其中一等奖特别奖为：辽宁1注,吉林1注,上海1注,江苏1注,浙江2注,湖北10注,广东1注,云南2注,陕西2注,新疆3注；一等奖普惠奖为：北京1注,辽宁1注,吉林1注,上海1注,山东1注,广东1注,云南1注,甘肃1注,新疆1注。","03,07,12,14,23,28",11,823570698,33,5506107,337,61949,3478,3000,148334,200,2363903,10
2020125,2020-12-10(四),"江苏1注,浙江1注,山东1注,广东1注,四川1注,云南1注,陕西1注,宁夏1注,共8注。其中一等奖特别奖为：江苏1注,浙江1注,山东1注,广东1注,云南1注,宁夏1注；一等奖普惠奖为：四川1注,陕西1注。","05,12,16,26,30,31",13,942641447,8,8008557,162,185713,1382,3000,69376,200,1401570,10
2020124,2020-12-08(二),"吉林1注,江苏1注,广东1注,共3注。其中一等奖特别奖为：吉林1注；一等奖普惠奖为：江苏1注,广东1注。","16,18,19,20,29,33",12,916453174,3,10000000,53,485568,1116,3000,60317,200,1221178,10
2020123,2020-12-06(日),"河北1注,江苏2注,山东2注,共5注。其中一等奖特别奖为：江苏1注；一等奖普惠奖为：河北1注,江苏1注,山东2注。","01,03,18,19,26,29",03,869247735,5,10000000,106,343394,1231,3000,64383,200,1298514,10
2020122,2020-12-03(四),"山西1注,安徽1注,江西1注,湖北1注,四川1注,陕西1注,甘肃1注,共7注。其中一等奖特别奖为：山西1注,江西1注,甘肃1注；一等奖普惠奖为：安徽1注,湖北1注,四川1注,陕西1注。","12,15,17,24,26,31",15,810048147,7,8506055,484,63384,1246,3000,97809,200,1761733,10
2020121,2020-12-01(二),"内蒙古1注,湖北1注,四川2注,陕西1注,共5注。其中一等奖特别奖为：湖北1注,四川1注,陕西1注；一等奖普惠奖为：内蒙古1注,四川1注。","02,04,06,21,25,29",03,777556587,5,9656537,91,319817,1286,3000,76982,200,1459850,10
2020120,2020-11-29(日),"北京3注,河北2注,辽宁2注,浙江4注,安徽2注,福建2注,山东1注,重庆1注,广东2注,广西1注,新疆7注,深圳1注,共28注。其中一等奖特别奖为：北京3注,辽宁2注,浙江3注,安徽1注,福建2注,重庆1注,广东1注,广西1注,新疆6注；一等奖普惠奖为：河北2注,浙江1注,安徽1注,山东1注,广东1注,新疆1注,深圳1注。","01,02,03,04,09,10",12,738529199,28,5529239,535,34623,7705,3000,110724,200,1919141,10
2020119,2020-11-26(四),"北京1注,江苏3注,山东1注,湖南1注,广东4注,四川1注,陕西1注,共12注。其中一等奖特别奖为：北京1注,江苏3注,山东1注,广东1注,陕西1注；一等奖普惠奖为：湖南1注,广东3注,四川1注。","01,09,22,28,32,33",15,837777744,12,6880004,117,241026,1983,3000,97076,200,1634862,10
2020118,2020-11-24(二),"吉林2注,浙江1注,福建1注,共4注。其中一等奖特别奖为：吉林2注,浙江1注,福建1注。","11,13,19,26,30,33",05,835737606,4,10000000,114,262410,1211,3000,69153,200,1441074,10
2020117,2020-11-22(日),"河北1注,山西1注,辽宁1注,黑龙江1注,浙江2注,安徽3注,福建1注,江西1注,山东3注,湖北1注,广东1注,广西1注,宁夏2注,共19注。其中一等奖特别奖为：山西1注,黑龙江1注,安徽2注,山东2注,湖北1注,广西1注,宁夏2注；一等奖普惠奖为：河北1注,辽宁1注,浙江2注,安徽1注,福建1注,江西1注,山东1注,广东1注。","07,08,09,10,16,27",07,785993086,19,5762819,225,80519,3796,3000,154854,200,2422594,10
2020116,2020-11-19(四),"辽宁1注,江苏1注,浙江1注,福建2注,重庆1注,河南1注,湖北1注,贵州1注,共9注。其中一等奖特别奖为：辽宁1注,江苏1注,浙江1注,福建1注,重庆1注,湖北1注,贵州1注；一等奖普惠奖为：福建1注,河南1注。","05,06,14,16,19,27",10,841135768,9,6979667,172,129484,2843,3000,114760,200,1947545,10
2020115,2020-11-17(二),"河北1注,辽宁1注,共2注。其中一等奖特别奖为：河北1注；一等奖普惠奖为：辽宁1注。","01,04,12,20,25,32",02,837138988,2,10000000,114,291499,1070,3000,61218,200,1260746,10
2020114,2020-11-15(日),"天津2注,河北1注,山西1注,内蒙古1注,黑龙江2注,上海2注,河南2注,湖南2注,广西1注,四川1注,新疆1注,共16注。其中一等奖特别奖为：天津2注,河北1注,黑龙江2注,上海1注,河南1注,湖南2注；一等奖普惠奖为：山西1注,内蒙古1注,上海1注,河南1注,广西1注,四川1注,新疆1注。","01,05,11,24,30,32",03,757446327,16,6478657,171,172942,2120,3000,92035,200,1705780,10
2020113,2020-11-12(四),"辽宁1注,福建1注,四川1注,云南2注,陕西1注,新疆1注,共7注。其中一等奖特别奖为：辽宁1注,福建1注,云南1注,陕西1注,新疆1注；一等奖普惠奖为：四川1注,云南1注。","01,03,07,10,22,32",11,772385388,7,5279749,114,21472,2770,3000,128295,200,2150210,10
2020112,2020-11-10(二),"辽宁1注,上海2注,江苏1注,安徽1注,福建1注,山东2注,广东3注,四川1注,新疆1注,深圳1注,共14注。其中一等奖特别奖为：江苏1注,安徽1注,福建1注,山东1注,广东3注,新疆1注；一等奖普惠奖为：辽宁1注,上海2注,山东1注,四川1注,深圳1注。","02,09,12,17,28,32",05,802000209,14,6657801,263,110309,1611,3000,81233,200,1451162,10
2020111,2020-11-08(日),"安徽1注,广西1注,贵州1注,共3注。其中一等奖特别奖为：安徽1注；一等奖普惠奖为：广西1注,贵州1注。","06,09,17,22,24,26",16,808174858,3,10000000,106,365368,947,3000,64924,200,1399322,10
2020110,2020-11-05(四),"内蒙古1注,浙江1注,山东2注,河南2注,湖南1注,云南1注,陕西1注,共9注。","02,06,09,14,22,25",04,721987721,9,6744907,102,192453,2128,3000,83562,200,1488404,10
2020109,2020-11-03(二),"北京1注,山西1注,辽宁1注,上海6注,江西1注,湖北11注,四川1注,宁夏1注,共23注。","06,13,16,20,23,32",13,723801259,23,5708816,133,153221,1649,3000,72684,200,1308981,10
2020108,2020-11-01(日),"辽宁10注,江苏1注,广东1注,广西1注,云南5注,共18注。","10,12,15,17,23,32",05,793968638,18,5973588,123,178095,1781,3000,85056,200,1529642,10
2020107,2020-10-29(四),"北京1注,浙江2注,湖北1注,云南1注,共5注。","03,09,11,24,25,28",16,835776030,5,9250245,185,143589,1335,3000,66856,200,1297669,10
2020106,2020-10-27(二),"辽宁2注,吉林2注,上海1注,安徽2注,河南1注,广东3注,云南1注,甘肃1注,新疆1注,共14注。","02,04,11,15,18,28",10,802335158,14,5906931,123,129034,2500,3000,102898,200,1717571,10
2020105,2020-10-25(日),"江苏2注,河南1注,四川1注,贵州1注,深圳1注,共6注。","06,14,19,20,22,24",01,837418291,6,8700739,117,237226,1395,3000,72328,200,1364998,10
2020104,2020-10-22(四),"河北1注,辽宁1注,黑龙江1注,上海1注,安徽1注,河南1注,湖南1注,广东1注,四川1注,共9注。","04,08,10,16,27,29",09,806356097,9,6582593,102,174550,2007,3000,95481,200,1539145,10
2020103,2020-10-20(二),"辽宁1注,黑龙江2注,浙江3注,山东1注,河南1注,广东2注,四川1注,陕西1注,深圳1注,共13注。","04,09,10,22,28,32",08,812186919,13,6122197,136,134086,2037,3000,94263,200,1563821,10
2020102,2020-10-18(日),"北京1注,河北2注,山西1注,内蒙古3注,辽宁3注,黑龙江1注,上海1注,江苏1注,浙江6注,安徽3注,福建4注,江西3注,山东5注,重庆1注,河南4注,湖北4注,湖南1注,广东12注,广西1注,四川3注,贵州1注,云南3注,陕西4注,甘肃3注,新疆1注,深圳1注,共73注。","09,10,19,25,26,29",08,837068374,73,5028416,472,6000,7605,3000,235915,200,2832338,10
2020101,2020-10-15(四),"江西1注,河南1注,贵州5注,共7注。","10,17,24,25,28,30",15,1196363693,7,8298609,109,264796,884,3000,56707,200,1279986,10
2020100,2020-10-13(二),"河北2注,上海1注,安徽1注,福建1注,山东1注,湖北1注,广东1注,陕西1注,共9注。","01,07,15,16,20,23",07,1167865459,9,6279386,119,120950,2231,3000,96543,200,1572941,10
2020099,2020-10-11(日),"河北2注,福建1注,山东2注,河南1注,四川1注,共7注。","05,06,11,12,15,30",12,1181200651,7,7301898,258,78068,2455,3000,107162,200,1780029,10
2020098,2020-10-08(四),"天津1注,江苏1注,湖北1注,广东2注,四川1注,贵州1注,共7注。","06,08,11,22,25,33",02,1171889114,7,8077008,172,156533,1043,3000,62978,200,1317442,10
2020097,2020-10-06(二),"河北1注,辽宁2注,吉林1注,江苏2注,浙江1注,福建1注,江西1注,河南2注,湖南1注,广东2注,四川1注,云南2注,宁夏5注,共22注。","02,08,21,25,26,30",10,1147656700,22,5489356,418,32194,3847,3000,165340,200,2295504,10
2020096,2020-09-29(二),"安徽1注,福建2注,江西1注,山东1注,广东1注,四川1注,陕西1注,共8注。","01,20,23,26,27,32",15,1228050661,8,8190972,57,559819,673,3000,35890,200,811900,10
2020095,2020-09-27(日),"黑龙江1注,安徽1注,江西1注,山东2注,河南1注,共6注。","03,09,16,17,20,26",02,1197849256,6,7745143,283,72751,2753,3000,121765,200,1989344,10
2020094,2020-09-24(四),"内蒙古1注,江苏1注,共2注。","10,15,17,27,29,31",08,1182554395,2,10000000,57,248955,1405,3000,74861,200,1367892,10
2020093,2020-09-22(二),"北京1注,天津1注,安徽1注,福建1注,共4注。","04,05,10,13,15,19",15,1159982996,4,10000000,110,261408,1074,3000,60105,200,1253209,10
2020092,2020-09-20(日),"浙江3注,河南1注,湖南1注,广东1注,共6注。","01,06,12,18,22,24",03,1113718036,6,8324368,160,155829,2002,3000,85508,200,1448686,10
2020091,2020-09-17(四),"天津1注,内蒙古1注,辽宁1注,江苏2注,浙江1注,江西1注,山东1注,河南2注,湖北1注,共11注。","01,09,11,12,16,19",16,1088865952,11,6771891,120,203029,1541,3000,71016,200,1312846,10
2020090,2020-09-15(二),"上海1注,浙江4注,广东1注,共6注。","02,21,23,26,31,32",06,1090266240,6,8569539,43,622594,773,3000,46888,200,977428,10
2020089,2020-09-13(日),"浙江1注,广东10注,共11注。","02,14,16,21,29,30",10,1061368833,11,7200974,113,267817,1002,3000,61024,200,1301686,10
2020088,2020-09-10(四),"河北3注,黑龙江1注,上海1注,江苏1注,安徽1注,福建1注,河南1注,湖北1注,湖南1注,广东1注,贵州1注,云南1注,共14注。","01,06,12,26,29,30",12,1049789346,14,6377823,175,137782,1777,3000,76971,200,1390550,10
2020087,2020-09-08(二),"北京1注,山东1注,四川1注,云南1注,陕西1注,共5注。","11,15,20,23,25,33",10,1066743130,5,7940558,44,417692,1430,3000,67064,200,1248566,10
2020086,2020-09-06(日),"黑龙江2注,福建1注,河南1注,广东1注,广西1注,宁夏1注,共7注。","02,04,06,15,24,27",06,1051310454,7,7452652,117,183424,1870,3000,91887,200,1703740,10
2020085,2020-09-03(四),"江苏1注,安徽1注,广东1注,共3注。","01,02,05,09,19,24",16,1039096893,3,10000000,135,175949,1659,3000,78797,200,1363570,10
2020084,2020-09-01(二),"北京1注,山西2注,内蒙古1注,辽宁1注,江苏1注,浙江1注,安徽1注,福建1注,山东1注,河南1注,湖北1注,四川1注,云南1注,陕西1注,共15注。","03,07,16,17,23,30",07,997837500,15,5641465,265,45386,3166,3000,127083,200,1845213,10
2020083,2020-08-30(日),"吉林1注,江苏1注,福建1注,河南1注,广东2注,甘肃1注,共7注。","01,19,25,26,30,31",12,1046377044,7,7916189,96,265798,1266,3000,63131,200,1192139,10
2020082,2020-08-27(四),"北京1注,河北2注,山西1注,辽宁2注,上海1注,浙江1注,福建1注,山东2注,河南1注,湖南3注,广东1注,四川1注,云南1注,陕西1注,甘肃1注,新疆1注,深圳1注,共22注。","02,08,11,17,21,30",09,1025240399,22,5094481,320,8119,4865,3000,161719,200,2197546,10
2020081,2020-08-25(二),"湖南2注,广东1注,四川1注,贵州2注,西藏1注,陕西3注,宁夏1注,共11注。","01,05,13,14,27,33",15,1129524256,11,7057769,108,261984,771,3000,46501,200,944241,10
2020080,2020-08-23(日),"浙江1注,福建1注,共2注。","14,15,18,22,31,33",01,1122276717,2,10000000,70,397581,1011,3000,54230,200,1096781,10
2020079,2020-08-20(四),"黑龙江2注,福建1注,山东1注,广东1注,四川1注,共6注。","05,12,20,21,22,29",14,1058784536,6,8578055,183,146641,1179,3000,57916,200,1177078,10
2020078,2020-08-18(二),"浙江1注,共1注。","03,11,14,16,21,32",04,1029746619,1,10000000,76,347407,885,3000,45994,200,1001391,10
2020077,2020-08-16(日),"河北2注,山西5注,浙江2注,重庆1注,河南11注,湖北2注,广东1注,广西3注,共27注。","03,10,16,21,25,27",12,960537693,27,5841121,326,87079,1359,3000,64947,200,1148379,10
2020076,2020-08-13(四),"上海1注,江苏1注,浙江1注,湖北2注,广东1注,新疆1注,深圳1注,共8注。","10,15,16,18,20,27",06,1033084399,8,6895903,82,231207,1378,3000,83353,200,1385076,10
2020075,2020-08-11(二),"浙江1注,共1注。","03,11,13,20,24,30",16,1031374526,1,10000000,143,155685,1703,3000,72291,200,1374269,10
2020074,2020-08-09(日),"江苏1注,江西1注,贵州1注,云南1注,深圳1注,共5注。","04,08,09,13,19,33",12,974585503,5,8629293,107,211991,1690,3000,83978,200,1572292,10
2020073,2020-08-06(四),"河北2注,安徽1注,山东1注,湖南1注,广西1注,海南1注,青海1注,共8注。","05,07,11,13,27,29",03,949682723,8,7005129,129,155436,1913,3000,95278,200,1702038,10
2020072,2020-08-04(二),"吉林1注,浙江1注,河南1注,湖南2注,广东1注,甘肃1注,共7注。","06,08,10,15,17,26",04,945569865,7,7525472,104,212479,1837,3000,80731,200,1505907,10
2020071,2020-08-02(日),"吉林1注,江苏2注,浙江2注,福建1注,山东2注,湖北1注,广东3注,共12注。","09,11,12,13,22,23",08,931954524,12,6156653,133,130449,2094,3000,93662,200,1588088,10
2020070,2020-07-30(四),"辽宁1注,黑龙江1注,江苏2注,浙江1注,河南1注,湖北1注,贵州1注,甘肃5注,深圳10注,共23注。","01,02,04,06,19,21",15,953784945,23,5829067,100,238356,951,3000,55811,200,1144050,10
2020069,2020-07-28(二),"河北5注,深圳2注,共7注。","03,09,10,13,18,26",04,1016346427,7,7827856,99,249936,1278,3000,67529,200,1276366,10
2020068,2020-07-26(日),"河北2注,山西1注,江苏1注,浙江4注,安徽1注,湖北2注,湖南2注,贵州1注,云南1注,宁夏2注,共17注。","12,16,21,26,27,32",10,996910195,17,5430373,128,71448,3605,3000,117265,200,1780262,10
2020067,2020-07-23(四),"山西1注,吉林1注,黑龙江1注,安徽1注,山东1注,湖北4注,云南1注,共10注。","04,07,09,23,27,30",08,1061790227,10,6979941,140,176780,1518,3000,69948,200,1299104,10
2020066,2020-07-21(二),"山西1注,江苏2注,福建1注,江西1注,重庆2注,广东1注,贵州5注,云南1注,陕西1注,共15注。","02,09,13,17,26,28",07,1057341835,15,6006277,137,137720,2116,3000,85857,200,1486743,10
2020065,2020-07-19(日),"内蒙古1注,河南2注,广东1注,西藏1注,共5注。","09,15,18,21,23,26",08,1090832907,5,8838315,89,269544,1454,3000,70971,200,1281044,10
2020064,2020-07-16(四),"上海1注,共1注。","01,03,07,21,27,32",01,1063056063,1,10000000,77,351356,919,3000,56606,200,1140698,10
2020063,2020-07-14(二),"北京1注,河北1注,江苏1注,共3注。","12,15,16,22,29,32",14,991892696,3,10000000,103,289264,769,3000,50919,200,1099317,10
2020062,2020-07-12(日),"江苏2注,江西1注,陕西1注,新疆1注,共5注。","10,14,17,22,26,27",05,932509919,5,8901954,94,259438,1220,3000,63319,200,1218439,10
2020061,2020-07-09(四),"江苏1注,共1注。","08,17,24,26,27,31",04,903858043,1,10000000,91,281269,1118,3000,66022,200,1327960,10
2020060,2020-07-07(二),"北京1注,天津1注,河北1注,内蒙古1注,黑龙江1注,上海1注,江苏2注,浙江2注,安徽4注,福建3注,山东2注,重庆3注,河南2注,湖北1注,湖南2注,广东4注,广西1注,四川2注,陕西2注,深圳2注,共38注。","05,09,14,20,24,30",08,837071557,38,5238209,554,20424,4357,3000,164149,200,2321290,10
2020059,2020-07-05(日),"黑龙江1注,安徽1注,湖南1注,陕西1注,共4注。","02,04,10,17,22,25",14,1002178704,4,10000000,190,147308,1485,3000,88573,200,1671444,10
2020058,2020-07-02(四),"北京1注,河北2注,辽宁1注,上海1注,江苏1注,安徽1注,福建1注,山东3注,河南1注,广东4注,广西1注,云南1注,共18注。","01,03,11,12,19,26",07,958212978,18,5569985,136,94299,2821,3000,107734,200,1708942,10
2020057,2020-06-30(二),"安徽1注,广东1注,宁夏1注,共3注。","09,14,21,23,26,32",03,1019998705,3,10000000,113,193145,1334,3000,68019,200,1289604,10
2020056,2020-06-28(日),"辽宁10注,黑龙江1注,湖北2注,广东2注,甘肃1注,青海1注,共17注。","02,05,08,12,26,31",14,984522456,17,6280167,186,146255,1223,3000,72751,200,1416500,10
2020055,2020-06-25(四),"吉林1注,山东2注,河南2注,湖南1注,广东6注,陕西2注,共14注。","01,05,07,23,28,30",12,1009674637,14,5761052,198,67264,2860,3000,124578,200,1889224,10
2020054,2020-06-23(二),"河北2注,浙江2注,江西1注,河南1注,湖南1注,广东1注,四川1注,贵州1注,新疆1注,共11注。","03,10,19,25,26,31",02,1050374135,11,6596678,210,104544,1818,3000,80778,200,1444247,10
2020053,2020-06-21(日),"浙江14注,湖南1注,四川1注,云南1注,深圳2注,共19注。","02,14,15,16,32,33",01,1057074616,19,6277278,360,84264,1404,3000,58928,200,1018510,10
2020052,2020-06-18(四),"江苏1注,山东1注,共2注。","02,08,13,29,32,33",15,1085336824,2,10000000,53,568303,707,3000,49881,200,1105323,10
2020051,2020-06-16(二),"山西1注,内蒙古1注,辽宁5注,黑龙江1注,上海1注,江苏1注,浙江1注,江西1注,山东1注,湖南3注,广东1注,广西3注,陕西1注,宁夏1注,新疆1注,共23注。","03,06,08,11,19,28",08,1014976572,23,5442583,268,47478,3689,3000,146306,200,2075975,10
2020050,2020-06-14(日),"山东1注,广西1注,海南1注,四川1注,陕西1注,共5注。","04,09,17,20,32,33",15,1101983169,5,9664099,90,323895,1305,3000,61232,200,1226803,10
2020049,2020-06-11(四),"河北1注,内蒙古1注,浙江1注,安徽1注,河南2注,陕西1注,共7注。","01,07,09,12,18,22",04,1062851807,7,7652110,140,165756,1720,3000,79481,200,1438014,10
2020048,2020-06-09(二),"河北1注,上海2注,福建1注,四川1注,云南1注,共6注。","12,14,18,23,30,32",02,1046798674,6,8364818,75,336481,1020,3000,57691,200,1221283,10
2020047,2020-06-07(日),"天津1注,山西2注,上海1注,江西1注,山东1注,河南1注,广东2注,四川1注,共10注。","04,10,17,19,28,32",01,1021279165,10,7200661,140,196487,1326,3000,71123,200,1340383,10
2020046,2020-06-04(四),"山西1注,上海1注,江苏1注,浙江1注,安徽1注,江西1注,河南1注,共7注。","13,19,25,26,27,32",08,1010760962,7,6855509,87,186617,1674,3000,82506,200,1439821,10
2020045,2020-06-02(二),"辽宁1注,江苏1注,浙江10注,江西1注,重庆1注,河南1注,云南1注,共16注。","02,03,15,21,22,33",16,1010042406,16,6075531,115,187048,1443,3000,75653,200,1350994,10
2020044,2020-05-31(日),"北京1注,江苏1注,福建2注,江西1注,重庆1注,湖北1注,广东1注,贵州1注,陕西1注,共10注。","07,08,16,17,19,24",07,1042719025,10,6803090,107,210641,1863,3000,92825,200,1618618,10
2020043,2020-05-28(四),"安徽1注,山东1注,广东1注,四川1注,青海1注,共5注。","01,11,24,25,27,30",07,1043134035,5,7928059,64,285943,1287,3000,64469,200,1232686,10
2020042,2020-05-26(二),"内蒙古1注,浙江1注,海南1注,云南1注,深圳1注,共5注。","02,06,07,11,14,31",03,1027873219,5,8415115,98,217800,1302,3000,66541,200,1258725,10
2020041,2020-05-24(日),"辽宁1注,浙江1注,共2注。","06,07,16,22,24,25",13,1005915378,2,10000000,102,255217,1347,3000,65436,200,1239183,10
2020040,2020-05-21(四),"上海2注,浙江1注,河南1注,新疆1注,共5注。","01,06,12,16,19,21",04,947818891,5,8416563,92,232103,1462,3000,62512,200,1172655,10
2020039,2020-05-19(二),"河北1注,江苏1注,福建1注,江西2注,湖南1注,海南1注,云南1注,新疆1注,共9注。","02,09,10,11,16,29",02,925841149,9,6952125,166,132297,1872,3000,82590,200,1424993,10
2020038,2020-05-17(日),"河北1注,上海2注,江苏1注,浙江3注,江西1注,山东1注,重庆1注,湖南1注,广东1注,四川1注,贵州2注,共15注。","01,06,07,18,23,24",15,922526038,15,6276646,317,75511,2605,3000,108654,200,1687254,10
2020037,2020-05-14(四),"辽宁1注,黑龙江1注,江西1注,湖南1注,甘肃1注,新疆1注,共6注。","01,04,11,13,17,24",15,944864355,6,6810277,65,208878,1804,3000,90393,200,1553187,10
2020036,2020-05-12(二),"辽宁1注,河南1注,广西1注,共3注。","07,09,16,22,24,32",06,944994783,3,10000000,104,204187,1512,3000,66818,200,1233642,10
2020035,2020-05-10(日),"浙江1注,安徽1注,湖北1注,广东1注,共4注。","10,14,24,25,28,33",11,911288358,4,9777104,97,246242,1144,3000,63216,200,1222131,10
2020034,2020-05-07(四),"天津1注,河北1注,江苏2注,浙江2注,安徽1注,河南1注,湖北1注,四川1注,贵州1注,共11注。","02,08,15,16,26,32",03,878740204,11,6780706,182,134531,1906,3000,62357,200,1093267,10
2020033,2020-05-05(二),"江苏4注,共4注。","07,10,12,21,31,32",01,879873846,4,10000000,97,263480,753,3000,49189,200,1029633,10
2020032,2020-05-03(日),"河北1注,辽宁1注,湖南1注,广东1注,广西1注,四川3注,云南1注,新疆2注,共11注。","03,11,13,14,15,26",13,843200936,11,6588951,135,161837,1606,3000,79333,200,1458725,10
2020031,2020-04-30(四),"河北1注,黑龙江1注,江苏1注,浙江2注,湖北2注,湖南2注,四川3注,陕西2注,共14注。","02,05,09,15,16,27",09,850135149,14,5603722,310,34081,3568,3000,140308,200,1985178,10
2020030,2020-04-28(二),"湖南1注,共1注。","17,18,21,29,30,32",03,896891829,1,10000000,74,322591,894,3000,44840,200,944906,10
2020029,2020-04-26(日),"山西1注,上海5注,湖南1注,共7注。","01,12,18,20,30,32",05,835276431,7,7432574,63,337857,983,3000,56195,200,1103123,10
2020028,2020-04-23(四),"浙江1注,安徽1注,山东1注,湖南1注,广东2注,贵州1注,共7注。","05,06,15,18,26,32",08,823449380,7,7465464,153,140998,1247,3000,77287,200,1398236,10
2020027,2020-04-21(二),"河北1注,吉林1注,安徽1注,共3注。","12,13,14,24,25,28",06,810989197,3,10000000,112,211713,925,3000,54737,200,1093772,10
2020026,2020-04-19(日),"安徽1注,福建1注,陕西1注,共3注。","01,04,09,18,19,31",06,769853394,3,10000000,106,181297,1637,3000,82288,200,1413264,10
2020025,2020-04-16(四),"内蒙古1注,山东1注,湖南2注,共4注。","01,09,10,15,20,29",02,742200788,4,9977229,156,159526,1019,3000,59218,200,1113338,10
2020024,2020-04-14(二),"山西5注,山东1注,重庆1注,湖北1注,共8注。","10,13,27,28,29,31",08,707451262,8,7028971,94,215848,1242,3000,57338,200,1048812,10
2020023,2020-04-12(日),"江苏1注,浙江1注,安徽1注,广东1注,贵州1注,陕西1注,共6注。","04,05,20,21,30,33",08,702813893,6,7277843,107,159661,1196,3000,68575,200,1249075,10
2020022,2020-04-09(四),"内蒙古2注,辽宁1注,江苏2注,安徽1注,山东1注,广西1注,共8注。","02,10,20,22,25,30",02,695229480,8,6761570,97,181605,2094,3000,72617,200,1273655,10
2020021,2020-04-07(二),"上海1注,福建1注,山东2注,广西1注,共5注。","02,06,14,16,27,31",07,696474938,5,7581452,116,139086,1546,3000,70738,200,1184858,10
2020020,2020-04-05(日),"江苏1注,福建1注,广东1注,贵州1注,共4注。","01,06,09,13,15,22",14,685979970,4,9871526,91,267666,762,3000,48639,200,1054084,10
2020019,2020-04-02(四),"河北2注,山西1注,辽宁1注,浙江1注,江西1注,广东1注,共7注。","15,19,27,28,30,33",03,652393178,7,7437091,60,355409,742,3000,42028,200,875131,10
2020018,2020-03-31(二),"辽宁2注,黑龙江1注,上海1注,江苏2注,山东1注,陕西1注,共8注。","05,07,08,11,17,22",13,640479172,8,6340865,188,71322,1495,3000,73756,200,1291575,10
2020017,2020-03-29(日),"内蒙古1注,江苏6注,浙江1注,安徽1注,福建2注,山东1注,广东1注,陕西2注,共15注。","02,04,07,15,20,27",04,650980126,15,5992154,127,146479,1420,3000,66629,200,1212627,10
2020016,2020-03-26(四),"辽宁4注,上海1注,江苏1注,福建1注,江西1注,广西3注,海南1注,共12注。","05,06,08,17,24,27",07,685053744,12,5979822,89,165138,1553,3000,66763,200,1186152,10
2020015,2020-03-24(二),"福建1注,共1注。","08,09,22,24,30,33",01,712719613,1,10000000,60,337347,645,3000,36291,200,818351,10
2020014,2020-03-22(日),"内蒙古1注,浙江1注,广东1注,陕西1注,甘肃1注,共5注。","02,07,08,10,12,16",07,661997100,5,6947355,66,184408,1406,3000,67772,200,1147920,10
2020013,2020-03-19(四),"山西1注,辽宁1注,浙江2注,共4注。","02,08,10,20,21,30",14,660220960,4,7500138,184,67938,1393,3000,65776,200,1048801,10
2020012,2020-03-17(二),"江西1注,山东1注,云南1注,共3注。","04,13,14,23,26,31",09,652719440,3,8598462,112,120484,690,3000,36935,200,677479,10
2020011,2020-03-15(日),"上海1注,浙江2注,安徽1注,江西1注,山东1注,广西1注,云南1注,共8注。","04,05,07,17,18,29",01,638032121,8,6079680,67,161146,971,3000,48228,200,856470,10
2020010,2020-03-12(四),"江苏1注,陕西1注,共2注。","11,14,22,27,31,32",09,654279153,2,8485717,42,207483,563,3000,27557,200,498088,10
2020009,2020-01-21(二),"北京6注,辽宁1注,上海1注,江苏2注,山东2注,重庆1注,广东1注,四川2注,共16注。","03,06,08,14,19,26",12,645107708,16,6003258,253,79308,3295,3000,130201,200,2055820,10
2020008,2020-01-19(日),"河北4注,山西1注,辽宁1注,江苏1注,福建2注,山东1注,河南2注,湖南1注,四川1注,贵州1注,新疆2注,共17注。","01,04,06,10,11,28",16,680964320,17,6202629,262,97541,1890,3000,95019,200,1668826,10
2020007,2020-01-16(四),"天津1注,河北1注,吉林1注,上海6注,江苏1注,浙江1注,安徽15注,江西1注,湖北2注,广东1注,广西4注,四川1注,云南1注,深圳2注,共38注。","05,12,17,20,25,31",10,709741377,38,5371408,269,65583,2413,3000,101233,200,1615970,10
2020006,2020-01-14(二),"浙江12注,重庆1注,河南1注,广东1注,广西1注,四川4注,共20注。","03,04,05,10,16,32",09,860929224,20,5735328,363,50642,2293,3000,91146,200,1388625,10
2020005,2020-01-12(日),"河北3注,安徽1注,江西1注,湖北2注,广西1注,共8注。","11,16,17,22,26,32",04,920486146,8,7446888,224,109236,1925,3000,83358,200,1406473,10
2020004,2020-01-09(四),"山西1注,浙江2注,山东1注,广东1注,广西1注,云南1注,共7注。","02,15,17,27,32,33",03,906654598,7,7900679,189,134290,2010,3000,81474,200,1347170,10
2020003,2020-01-07(二),"江苏1注,浙江12注,湖北1注,湖南1注,云南1注,共16注。","09,17,26,29,30,32",03,885816521,16,6237758,134,184740,1708,3000,73097,200,1342832,10
2020002,2020-01-05(日),"北京1注,天津1注,河北1注,山西1注,辽宁1注,江苏1注,安徽1注,山东2注,重庆2注,广东2注,贵州1注,云南2注,共16注。","04,09,14,15,16,29",11,911355134,16,6188650,194,122541,2193,3000,102658,200,1708975,10
2020001,2020-01-02(四),"河南1注,湖北1注,四川2注,共4注。","02,15,23,26,29,30",02,939054504,4,10000000,113,275836,1002,3000,57520,200,1191091,10
2019151,2019-12-31(二),"辽宁1注,吉林1注,福建1注,湖南1注,广西1注,青海1注,深圳2注,共8注。","02,06,09,18,24,26",14,885545850,8,8200266,121,264484,1109,3000,62784,200,1318527,10
2019150,2019-12-29(日),"安徽1注,山东1注,广东1注,陕西1注,深圳5注,共9注。","02,09,14,22,27,29",02,855139985,9,7571049,158,183065,1906,3000,86310,200,1544737,10
2019149,2019-12-26(四),"北京1注,江苏1注,浙江6注,福建1注,湖南1注,广东1注,四川1注,云南1注,陕西2注,深圳1注,共16注。其中一等奖特别奖为：北京1注,云南1注,陕西2注,深圳1注。","01,06,27,28,31,33",07,836506504,16,6041786,120,173631,1598,3000,77279,200,1403798,10
2019148,2019-12-24(二),"河北1注,山西3注,吉林1注,黑龙江1注,上海4注,江苏1注,浙江6注,安徽1注,山东4注,河南2注,湖北1注,湖南1注,广东5注,四川3注,贵州3注,云南2注,陕西1注,青海1注,宁夏1注,共42注。其中一等奖特别奖为：浙江2注,山东1注；一等奖普惠奖为：河北1注,山西3注,吉林1注,黑龙江1注,上海4注,江苏1注,浙江4注,安徽1注,山东3注,河南2注,湖北1注,湖南1注,广东5注,四川3注,贵州3注,云南2注,陕西1注,青海1注,宁夏1注。","09,10,13,20,26,27",08,870667904,42,5386963,179,113495,2290,3000,97261,200,1647090,10
2019147,2019-12-22(日),"河北4注,内蒙古1注,陕西1注,甘肃2注,新疆1注,深圳1注,共10注。其中一等奖特别奖为：河北4注,内蒙古1注,新疆1注；一等奖普惠奖为：陕西1注,甘肃2注,深圳1注。","01,09,12,14,23,27",12,1035973571,10,7003459,120,208693,1629,3000,85889,200,1585960,10
2019146,2019-12-19(四),"河北1注,浙江1注,陕西2注,共4注。其中一等奖特别奖为：浙江1注,陕西2注；一等奖普惠奖为：河北1注。","01,04,10,12,30,32",14,1030878448,4,10000000,82,411505,806,3000,46154,200,998965,10
2019145,2019-12-17(二),"北京1注,辽宁1注,黑龙江2注,上海1注,江苏1注,浙江2注,安徽1注,重庆2注,贵州1注,云南1注,甘肃2注,共15注。其中一等奖特别奖为：浙江1注,安徽1注,重庆2注,甘肃2注；一等奖普惠奖为：北京1注,辽宁1注,黑龙江2注,上海1注,江苏1注,浙江1注,贵州1注,云南1注。","01,08,13,17,18,19",16,969648184,15,6299971,145,168099,2046,3000,106355,200,1848486,10
2019144,2019-12-15(日),"天津2注,辽宁1注,江苏2注,浙江2注,重庆1注,广东2注,云南1注,新疆1注,深圳1注,共13注。其中一等奖特别奖为：天津1注,辽宁1注,江苏1注,浙江1注,广东2注,云南1注,新疆1注；一等奖普惠奖为：天津1注,江苏1注,浙江1注,重庆1注,深圳1注。","02,12,15,19,27,30",03,991024359,13,6951733,276,114911,1748,3000,84386,200,1591131,10
2019143,2019-12-12(四),"内蒙古1注,上海2注,江西1注,重庆2注,河南1注,湖北2注,四川2注,共11注。其中一等奖特别奖为：内蒙古1注,上海2注,江西1注,重庆2注,河南1注,湖北1注,四川2注；一等奖普惠奖为：湖北1注。","05,13,15,16,26,32",09,986249870,11,6396823,471,40777,2602,3000,119572,200,1977738,10
2019142,2019-12-10(二),"河北1注,江苏1注,浙江1注,福建5注,广西1注,新疆5注,共14注。其中一等奖特别奖为：河北1注,江苏1注,福建5注,广西1注,新疆5注；一等奖普惠奖为：浙江1注。","08,14,24,27,29,33",09,998995951,14,5681439,72,165627,1769,3000,90904,200,1628219,10
2019141,2019-12-08(日),"山东2注,共2注。其中一等奖特别奖为：山东2注。","10,13,14,15,17,33",14,1042760527,2,10000000,101,317944,1288,3000,73243,200,1486187,10
2019140,2019-12-05(四),"北京5注,河北1注,山西1注,辽宁1注,吉林1注,黑龙江1注,浙江4注,江西1注,山东1注,湖北1注,广东2注,四川3注,陕西2注,深圳1注,共25注。其中一等奖特别奖为：北京5注,河北1注,辽宁1注,黑龙江1注,浙江4注,山东1注,湖北1注,广东2注,四川3注,陕西1注,深圳1注；一等奖普惠奖为：山西1注,吉林1注,江西1注,陕西1注。","02,04,09,11,14,22",05,966423413,25,5699960,187,116972,2146,3000,103247,200,1816465,10
2019139,2019-12-03(二),"辽宁1注,浙江1注,安徽1注,重庆1注,共4注。其中一等奖特别奖为：浙江1注；一等奖普惠奖为：辽宁1注,安徽1注,重庆1注。","08,14,20,23,30,33",11,1043301115,4,10000000,87,370721,996,3000,59751,200,1303622,10
2019138,2019-12-01(日),"北京1注,河北3注,山西1注,内蒙古1注,上海2注,江西1注,重庆2注,河南1注,贵州1注,甘肃1注,宁夏1注,共15注。其中一等奖特别奖为：北京1注,河北2注,山西1注,内蒙古1注,上海2注,江西1注,重庆2注,甘肃1注,宁夏1注；一等奖普惠奖为：河北1注,河南1注,贵州1注。","02,06,12,30,31,32",11,986542917,15,6123356,221,95307,2215,3000,100630,200,1773938,10
2019137,2019-11-28(四),"北京1注,天津1注,内蒙古4注,辽宁2注,吉林2注,黑龙江2注,上海2注,江苏1注,浙江3注,安徽1注,福建1注,江西2注,重庆1注,湖北1注,四川1注,甘肃1注,深圳1注,共27注。其中一等奖特别奖为：天津1注,内蒙古4注,吉林1注,黑龙江2注,上海1注,浙江2注,安徽1注,福建1注,江西1注,重庆1注,湖北1注,四川1注,甘肃1注,深圳1注；一等奖普惠奖为：北京1注,辽宁2注,吉林1注,上海1注,江苏1注,浙江1注,江西1注。","07,10,13,19,23,31",06,1015204480,27,5601120,230,88207,3092,3000,120305,200,1972407,10
2019136,2019-11-26(二),"福建1注,山东2注,湖南1注,广东2注,甘肃1注,共7注。其中一等奖特别奖为：山东1注,湖南1注,广东2注,甘肃1注；一等奖普惠奖为：福建1注,山东1注。","12,14,15,17,29,33",12,1105571297,7,7822924,50,494011,1204,3000,64067,200,1300032,10
2019135,2019-11-24(日),"江苏1注,福建2注,河南1注,共4注。其中一等奖特别奖为：福建1注,河南1注；一等奖普惠奖为：江苏1注,福建1注。","03,06,10,11,27,33",03,1086229996,4,10000000,145,227222,1826,3000,86246,200,1582143,10
2019134,2019-11-21(四),"天津2注,辽宁1注,黑龙江1注,福建2注,贵州1注,共7注。其中一等奖特别奖为：天津2注,黑龙江1注,福建2注；一等奖普惠奖为：辽宁1注,贵州1注。","01,04,06,22,29,30",03,1027388308,7,8383006,99,299003,1220,3000,66274,200,1329344,10
2019133,2019-11-19(二),"辽宁1注,上海1注,江苏1注,山东2注,湖南2注,贵州1注,宁夏1注,深圳1注,共10注。其中一等奖特别奖为：上海1注,江苏1注,山东2注,湖南1注,贵州1注；一等奖普惠奖为：辽宁1注,湖南1注,宁夏1注,深圳1注。","03,07,16,21,24,31",07,997265432,10,7387274,163,183073,1450,3000,75438,200,1347562,10
2019132,2019-11-17(日),"北京1注,浙江1注,江西2注,广东2注,四川1注,共7注。其中一等奖特别奖为：北京1注,浙江1注,江西2注,广东2注,四川1注。","04,06,11,14,19,33",07,981615374,7,8159750,141,196083,1697,3000,90323,200,1695603,10
2019131,2019-11-14(四),"浙江1注,福建1注,江西1注,河南4注,湖北1注,湖南1注,广东2注,新疆1注,共12注。其中一等奖特别奖为：福建1注,江西1注,河南3注,湖北1注,湖南1注,广东1注；一等奖普惠奖为：浙江1注,河南1注,广东1注,新疆1注。","09,17,19,20,24,31",04,955790186,12,6956355,195,150488,1396,3000,71263,200,1344951,10
2019130,2019-11-12(二),"河北2注,内蒙古1注,江西5注,河南1注,湖南1注,四川5注,共15注。其中一等奖特别奖为：河北2注,内蒙古1注,江西5注,四川4注；一等奖普惠奖为：河南1注,湖南1注,四川1注。","01,07,09,11,24,32",16,951230446,15,6791765,151,222487,1080,3000,60180,200,1227522,10
2019129,2019-11-10(日),"北京6注,河北1注,辽宁1注,上海3注,浙江4注,山东2注,四川1注,贵州1注,陕西1注,共20注。其中一等奖特别奖为：北京1注,河北1注,山东2注,四川1注,陕西1注；一等奖普惠奖为：北京5注,辽宁1注,上海3注,浙江4注,贵州1注。","03,04,07,09,15,26",07,952320130,20,5800136,360,55565,3662,3000,160129,200,2497318,10
2019128,2019-11-07(四),"北京1注,内蒙古1注,福建1注,江西1注,湖北1注,甘肃1注,新疆3注,共9注。","03,08,12,16,17,19",08,1008312621,9,6051317,118,100231,2428,3000,114474,200,1818896,10
2019127,2019-11-05(二),"河北1注,江苏1注,江西1注,山东2注,重庆1注,河南1注,湖北2注,广西3注,四川1注,云南1注,深圳1注,共15注。","02,06,07,12,17,24",10,1027292513,15,5970153,227,80133,2109,3000,91352,200,1481099,10
2019126,2019-11-03(日),"河北1注,黑龙江1注,上海1注,山东1注,湖北1注,广东1注,云南1注,甘肃1注,共8注。","02,14,17,29,32,33",16,1062273688,8,7151842,81,265659,1124,3000,57550,200,1089822,10
2019125,2019-10-31(四),"河北1注,浙江5注,广东1注,四川1注,共8注。","02,11,12,26,27,29",03,1054933143,8,7374072,253,93836,1489,3000,71139,200,1302739,10
2019124,2019-10-29(二),"北京1注,天津1注,河北1注,福建2注,山东4注,河南1注,湖北1注,陕西2注,甘肃1注,共14注。","04,09,30,31,32,33",01,1042703541,14,6175971,153,134506,2106,3000,70799,200,1082853,10
2019123,2019-10-27(日),"山西3注,福建1注,江西1注,重庆1注,河南2注,湖北1注,广东3注,广西4注,四川1注,云南1注,宁夏1注,共19注。","02,06,08,17,28,30",06,1067428638,19,5596004,366,38675,3291,3000,126658,200,1920703,10
2019122,2019-10-24(四),"河北1注,浙江1注,山东1注,湖北1注,共4注。","04,10,15,19,21,23",02,1131287397,4,10000000,117,226282,831,3000,52327,200,1040569,10
2019121,2019-10-22(二),"河北5注,浙江1注,安徽1注,山东1注,湖南1注,四川5注,新疆1注,共15注。","02,06,15,21,30,31",02,1091862134,15,6185649,138,161093,1582,3000,72235,200,1298470,10
2019120,2019-10-20(日),"浙江1注,福建1注,山东1注,重庆1注,青海1注,共5注。","10,12,27,31,32,33",03,1117954087,5,8898140,85,286627,1114,3000,58909,200,1156426,10
2019119,2019-10-17(四),"江苏2注,安徽1注,四川5注,甘肃1注,共9注。","04,20,22,24,26,33",07,1089354655,9,6158337,73,178510,1483,3000,75387,200,1309437,10
2019118,2019-10-15(二),"天津1注,山西1注,黑龙江1注,上海1注,浙江1注,湖北1注,共6注。","12,14,15,25,28,31",04,1105685807,6,8013754,142,159177,1153,3000,59723,200,1208835,10
2019117,2019-10-13(日),"北京1注,福建1注,广东1注,四川1注,陕西1注,共5注。","03,05,11,28,32,33",01,1085958852,5,9637937,135,214719,1157,3000,57662,200,1181271,10
2019116,2019-10-10(四),"辽宁1注,江苏1注,重庆1注,河南1注,四川1注,云南1注,深圳1注,共7注。","01,08,09,13,16,33",01,1047187205,7,8062689,146,183551,1078,3000,61337,200,1214933,10
2019115,2019-10-08(二),"北京1注,河北1注,辽宁1注,上海1注,山东1注,重庆1注,湖北1注,陕西1注,共8注。","04,10,11,14,15,29",05,1023230427,8,7126357,137,155208,1901,3000,92825,200,1513619,10
2019114,2019-09-29(日),"江苏2注,湖南1注,云南1注,共4注。","02,04,09,11,12,30",01,1016450569,4,10000000,180,167444,916,3000,66818,200,1456010,10
2019113,2019-09-26(四),"浙江2注,河南1注,广东1注,四川1注,共5注。","01,05,19,21,25,33",15,966030310,5,8717723,118,196913,1088,3000,57216,200,1141952,10
2019112,2019-09-24(二),"吉林1注,江苏2注,山东1注,广东1注,新疆1注,共6注。","03,12,14,17,23,27",01,939911612,6,8762335,173,163107,805,3000,53336,200,1119151,10
2019111,2019-09-22(日),"北京3注,广东3注,共6注。","07,18,20,22,24,33",01,907833069,6,9138179,82,378492,766,3000,44624,200,995125,10
2019110,2019-09-19(四),"北京2注,浙江1注,安徽1注,山东1注,重庆1注,深圳2注,共8注。","01,18,22,26,27,28",08,869553104,8,7132577,89,239615,1244,3000,64692,200,1241154,10
2019109,2019-09-17(二),"江苏1注,福建1注,湖南2注,广西1注,共5注。","03,06,07,17,28,31",10,862636404,5,8306978,218,94810,1579,3000,86504,200,1598625,10
2019108,2019-09-15(日),"河北3注,山西1注,黑龙江1注,上海1注,浙江1注,安徽1注,山东1注,湖南3注,云南1注,共13注。","07,13,19,22,25,32",13,842165456,13,6413151,110,208761,1740,3000,77296,200,1381805,10
2019107,2019-09-12(四),"黑龙江1注,广西1注,共2注。","02,06,08,23,27,32",02,856645293,2,10000000,54,475645,948,3000,47755,200,1008211,10
2019106,2019-09-10(二),"北京1注,安徽1注,山东1注,共3注。","02,14,22,27,30,33",14,799590658,3,10000000,65,385201,880,3000,47442,200,978259,10
2019105,2019-09-08(日),"山西5注,辽宁1注,共6注。","02,13,15,17,26,33",01,754476375,6,8463242,85,305580,1125,3000,58000,200,1131852,10
2019104,2019-09-05(四),"内蒙古1注,浙江1注,福建1注,山东1注,广东1注,云南1注,甘肃1注,共7注。","01,05,16,17,18,24",10,727332881,7,6848206,120,134765,1815,3000,84986,200,1485822,10
2019103,2019-09-03(二),"黑龙江1注,云南1注,共2注。","04,12,14,21,27,29",12,726754909,2,10000000,101,268873,797,3000,50497,200,1005488,10
2019102,2019-09-01(日),"河北1注,江苏1注,江西1注,重庆1注,湖南1注,广东1注,四川1注,云南10注,新疆1注,共18注。","03,08,12,16,20,32",12,665286304,18,5786187,198,89339,2582,3000,103650,200,1690785,10
2019101,2019-08-29(四),"山西1注,辽宁2注,广东1注,共4注。","01,04,09,21,31,33",05,716370043,4,6477614,77,95948,1933,3000,97693,200,1644068,10
2019100,2019-08-27(二),"浙江1注,湖北1注,共2注。","01,04,12,13,30,32",08,720116287,2,10000000,60,404624,845,3000,45195,200,968141,10
2019099,2019-08-25(日),"吉林16注,黑龙江1注,安徽3注,江西1注,山东1注,广东1注,四川2注,宁夏1注,共26注。","07,14,22,23,27,30",08,667283924,26,5524776,185,92190,2027,3000,96967,200,1636993,10
2019098,2019-08-22(四),"辽宁1注,黑龙江1注,浙江1注,湖南1注,共4注。","03,11,12,14,17,26",09,759762439,4,9535306,136,166739,1215,3000,69931,200,1352743,10
2019097,2019-08-20(二),"辽宁1注,广东2注,陕西1注,新疆1注,共5注。","03,05,18,24,25,31",09,729874065,5,7465772,98,157255,1765,3000,77971,200,1313064,10
2019096,2019-08-18(日),"河北1注,山西25注,辽宁1注,江西1注,山东1注,重庆1注,河南3注,广东2注,广西1注,四川11注,甘肃1注,共48注。","05,07,12,18,27,32",11,720969696,48,5399584,310,77338,1661,3000,73201,200,1256085,10
2019095,2019-08-15(四),"辽宁2注,广东1注,共3注。","02,05,14,19,21,28",01,908224516,3,10000000,95,236670,843,3000,50960,200,1037704,10
2019094,2019-08-13(二),"江苏1注,浙江2注,江西2注,广东1注,陕西1注,深圳1注,共8注。","05,10,12,18,19,27",06,870773310,8,6822140,301,60536,1930,3000,90607,200,1519430,10
2019093,2019-08-11(日),"北京2注,河北1注,内蒙古1注,辽宁2注,吉林1注,上海1注,江苏1注,浙江3注,安徽2注,福建1注,山东3注,河南5注,湖北2注,广西1注,甘肃1注,共27注。","05,07,08,09,20,22",02,870686214,27,5590139,629,31664,2755,3000,124188,200,1910404,10
2019092,2019-08-08(四),"北京1注,江苏1注,浙江1注,重庆1注,湖南1注,广东1注,共6注。","09,17,27,28,32,33",08,961868391,6,6573767,67,176168,2218,3000,96986,200,1510147,10
2019091,2019-08-06(二),"重庆1注,深圳1注,共2注。","07,10,21,24,29,32",11,965901226,2,10000000,94,260518,1182,3000,48596,200,1027933,10
2019090,2019-08-04(日),"辽宁1注,广东1注,共2注。","02,03,06,08,14,22",04,912434874,2,10000000,93,289490,1079,3000,61443,200,1234613,10
2019089,2019-08-01(四),"辽宁1注,安徽1注,湖北3注,湖南1注,广西1注,共7注。","02,04,14,16,20,22",11,851666935,7,6961515,104,165031,1201,3000,61937,200,1127679,10
2019088,2019-07-30(二),"黑龙江1注,江苏3注,浙江3注,山东1注,湖南1注,广东7注,四川1注,云南1注,共18注。","13,14,15,21,23,29",13,848907760,18,5697370,77,203777,1852,3000,76697,200,1238738,10
2019087,2019-07-28(日),"上海4注,安徽1注,共5注。","04,05,07,09,21,30",04,904387916,5,9423734,99,279276,994,3000,61058,200,1300800,10
2019086,2019-07-25(四),"天津1注,江苏1注,福建1注,江西1注,广东1注,甘肃1注,青海1注,深圳4注,共11注。","16,22,24,26,28,31",06,868561562,11,6364807,120,156384,1475,3000,67830,200,1190814,10
2019085,2019-07-23(二),"河北1注,江苏2注,山东5注,湖北1注,广东1注,陕西2注,共12注。","01,04,14,18,24,29",04,882276151,12,6519571,61,373665,1336,3000,54007,200,935004,10
2019084,2019-07-21(日),"内蒙古1注,浙江1注,安徽1注,山东11注,河南1注,共15注。","04,08,14,18,20,27",03,892130280,15,5979203,300,61200,2549,3000,124314,200,2086504,10
2019083,2019-07-18(四),"河北1注,江苏5注,浙江1注,安徽1注,贵州2注,共10注。","06,15,17,26,28,31",03,926738145,10,6795196,118,190169,1189,3000,61110,200,1161496,10
2019082,2019-07-16(二),"河北1注,辽宁1注,安徽1注,广东2注,共5注。","07,16,19,22,24,28",02,927370251,5,8270886,91,224648,1412,3000,71586,200,1328818,10
2019081,2019-07-14(日),"江苏1注,山东1注,重庆1注,广东2注,共5注。","05,24,27,29,31,32",10,907395563,5,8910511,58,421391,877,3000,45047,200,971926,10
2019080,2019-07-11(四),"河北2注,辽宁1注,浙江1注,安徽1注,山东1注,深圳1注,共7注。","03,06,08,20,24,32",07,878626031,7,6502641,80,164351,1399,3000,80926,200,1423007,10
2019079,2019-07-09(二),"上海10注,江苏1注,福建1注,江西1注,山东1注,四川1注,共15注。","01,03,06,09,19,31",16,884700186,15,6163816,156,139881,1634,3000,72099,200,1197361,10
2019078,2019-07-07(日),"北京1注,黑龙江1注,江苏6注,浙江1注,山东1注,广东2注,云南2注,共14注。","01,17,27,29,31,33",12,911692755,14,6369078,199,120396,1248,3000,62854,200,1185214,10
2019077,2019-07-04(四),"浙江1注,共1注。","09,11,13,18,21,22",15,928983242,1,10000000,118,221011,921,3000,55739,200,1161051,10
2019076,2019-07-02(二),"四川1注,深圳3注,共4注。","12,15,19,20,29,32",14,860745165,4,10000000,84,299030,887,3000,46766,200,981791,10
2019075,2019-06-30(日),"福建1注,广东1注,共2注。","05,08,20,22,31,33",03,825389586,2,10000000,69,329031,983,3000,57414,200,1168124,10
2019074,2019-06-27(四),"河北1注,上海1注,安徽1注,陕西1注,共4注。","12,21,27,29,31,33",04,777279978,4,10000000,51,558701,681,3000,36557,200,803399,10
2019073,2019-06-25(二),"河北2注,山西1注,内蒙古1注,江苏1注,山东1注,重庆2注,河南1注,湖北1注,广西3注,贵州1注,陕西1注,深圳2注,共17注。","01,02,06,12,16,18",08,731798593,17,5684254,146,99591,2082,3000,86209,200,1407233,10
2019072,2019-06-23(日),"河北1注,浙江1注,江西2注,山东1注,湖南3注,广东1注,深圳1注,共10注。","02,09,13,15,22,30",15,784809688,10,6995170,155,160900,1666,3000,80447,200,1454142,10
2019071,2019-06-20(四),"山西1注,上海1注,浙江4注,重庆3注,河南5注,湖北1注,广西2注,四川4注,贵州1注,共22注。","01,08,19,24,29,30",04,779942491,22,5832271,371,61691,1909,3000,77740,200,1214971,10
2019070,2019-06-18(二),"浙江1注,重庆1注,四川1注,共3注。","06,15,18,19,24,32",09,839590047,3,10000000,103,182464,1352,3000,71266,200,1271212,10
2019069,2019-06-16(日),"辽宁1注,浙江1注,福建1注,江西1注,湖北1注,广东1注,四川1注,云南1注,共8注。","06,11,16,19,21,25",01,813208375,8,7285184,226,101114,1642,3000,87880,200,1535319,10
2019068,2019-06-13(四),"山西1注,黑龙江1注,广东2注,四川1注,甘肃1注,共6注。","03,14,20,24,26,33",10,802934315,6,8093762,64,362550,853,3000,46806,200,937858,10
2019067,2019-06-11(二),"北京1注,辽宁1注,江苏2注,湖南1注,共5注。","04,06,08,11,30,33",11,781887228,5,7973990,110,168976,1249,3000,63942,200,1185283,10
2019066,2019-06-09(日),"内蒙古1注,山东1注,河南2注,广西1注,云南1注,共6注。","01,14,17,20,22,32",04,765994853,6,8522847,86,307225,977,3000,47329,200,945495,10
2019065,2019-06-06(四),"北京2注,河北1注,辽宁1注,江苏1注,湖北1注,贵州1注,云南2注,深圳1注,共10注。","06,09,11,15,20,26",10,737867862,10,6616248,317,63732,1803,3000,88849,200,1517001,10
2019064,2019-06-04(二),"上海1注,浙江1注,广西1注,贵州1注,共4注。","12,20,24,25,30,33",12,743421022,4,9064360,92,220889,1028,3000,61462,200,1216263,10
2019063,2019-06-02(日),"黑龙江1注,河南1注,湖北2注,海南1注,共5注。","01,14,19,22,29,31",16,718713061,5,9289366,91,294599,1005,3000,56213,200,1145392,10
2019062,2019-05-30(四),"上海1注,江苏3注,浙江1注,湖北1注,新疆1注,共7注。","07,13,16,23,26,30",01,684734277,7,8340699,161,181559,675,3000,47411,200,1055744,10
2019061,2019-05-28(二),"北京1注,安徽1注,重庆2注,四川1注,陕西1注,共6注。","03,17,19,24,27,31",12,655425812,6,8443688,80,322845,841,3000,47553,200,965087,10
2019060,2019-05-26(日),"河南1注,广东1注,共2注。","03,04,14,20,23,27",01,628604946,2,10000000,118,246389,994,3000,55657,200,1125191,10
2019059,2019-05-23(四),"湖北1注,广西1注,共2注。","04,05,07,09,16,18",06,561383166,2,10000000,125,162165,1542,3000,75876,200,1380983,10
2019058,2019-05-21(二),"河北1注,黑龙江1注,上海1注,江苏4注,浙江1注,安徽2注,福建3注,山东1注,湖北1注,广东1注,广西1注,四川1注,云南1注,陕西1注,共20注。","07,08,12,21,23,27",12,520571254,20,5260714,127,51321,3726,3000,152257,200,2179068,10
2019057,2019-05-19(日),"黑龙江2注,上海1注,湖南1注,四川1注,陕西1注,深圳1注,共7注。","04,05,06,08,13,18",16,606231938,7,8216242,127,221591,1311,3000,74663,200,1509549,10
2019056,2019-05-16(四),"江西1注,共1注。","13,14,17,19,21,29",01,579319269,1,10000000,78,245905,1528,3000,70105,200,1287687,10
2019055,2019-05-14(二),"河南1注,广东1注,共2注。","01,06,11,15,19,31",10,531777347,2,10000000,61,368485,1097,3000,57238,200,1100504,10
2019054,2019-05-12(日),"北京1注,吉林1注,山东1注,湖北1注,湖南1注,广东1注,贵州2注,共8注。","07,10,11,15,24,26",11,484344441,8,6741103,132,131901,2374,3000,102249,200,1678737,10
2019053,2019-05-09(四),"内蒙古1注,上海5注,江苏1注,湖北1注,四川4注,共12注。","04,16,22,25,29,31",08,486040155,12,5969643,109,133437,1869,3000,80695,200,1364875,10
2019052,2019-05-07(二),"北京2注,天津12注,河北1注,山西3注,内蒙古2注,辽宁1注,黑龙江2注,上海5注,江苏3注,浙江26注,安徽3注,福建6注,江西3注,山东7注,重庆1注,河南5注,湖北23注,湖南3注,广东11注,广西1注,四川2注,贵州3注,云南7注,陕西16注,甘肃2注,深圳3注,共153注。","03,06,09,13,16,19",16,514041918,153,5117604,2295,9800,2162,3000,76077,200,1276540,10
2019051,2019-05-05(日),"山西1注,内蒙古1注,吉林1注,黑龙江1注,江苏1注,安徽1注,福建1注,重庆1注,河南1注,湖北1注,广东1注,西藏1注,新疆1注,共13注。","08,09,10,13,15,28",09,1229559631,13,5503869,120,68232,3302,3000,142819,200,2196456,10
2019050,2019-05-02(四),"辽宁1注,吉林1注,上海1注,安徽1注,河南1注,广东4注,云南1注,深圳3注,共13注。","04,06,10,11,21,23",02,1276546288,13,6136790,100,184728,1227,3000,64622,200,1200423,10
2019049,2019-04-30(二),"北京1注,天津1注,黑龙江1注,浙江2注,河南2注,湖北1注,新疆1注,共9注。","03,10,13,22,23,28",15,1300906020,9,6552485,205,85197,2854,3000,111093,200,1745138,10
2019048,2019-04-28(日),"河北1注,江苏3注,湖南1注,广东3注,共8注。","03,07,10,12,18,29",10,1307482004,8,7251672,153,147168,2209,3000,101803,200,1730349,10
2019047,2019-04-25(四),"广东1注,共1注。","03,11,18,25,30,33",14,1297945208,1,10000000,388,69165,909,3000,84327,200,1725198,10
2019046,2019-04-23(二),"天津1注,黑龙江1注,上海5注,浙江1注,山东1注,河南3注,湖北1注,广东2注,海南1注,新疆1注,共17注。","02,12,16,22,25,32",06,1227436396,17,5847483,132,136431,2121,3000,81820,200,1392213,10
2019045,2019-04-21(日),"辽宁1注,江苏1注,广东3注,甘肃1注,深圳1注,共7注。","01,06,17,19,27,31",14,1272816559,7,8172099,83,334408,836,3000,51802,200,1068768,10
2019044,2019-04-18(四),"天津1注,浙江4注,安徽1注,湖南1注,广东1注,广西1注,宁夏1注,深圳2注,共12注。","06,14,16,17,23,29",07,1246753637,12,5956414,188,76309,2205,3000,95733,200,1552954,10
2019043,2019-04-16(二),"山东1注,湖北1注,共2注。","01,06,12,13,24,32",13,1275191954,2,10000000,99,249954,1162,3000,57084,200,1034128,10
2019042,2019-04-14(日),"河北1注,山西1注,福建1注,山东1注,共4注。","15,17,19,22,25,26",04,1220955571,4,10000000,132,195373,1226,3000,74347,200,1495803,10
2019041,2019-04-11(四),"江西1注,河南1注,共2注。","02,09,13,23,24,26",16,1183587505,2,10000000,103,274965,831,3000,47335,200,1003320,10
2019040,2019-04-09(二),"北京2注,黑龙江1注,江西1注,河南2注,广东1注,云南1注,共8注。","05,06,09,18,23,31",11,1118623191,8,6661238,159,104480,2510,3000,93201,200,1540542,10
2019039,2019-04-07(日),"江苏3注,浙江5注,广西1注,陕西2注,共11注。","06,07,11,14,27,32",08,1122075950,11,6258711,136,127259,2045,3000,89894,200,1606282,10
2019038,2019-04-04(四),"上海1注,浙江2注,重庆1注,湖北1注,四川2注,陕西1注,宁夏2注,共10注。","09,12,21,27,29,30",05,1138999919,10,6243868,101,153944,2137,3000,89846,200,1485224,10
2019037,2019-04-02(二),"江苏1注,浙江5注,山东2注,河南1注,广东2注,云南1注,共12注。","01,07,12,14,18,25",10,1154793537,12,6514774,213,106674,1458,3000,70399,200,1325157,10
2019036,2019-03-31(日),"天津1注,河北3注,辽宁1注,吉林1注,上海6注,浙江1注,安徽1注,河南2注,湖北1注,湖南2注,广东1注,陕西1注,共21注。","02,10,13,16,23,32",08,1164805979,21,5000000,85,6000,2956,3000,117550,200,1895239,10
2019035,2019-03-28(四),"北京2注,河北1注,黑龙江2注,上海1注,江西1注,山东1注,广东1注,广西1注,深圳1注,共11注。","01,05,07,09,10,20",16,1269805979,11,7034000,233,120032,1362,3000,75341,200,1379602,10
2019034,2019-03-26(二),"北京1注,河北1注,辽宁3注,上海1注,福建2注,山东1注,河南1注,共10注。","09,11,15,22,24,26",03,1263277472,10,6957743,103,237590,1211,3000,63789,200,1242428,10
2019033,2019-03-24(日),"山西1注,江苏1注,浙江1注,河南3注,四川4注,陕西1注,深圳11注,共22注。","09,15,19,21,23,29",15,1259439534,22,6000111,224,122781,1380,3000,68477,200,1323149,10
2019032,2019-03-21(四),"上海1注,江苏2注,广东1注,贵州1注,青海1注,共6注。","04,08,09,13,28,33",04,1308932812,6,8788636,228,124626,951,3000,52822,200,1080804,10
2019031,2019-03-19(二),"江苏2注,重庆3注,共5注。","03,13,15,18,21,33",16,1276420305,5,9429639,119,232649,976,3000,60588,200,1236438,10
2019030,2019-03-17(日),"山西1注,吉林1注,浙江2注,安徽1注,福建2注,山东1注,河南2注,湖北2注,湖南2注,广东1注,云南1注,陕西1注,共17注。","04,05,07,10,12,22",16,1240512761,17,6202265,196,130347,1656,3000,83656,200,1625585,10
2019029,2019-03-14(四),"内蒙古1注,浙江1注,福建1注,山东1注,湖北1注,甘肃1注,共6注。","08,11,17,23,32,33",10,1269306832,6,8343406,83,302115,1157,3000,61274,200,1166185,10
2019028,2019-03-12(二),"河北1注,福建3注,山东1注,重庆1注,河南1注,湖南1注,云南1注,宁夏2注,共11注。","04,19,22,26,29,30",11,1244140628,11,6380332,165,115027,2023,3000,98830,200,1660732,10
2019027,2019-03-10(日),"山东2注,湖南1注,广东5注,贵州1注,共9注。","02,06,08,10,11,17",13,1257385558,9,7407292,223,121444,1601,3000,95901,200,1910982,10
2019026,2019-03-07(四),"北京1注,内蒙古1注,安徽3注,江西1注,广东1注,四川1注,陕西1注,深圳1注,共10注。","03,13,15,19,20,27",14,1242805065,10,6689534,105,201135,1359,3000,72605,200,1386153,10
2019025,2019-03-05(二),"辽宁2注,黑龙江1注,湖南1注,广西1注,共5注。","15,16,21,27,30,33",04,1246342879,5,9479664,74,378350,838,3000,48576,200,997993,10
2019024,2019-03-03(日),"天津1注,上海1注,浙江1注,湖南1注,四川1注,陕西2注,宁夏1注,共8注。","01,08,23,25,28,29",10,1209747493,8,6940962,99,196056,1518,3000,85039,200,1544263,10
2019023,2019-02-28(四),"内蒙古1注,黑龙江1注,江苏1注,浙江4注,安徽1注,河南1注,湖南1注,四川2注,甘肃1注,共13注。","01,10,14,15,18,31",13,1207046316,13,6088193,336,52628,3232,3000,122445,200,1798078,10
2019022,2019-02-26(二),"江苏3注,安徽2注,江西1注,山东5注,重庆1注,广东5注,广西1注,四川1注,共19注。","03,07,11,21,30,33",07,1233143388,19,5503206,169,70716,2055,3000,86814,200,1417042,10
2019021,2019-02-24(日),"天津2注,河南1注,湖北1注,四川1注,陕西1注,共6注。","02,05,07,08,20,27",04,1301850849,6,8810224,214,133535,1155,3000,67604,200,1347077,10
2019020,2019-02-21(四),"上海1注,浙江1注,河南1注,湖北3注,湖南1注,广东1注,贵州1注,云南1注,新疆1注,共11注。","02,12,13,23,27,28",12,1268982145,11,6275977,233,75299,2238,3000,102237,200,1680141,10
2019019,2019-02-19(二),"北京2注,天津1注,河北1注,上海1注,江苏3注,浙江1注,福建1注,江西1注,山东5注,河南1注,湖北2注,广东2注,陕西1注,宁夏1注,新疆1注,共24注。","03,11,17,18,24,25",06,1285383840,24,5530875,268,59426,2643,3000,107983,200,1679611,10
2019018,2019-02-17(日),"江苏1注,浙江1注,安徽2注,广东2注,广西1注,四川1注,共8注。","04,11,18,19,26,32",04,1370346090,8,7473244,364,67946,1391,3000,65920,200,1216364,10
2019017,2019-02-14(四),"辽宁1注,上海1注,云南1注,共3注。","04,05,24,28,30,33",09,1355934705,3,9404407,50,330330,947,3000,49981,200,991144,10
2019016,2019-02-12(二),"河北1注,内蒙古1注,山东1注,河南1注,广东1注,四川1注,云南5注,共11注。","05,07,09,11,19,25",05,1334598348,11,6236511,157,108293,2163,3000,92522,200,1508697,10
2019015,2019-02-03(日),"山西5注,辽宁1注,黑龙江2注,江苏1注,江西1注,山东1注,广西1注,四川1注,共13注。","11,15,16,20,24,31",04,1352193873,13,6477986,181,132692,1940,3000,90908,200,1614328,10
2019014,2019-01-31(四),"辽宁3注,江苏1注,河南1注,广东2注,共7注。","01,02,03,14,19,33",03,1364355844,7,7683510,168,139766,1247,3000,54378,200,991041,10
2019013,2019-01-29(二),"黑龙江1注,浙江1注,河南1注,陕西1注,共4注。","05,07,14,16,18,21",01,1347698265,4,10000000,77,363158,739,3000,37452,200,869073,10
2019012,2019-01-27(日),"黑龙江2注,共2注。","07,10,21,23,31,33",14,1303808580,2,10000000,55,472600,898,3000,50302,200,1046003,10
2019011,2019-01-24(四),"河北2注,辽宁1注,河南1注,共4注。","10,13,19,21,24,30",07,1245829570,4,8829188,72,265915,1152,3000,67289,200,1252710,10
2019010,2019-01-22(二),"北京2注,河北1注,山西2注,黑龙江1注,山东3注,重庆1注,河南1注,广东3注,广西1注,共15注。","02,04,05,08,11,30",02,1223708496,15,5753329,178,79353,3452,3000,139972,200,2193164,10
2019009,2019-01-20(日),"辽宁1注,山东1注,湖南1注,广东8注,广西1注,共12注。","01,07,10,22,31,32",15,1267633646,12,7191309,122,269423,687,3000,46022,200,979441,10
2019008,2019-01-17(四),"山东1注,重庆1注,广东1注,四川1注,共4注。","02,06,09,13,28,32",12,1255320435,4,9716477,86,274213,1085,3000,60425,200,1166000,10
2019007,2019-01-15(二),"吉林1注,浙江1注,河南1注,湖北1注,广东1注,四川1注,云南2注,陕西1注,共9注。","06,10,14,15,19,23",15,1223439184,9,7306482,198,131050,1318,3000,66723,200,1323262,10
2019006,2019-01-13(日),"北京2注,山西1注,辽宁1注,黑龙江1注,江西1注,贵州1注,云南25注,共32注。","01,05,10,19,26,28",12,1211353738,32,5514887,96,214536,1820,3000,83388,200,1500047,10
2019005,2019-01-10(四),"江苏3注,福建1注,江西1注,河南1注,广东2注,广西1注,深圳2注,共11注。","21,22,26,28,31,32",07,1326043660,11,6133650,68,229230,1308,3000,61547,200,1102950,10
2019004,2019-01-08(二),"辽宁1注,江苏2注,河南1注,四川2注,贵州1注,新疆1注,共8注。","08,12,16,19,26,32",03,1346750738,8,7428584,222,109395,1308,3000,69480,200,1385574,10
2019003,2019-01-06(日),"上海1注,浙江1注,山东2注,陕西1注,共5注。","13,17,20,21,22,27",01,1333321882,5,9635283,129,224577,920,3000,59266,200,1278481,10
2019002,2019-01-03(四),"北京1注,上海1注,河南5注,广东1注,四川1注,共9注。","04,05,06,08,09,18",11,1294586730,9,7273230,129,198246,1352,3000,74631,200,1506728,10
2019001,2019-01-01(二),"浙江1注,山东1注,重庆1注,云南1注,深圳10注,共14注。","06,10,13,15,32,33",15,1283324272,14,6657038,147,197266,822,3000,47264,200,1059312,10
2018153,2018-12-30(日),"上海2注,河南1注,湖北1注,共4注。","01,07,17,23,25,31",11,1289528301,4,10000000,133,205313,1259,3000,58445,200,1096798,10
2018152,2018-12-27(四),"山西2注,内蒙古1注,辽宁2注,吉林1注,上海2注,江苏1注,安徽2注,湖北1注,广西1注,四川1注,云南4注,西藏1注,甘肃1注,共20注。","04,14,16,23,28,29",03,1247608325,20,5479653,168,71376,5101,3000,155083,200,1893432,10
2018151,2018-12-25(二),"辽宁1注,福建1注,江西1注,河南1注,共4注。","05,15,19,25,26,29",15,1321227399,4,9708849,203,115981,2250,3000,87941,200,1559540,10
2018150,2018-12-23(日),"河北1注,内蒙古1注,上海2注,江苏1注,浙江1注,安徽3注,山东1注,湖北1注,广东1注,广西1注,四川2注,共15注。","06,08,15,19,20,31",05,1289430060,15,6255214,270,87167,1872,3000,87470,200,1535783,10
2018149,2018-12-20(四),"辽宁1注,黑龙江1注,江苏5注,浙江1注,重庆1注,广东1注,陕西2注,共12注。","01,07,08,10,12,24",01,1312652452,12,6743951,212,123392,1525,3000,81458,200,1611901,10
2018148,2018-12-18(二),"浙江3注,安徽1注,重庆1注,河南2注,广东3注,四川1注,共11注。","03,06,18,19,21,31",01,1315102044,11,6665301,210,109037,1475,3000,75902,200,1391588,10
2018147,2018-12-16(日),"辽宁2注,上海2注,江苏1注,福建1注,山东1注,湖南1注,广西1注,四川2注,共11注。","03,15,17,23,27,30",11,1319726677,11,6875712,102,252853,1391,3000,71585,200,1275425,10
2018146,2018-12-13(四),"北京1注,江苏2注,浙江4注,山东1注,湖北1注,广东3注,陕西1注,共13注。","02,10,11,17,18,29",16,1317986374,13,6395974,157,144487,1499,3000,80487,200,1517079,10
2018145,2018-12-11(二),"辽宁1注,上海1注,浙江2注,安徽1注,福建1注,江西1注,湖北1注,湖南2注,广东2注,四川5注,云南3注,陕西1注,共21注。其中复式或胆拖投注为：辽宁1注,浙江2注,安徽1注,湖北1注,湖南2注,广东2注,四川1注,云南2注,陕西1注。","03,09,13,22,23,25",06,1333080271,21,5598712,172,91373,2541,3000,107950,200,1745779,10
2018144,2018-12-09(日),"天津1注,共1注。其中复式或胆拖投注为：0注。","08,13,17,18,20,27",13,1403504611,1,10000000,117,241814,1288,3000,68427,200,1385347,10
2018143,2018-12-06(四),"河北1注,内蒙古1注,浙江3注,山东1注,重庆1注,河南1注,湖北5注,广东1注,四川2注,共16注。其中复式或胆拖投注为：河北1注,山东1注,湖北5注,四川1注。","04,06,15,28,32,33",14,1328627871,16,6480336,117,253048,1547,3000,56970,200,1124440,10
2018142,2018-12-04(二),"河北1注,黑龙江2注,上海1注,浙江2注,福建1注,山东1注,重庆1注,湖南2注,广东1注,四川1注,贵州2注,甘肃1注,共16注。其中复式或胆拖投注为：河北1注,黑龙江1注,上海1注,浙江2注,福建1注,湖南1注,广东1注,贵州2注,甘肃1注。","05,08,10,11,27,28",11,1343493083,16,5856527,242,70787,3038,3000,121155,200,1861674,10
2018141,2018-12-02(日),"安徽1注,湖南1注,共2注。其中复式或胆拖投注为：安徽1注。","11,14,16,18,24,33",04,1385805866,2,10000000,115,248604,1075,3000,60201,200,1233134,10
2018140,2018-11-29(四),共0注。其中复式或胆拖投注为：0注。,"01,15,20,22,25,28",14,1320037180,0,0,103,318026,736,3000,45819,200,1043408,10
2018139,2018-11-27(二),"辽宁1注,江苏2注,山东3注,广东2注,陕西1注,深圳1注,共10注。其中复式或胆拖投注为：辽宁1注,山东1注,深圳1注。","11,18,20,23,31,32",15,1221766906,10,7121941,82,323466,1209,3000,62968,200,1167872,10
2018138,2018-11-25(日),"安徽1注,广东1注,陕西1注,共3注。其中复式或胆拖投注为：0注。","01,10,25,27,30,32",09,1213413511,3,10000000,67,453502,860,3000,53478,200,1155886,10
2018137,2018-11-22(四),"内蒙古1注,吉林1注,江苏6注,重庆1注,四川1注,共10注。其中复式或胆拖投注为：内蒙古1注,重庆1注。","03,05,11,15,20,23",09,1152259559,10,6284256,141,113852,2037,3000,98421,200,1687218,10
2018136,2018-11-20(二),"河北2注,辽宁1注,湖北1注,广东1注,云南1注,共6注。其中复式或胆拖投注为：湖北1注,广东1注,云南1注。","10,12,15,25,26,27",14,1166942493,6,8548933,149,178637,1342,3000,73610,200,1382233,10
2018135,2018-11-18(日),"北京1注,山西1注,辽宁1注,河南1注,共4注。其中复式或胆拖投注为：北京1注,辽宁1注。","01,03,06,10,11,29",16,1138385085,4,10000000,133,234150,1393,3000,68847,200,1342097,10
2018134,2018-11-15(四),"北京1注,辽宁1注,江苏1注,安徽1注,福建1注,江西1注,山东1注,河南1注,湖南1注,四川1注,贵州1注,共11注。其中复式或胆拖投注为：辽宁1注,江苏1注,福建1注,江西1注,山东1注,湖南1注,四川1注。","03,16,18,31,32,33",12,1084959009,11,6833164,297,84868,1410,3000,70141,200,1222276,10
2018133,2018-11-13(二),"广东1注,甘肃2注,共3注。其中复式或胆拖投注为：甘肃2注。","02,04,11,12,18,32",13,1084505788,3,10000000,65,361738,1212,3000,60469,200,1215357,10
2018132,2018-11-11(日),"辽宁1注,黑龙江1注,浙江1注,河南1注,广东5注,贵州1注,云南2注,共12注。其中复式或胆拖投注为：黑龙江1注,浙江1注,贵州1注,云南2注。","01,02,09,10,15,22",06,1043966776,12,6627168,104,234687,1721,3000,85491,200,1526686,10
2018131,2018-11-08(四),"河北1注,浙江1注,共2注。其中复式或胆拖投注为：河北1注。","21,22,24,31,32,33",01,1050270214,2,10000000,125,244689,1272,3000,52109,200,958807,10
2018130,2018-11-06(二),"北京1注,山西1注,黑龙江1注,上海1注,江苏1注,浙江2注,山东2注,湖南2注,广东1注,海南1注,四川3注,陕西1注,共17注。其中复式或胆拖投注为：北京1注,黑龙江1注,上海1注,山东2注,湖南2注,广东1注,海南1注,四川3注,陕西1注。","05,12,17,18,24,28",12,978511798,17,6072806,841,27107,2183,3000,130115,200,2160256,10
2018129,2018-11-04(日),"北京1注,辽宁1注,山东2注,河南1注,湖南1注,四川1注,共7注。其中复式或胆拖投注为：山东2注,湖南1注,四川1注。","02,04,06,16,18,19",16,1013358099,7,8728266,117,278823,1286,3000,66131,200,1295410,10
2018128,2018-11-01(四),"内蒙古1注,辽宁2注,江苏1注,安徽1注,福建2注,山东1注,河南1注,广东1注,甘肃1注,共11注。其中复式或胆拖投注为：内蒙古1注,江苏1注,福建2注,山东1注,河南1注,甘肃1注。","06,07,08,19,22,23",02,976588973,11,7226364,300,102041,1459,3000,74487,200,1399319,10
2018127,2018-10-30(二),"内蒙古1注,上海3注,浙江1注,安徽1注,福建2注,山东1注,湖南1注,广东1注,陕西1注,新疆1注,共13注。其中复式或胆拖投注为：内蒙古1注,上海3注,安徽1注,湖南1注,广东1注,陕西1注,新疆1注。","02,05,06,07,11,15",12,964241444,13,6414968,202,113827,1795,3000,94486,200,1754214,10
2018126,2018-10-28(日),"安徽1注,湖南3注,贵州1注,云南2注,青海1注,共8注。其中复式或胆拖投注为：湖南3注,贵州1注,云南1注。","01,06,08,09,14,22",05,978656335,8,7588766,138,187591,1751,3000,81403,200,1503681,10
2018125,2018-10-25(四),"河北1注,内蒙古1注,辽宁1注,共3注。其中复式或胆拖投注为：河北1注,辽宁1注。","03,10,11,14,15,32",02,961703467,3,10000000,54,598926,761,3000,48149,200,1061628,10
2018124,2018-10-23(二),"山东1注,湖南1注,广东1注,青海1注,共4注。其中复式或胆拖投注为：山东1注,湖南1注,广东1注。","09,13,14,19,22,25",02,894677451,4,9291791,127,168968,1887,3000,89987,200,1604786,10
2018123,2018-10-21(日),"河南1注,湖北1注,广东1注,贵州1注,云南1注,甘肃1注,共6注。其中复式或胆拖投注为：河南1注,贵州1注。","13,21,24,27,31,32",01,867467741,6,9217817,115,275075,1064,3000,62598,200,1329855,10
2018122,2018-10-18(四),"河北1注,山西1注,辽宁1注,黑龙江1注,江苏2注,浙江4注,安徽1注,福建2注,江西1注,山东1注,河南1注,湖南1注,广东1注,四川3注,贵州2注,云南4注,甘肃1注,青海1注,新疆2注,共31注。","05,07,20,22,30,32",10,827873755,31,5238879,230,40245,3741,3000,148275,200,2064488,10
2018121,2018-10-16(二),"辽宁1注,浙江2注,江西1注,湖北1注,广东3注,广西1注,四川2注,共11注。","06,08,14,19,23,25",11,962509317,11,6468429,142,142189,1555,3000,71114,200,1261369,10
2018120,2018-10-14(日),"天津1注,河北2注,辽宁1注,湖北1注,共5注。","03,04,18,26,27,33",01,973089335,5,9561820,185,154115,1001,3000,57417,200,1137419,10
2018119,2018-10-11(四),"河北2注,山西1注,黑龙江1注,湖南2注,广东1注,广西2注,深圳1注,共10注。","03,13,14,16,25,27",12,935364310,10,6043410,117,111475,1654,3000,80466,200,1429681,10
2018118,2018-10-09(二),"浙江1注,重庆1注,湖北2注,广东1注,贵州1注,深圳1注,共7注。","08,12,21,22,27,31",09,956670540,7,6907203,140,119200,1685,3000,79887,200,1378041,10
2018117,2018-10-07(日),"北京1注,江苏1注,山东1注,广东1注,四川2注,共6注。","08,11,15,17,23,25",05,954956874,6,7824932,189,112100,1376,3000,73078,200,1373208,10
2018116,2018-10-04(四),"内蒙古5注,黑龙江1注,浙江4注,重庆2注,湖南30注,广西1注,陕西1注,共44注。","05,14,17,22,23,28",15,938345496,44,5308473,320,53018,1854,3000,87979,200,1424572,10
2018115,2018-10-02(二),"广东1注,共1注。","01,13,19,24,26,29",11,1121020227,1,10000000,52,243906,971,3000,53641,200,1005871,10
2018114,2018-09-30(日),"天津1注,浙江1注,福建1注,四川1注,贵州1注,宁夏1注,共6注。","01,07,15,16,20,27",14,1092970758,6,7981155,203,110141,1504,3000,79198,200,1429733,10
2018113,2018-09-27(四),"北京1注,河北2注,江西5注,广东1注,云南1注,深圳1注,共11注。","01,06,09,16,25,26",09,1073781687,11,5895165,208,59175,2114,3000,95883,200,1532946,10
2018112,2018-09-25(二),"河北1注,辽宁1注,江苏1注,山东1注,湖南2注,四川1注,陕西1注,新疆3注,共11注。","05,08,18,25,26,31",04,1101702921,11,6090396,154,97356,2009,3000,87298,200,1423231,10
2018111,2018-09-23(日),"北京1注,辽宁1注,上海1注,浙江1注,江西1注,山东1注,河南1注,湖南1注,四川2注,陕西1注,共11注。","01,07,14,24,25,28",08,1123718442,11,5565493,143,54374,2530,3000,110688,200,1645121,10
2018110,2018-09-20(四),"吉林1注,重庆1注,共2注。","11,13,16,21,22,23",02,1161612266,2,10000000,66,389022,694,3000,38405,200,809177,10
2018109,2018-09-18(二),"黑龙江1注,江苏1注,山东1注,四川1注,共4注。","10,11,18,23,31,33",15,1104585752,4,8282094,69,237832,1414,3000,69239,200,1227173,10
2018108,2018-09-16(日),"北京1注,河北2注,上海5注,浙江1注,福建1注,山东1注,湖北6注,广西1注,四川1注,贵州1注,陕西1注,甘肃1注,共22注。","05,13,18,21,26,30",02,1088482714,22,5859675,179,132073,1258,3000,57356,200,1045938,10
2018107,2018-09-13(四),"辽宁1注,浙江1注,江西1注,山东1注,广西2注,共6注。","01,02,05,12,20,22",01,1146472338,6,8438555,139,185533,1012,3000,53644,200,1025906,10
2018106,2018-09-11(二),"北京1注,辽宁2注,山东1注,共4注。","04,18,19,24,25,26",10,1119736168,4,8430179,125,137207,1288,3000,65367,200,1179696,10
2018105,2018-09-09(日),"北京1注,上海1注,江苏3注,安徽2注,河南10注,共17注。","04,05,13,18,19,25",01,1102004192,17,6257964,150,178211,1156,3000,64608,200,1355298,10
2018104,2018-09-06(四),"北京1注,辽宁1注,上海1注,山东1注,广东1注,共5注。","02,03,06,19,25,29",01,1128194345,5,8635318,158,143802,1041,3000,56456,200,1088566,10
2018103,2018-09-04(二),"吉林1注,福建1注,江西1注,山东2注,四川1注,新疆1注,共7注。","02,09,15,22,23,24",16,1103208722,7,7746753,111,216523,1201,3000,51588,200,1057007,10
2018102,2018-09-02(日),"浙江1注,福建1注,山东1注,四川1注,共4注。","02,06,11,19,21,28",05,1085333716,4,8922949,163,120335,1906,3000,88291,200,1349901,10
2018101,2018-08-30(四),"河北1注,浙江2注,广东2注,共5注。","01,03,14,26,29,33",09,1062181270,5,7864370,70,255747,1045,3000,55885,200,1041620,10
2018100,2018-08-28(二),"河北1注,山东1注,河南1注,共3注。","02,11,14,15,29,33",02,1047796176,3,10000000,91,234630,1029,3000,50558,200,969856,10
2018099,2018-08-26(日),"河北1注,山西2注,黑龙江1注,浙江1注,安徽1注,湖北1注,广东1注,四川2注,云南1注,新疆1注,共12注。","03,07,08,14,25,32",06,1013742168,12,6102840,242,68357,2133,3000,93560,200,1515096,10
2018098,2018-08-23(四),"山西2注,辽宁1注,江苏1注,安徽2注,福建1注,山东1注,重庆1注,共9注。","06,10,11,20,29,32",13,1037348433,9,7336982,125,210328,795,3000,48471,200,1015318,10
2018097,2018-08-21(二),"广东1注,共1注。","01,02,17,20,25,28",13,1024508131,1,10000000,38,607210,761,3000,41000,200,850284,10
2018096,2018-08-19(日),"上海1注,江苏1注,浙江1注,河南1注,广东3注,四川7注,贵州5注,云南1注,甘肃1注,青海1注,新疆1注,共23注。","01,05,09,20,28,32",12,965286126,23,5556088,150,106583,2148,3000,94866,200,1573665,10
2018095,2018-08-16(四),"辽宁2注,福建1注,广东1注,共4注。","10,11,12,21,26,33",09,1045113520,4,8780501,87,217270,1189,3000,62527,200,1138281,10
2018094,2018-08-14(二),共0注。,"04,07,16,20,24,30",05,1023528004,0,0,148,137747,1301,3000,62638,200,1144407,10
2018093,2018-08-12(日),"上海1注,浙江1注,贵州1注,共3注。","04,18,20,21,29,33",07,962368068,3,10000000,78,304804,747,3000,47738,200,1003656,10
2018092,2018-08-09(四),"天津1注,共1注。","06,10,16,19,24,33",16,921043817,1,10000000,95,269198,882,3000,45660,200,920834,10
2018091,2018-08-07(二),"北京1注,江苏1注,浙江2注,共4注。","06,11,13,17,25,32",07,854322188,4,8999907,81,246907,1107,3000,62581,200,1173384,10
2018090,2018-08-05(日),"北京3注,辽宁3注,安徽1注,福建1注,江西1注,山东1注,湖南1注,云南1注,共12注。","01,02,04,10,14,23",07,830323212,12,5776285,85,136991,1895,3000,88102,200,1484920,10
2018089,2018-08-02(四),"山西1注,江苏1注,浙江1注,重庆1注,陕西1注,共5注。","06,09,12,14,18,27",14,864705795,5,9128194,172,150007,875,3000,58019,200,1261577,10
2018088,2018-07-31(二),"山西1注,浙江1注,湖北1注,湖南1注,广东4注,共8注。","03,05,12,29,30,32",14,832943120,8,7319478,69,336156,880,3000,49122,200,1032477,10
2018087,2018-07-29(日),"重庆2注,甘肃1注,共3注。","01,05,10,16,18,31",03,821914596,3,10000000,74,382259,869,3000,48325,200,1031573,10
2018086,2018-07-26(四),"江苏1注,浙江2注,安徽1注,湖北1注,广东2注,陕西1注,深圳10注,共18注。","02,07,17,21,23,26",16,767052918,18,5839185,109,173226,1524,3000,70680,200,1280294,10
2018085,2018-07-24(二),"天津1注,浙江1注,重庆1注,广西3注,云南2注,共8注。","04,10,25,26,30,33",06,815513264,8,6541028,88,175116,1323,3000,64697,200,1193589,10
2018084,2018-07-22(日),"北京1注,内蒙古1注,黑龙江1注,上海1注,福建1注,江西1注,山东2注,河南1注,湖北1注,广东1注,云南1注,甘肃1注,共13注。","05,06,08,12,22,24",03,821610647,13,6216121,249,79365,3816,3000,123756,200,1810095,10
2018083,2018-07-19(四),"江苏2注,广东8注,云南1注,共11注。","04,09,18,21,32,33",03,843134325,11,6964663,126,214397,650,3000,44444,200,981003,10
2018082,2018-07-17(二),"河北3注,浙江1注,河南3注,四川1注,共8注。","06,12,14,20,22,24",09,838703256,8,6895145,140,135367,1364,3000,61802,200,1088841,10
2018081,2018-07-15(日),"山西1注,吉林1注,上海2注,陕西1注,共5注。","01,02,12,16,20,26",03,837010055,5,9113851,154,166958,1488,3000,66828,200,1261360,10
2018080,2018-07-12(四),"河北2注,浙江1注,重庆1注,湖南1注,广西1注,共6注。","04,07,13,20,29,33",03,805444602,6,8230212,128,189270,1015,3000,56290,200,1090402,10
2018079,2018-07-10(二),"浙江1注,福建1注,共2注。","14,15,17,22,24,29",13,782146094,2,10000000,77,347163,733,3000,44442,200,936505,10
2018078,2018-07-08(日),"内蒙古1注,吉林1注,江苏1注,浙江2注,山东1注,共6注。","03,10,14,17,18,30",12,721951374,6,7550329,204,93762,1704,3000,85462,200,1536502,10
2018077,2018-07-05(四),"河北2注,辽宁1注,浙江1注,重庆1注,广西1注,四川1注,共7注。","02,05,09,15,20,24",10,709870938,7,7421960,109,194423,1536,3000,71795,200,1264980,10
2018076,2018-07-03(二),"河北3注,辽宁4注,吉林1注,黑龙江2注,山东1注,河南1注,湖北2注,湖南2注,广东1注,海南1注,四川1注,贵州1注,云南1注,深圳1注,共22注。","03,07,08,15,29,30",13,698248210,22,5565528,363,42843,3328,3000,126338,200,1916957,10
2018075,2018-07-01(日),"上海5注,江苏1注,山东1注,重庆1注,广东4注,广西1注,四川1注,陕西3注,共17注。","07,09,12,13,22,24",11,774033783,17,5972248,120,172168,1906,3000,83702,200,1497736,10
2018074,2018-06-28(四),"辽宁1注,黑龙江1注,江苏1注,浙江1注,安徽1注,山东2注,云南1注,陕西1注,共9注。","09,11,14,20,27,30",09,813581190,9,6057912,120,99179,2196,3000,88763,200,1439570,10
2018073,2018-06-26(二),"河北2注,内蒙古2注,江西3注,山东1注,共8注。","02,09,14,15,16,23",10,832397856,8,7236302,104,215029,1414,3000,66180,200,1191543,10
2018072,2018-06-24(日),"河北1注,内蒙古1注,黑龙江1注,浙江1注,安徽1注,山东1注,湖北2注,广东1注,广西5注,贵州1注,云南1注,陕西1注,新疆2注,共19注。","11,16,19,22,25,30",08,823199206,19,5128649,101,30251,2422,3000,108318,200,1714720,10
2018071,2018-06-21(四),"黑龙江4注,江苏1注,浙江2注,安徽1注,重庆1注,共9注。","02,05,06,13,16,19",03,911477268,9,6963036,110,200765,1326,3000,68901,200,1255608,10
2018070,2018-06-19(二),"内蒙古1注,上海1注,安徽1注,江西2注,广西2注,宁夏6注,共13注。","04,09,15,16,19,27",10,907892115,13,6439454,138,169500,1671,3000,76700,200,1336647,10
2018069,2018-06-17(日),"浙江2注,重庆1注,广东1注,广西1注,共5注。","06,13,17,19,23,31",12,921431615,5,8350663,126,166203,2076,3000,88941,200,1509508,10
2018068,2018-06-14(四),"北京1注,湖南1注,广东1注,共3注。","08,10,17,20,27,30",01,900360000,3,10000000,225,106134,1301,3000,74098,200,1406781,10
2018067,2018-06-12(二),"北京1注,安徽1注,山东2注,海南1注,贵州1注,云南1注,新疆1注,共8注。","01,04,09,12,15,18",05,858719248,8,7355099,122,193040,940,3000,54874,200,1102829,10
2018066,2018-06-10(日),"浙江1注,江西5注,广东3注,四川1注,共10注。","09,16,17,19,22,26",10,846907070,10,6805079,195,115710,1596,3000,86417,200,1394666,10
2018065,2018-06-07(四),"北京1注,内蒙古1注,安徽1注,广东1注,四川2注,共6注。","01,04,06,14,28,33",01,847267386,6,8384489,123,206371,1178,3000,57833,200,1191247,10
2018064,2018-06-05(二),"北京1注,河北1注,辽宁1注,浙江1注,山东1注,湖北1注,广东1注,广西2注,四川1注,甘肃1注,深圳1注,共12注。","02,05,10,11,17,21",05,821423304,12,6202837,149,121091,1887,3000,83875,200,1365258,10
2018063,2018-06-03(日),"河北1注,辽宁1注,上海1注,浙江5注,福建5注,山东2注,河南2注,湖北3注,湖南1注,广东1注,广西1注,四川1注,宁夏2注,深圳1注,共27注。","05,06,10,16,20,25",12,841729671,27,5291294,315,31210,4323,3000,164357,200,2253080,10
2018062,2018-05-31(四),"山东1注,重庆1注,广西1注,四川2注,甘肃1注,共6注。","02,18,19,24,25,33",11,955101072,6,8244701,109,223259,915,3000,55290,200,1132775,10
2018061,2018-05-29(二),"河北1注,山西1注,上海1注,江苏2注,浙江1注,重庆1注,湖北2注,广东4注,四川1注,贵州1注,共15注。","09,10,11,12,18,23",07,931563495,15,5915270,213,80569,2086,3000,109024,200,1821534,10
2018060,2018-05-27(日),"辽宁1注,江苏1注,福建1注,湖北1注,广东1注,共5注。","04,08,13,25,30,31",10,968808575,5,8071749,111,172958,1705,3000,78189,200,1363584,10
2018059,2018-05-24(四),"山西1注,江苏1注,贵州1注,云南1注,甘肃1注,共5注。","04,06,08,13,22,32",11,951572015,5,7926005,69,265036,1340,3000,71899,200,1341802,10
2018058,2018-05-22(二),"辽宁5注,陕西5注,深圳1注,共11注。","07,12,13,16,26,31",07,936339437,11,6534486,120,175826,1255,3000,68289,200,1169845,10
2018057,2018-05-20(日),"河北1注,吉林1注,福建1注,山东1注,重庆1注,广东1注,海南1注,四川1注,宁夏1注,共9注。","05,15,17,19,20,30",13,944921232,9,7219690,193,129386,1586,3000,82648,200,1554204,10
2018056,2018-05-17(四),"上海2注,山东3注,广东1注,四川1注,共7注。","01,03,06,20,21,26",01,934983896,7,7536477,187,118685,1366,3000,73097,200,1289567,10
2018055,2018-05-15(二),"河北1注,江苏2注,浙江1注,山东3注,广西1注,新疆1注,深圳30注,共39注。","07,09,10,12,22,26",07,921156717,39,5382270,131,142257,1949,3000,83242,200,1443369,10
2018054,2018-05-13(日),"河北1注,江苏1注,湖北1注,新疆1注,共4注。","04,06,18,22,25,33",16,1075158284,4,10000000,86,305357,970,3000,55282,200,1101728,10
2018053,2018-05-10(四),"辽宁1注,黑龙江2注,浙江1注,河南1注,广东1注,四川1注,贵州1注,共8注。","01,04,10,11,14,27",06,1036375992,8,7086603,104,200634,1253,3000,68313,200,1245525,10
2018052,2018-05-08(二),"河北1注,山西1注,辽宁1注,山东1注,共4注。","03,05,06,09,15,32",14,1030470724,4,9373437,104,210261,1307,3000,75100,200,1449941,10
2018051,2018-05-06(日),"江苏1注,山东1注,广东1注,甘肃1注,宁夏1注,共5注。","05,07,20,23,27,31",04,1002362910,5,9213527,146,180373,1160,3000,66201,200,1340034,10
2018050,2018-05-03(四),"吉林1注,黑龙江1注,浙江2注,重庆1注,云南1注,新疆1注,共7注。","01,02,04,10,18,19",07,969426906,7,7360984,146,141497,1637,3000,79189,200,1377247,10
2018049,2018-05-01(二),"浙江6注,山东1注,共7注。","01,03,04,11,19,23",02,958977957,7,7858532,88,284229,826,3000,49737,200,1039723,10
2018048,2018-04-29(日),"天津1注,浙江1注,广西1注,四川1注,共4注。","01,12,20,25,30,31",02,938951220,4,9801124,76,315863,1175,3000,54460,200,1036941,10
2018047,2018-04-26(四),"上海2注,浙江1注,福建1注,江西1注,山东2注,湖北1注,湖南1注,共9注。","06,07,12,16,22,25",07,906138855,9,6936514,102,213586,1430,3000,74410,200,1361230,10
2018046,2018-04-24(二),"辽宁1注,安徽1注,共2注。","10,13,14,18,20,31",03,903210136,2,10000000,100,256483,997,3000,56067,200,1140599,10
2018045,2018-04-22(日),"山东1注,广西1注,甘肃1注,共3注。","03,04,06,25,26,30",01,846265053,3,6904812,82,87110,2641,3000,128837,200,2063191,10
2018044,2018-04-19(四),"北京1注,天津1注,内蒙古1注,黑龙江1注,江苏1注,浙江1注,江西1注,山东4注,湖北1注,湖南2注,广东2注,广西3注,四川1注,甘肃1注,新疆1注,共22注。","05,09,12,17,27,30",06,845550354,22,5550276,643,23534,3367,3000,140832,200,2082241,10
2018043,2018-04-17(二),"河北1注,内蒙古2注,浙江1注,湖北1注,广东1注,共6注。","01,04,06,08,21,24",07,922258638,6,7386066,93,192424,1309,3000,60322,200,1178695,10
2018042,2018-04-15(日),"黑龙江1注,山东3注,重庆1注,河南1注,湖北5注,广东1注,广西2注,共14注。","06,10,21,28,29,31",12,912888550,14,6113405,163,119537,2160,3000,100821,200,1688982,10
2018041,2018-04-12(四),"河北1注,江苏1注,浙江1注,四川1注,共4注。","07,08,20,23,24,32",13,940022436,4,9960334,64,387526,792,3000,49117,200,1003581,10
2018040,2018-04-10(二),"河北1注,山西1注,辽宁1注,上海1注,江苏1注,河南1注,广东2注,云南1注,西藏1注,深圳1注,共11注。","01,03,08,13,18,23",16,905458752,11,6625737,283,78989,1676,3000,79774,200,1296903,10
2018039,2018-04-08(日),"江西1注,山东2注,河南1注,湖南1注,广东1注,共6注。","08,12,18,19,23,32",03,911280204,6,8202095,168,142950,1616,3000,85718,200,1526784,10
2018038,2018-04-05(四),"江苏1注,浙江1注,广西1注,新疆1注,深圳1注,共5注。","15,23,24,25,28,29",09,888445635,5,7607731,75,217310,1074,3000,62936,200,1183137,10
2018037,2018-04-03(二),"河北2注,辽宁2注,吉林2注,山东2注,云南1注,陕西3注,共12注。","01,06,07,08,27,30",10,877589328,12,6218823,137,133447,1564,3000,80258,200,1399994,10
2018036,2018-04-01(日),"江苏1注,陕西1注,深圳2注,共4注。","08,17,24,26,28,33",04,897368156,4,10000000,117,231790,1164,3000,65905,200,1331597,10
2018035,2018-03-29(四),"浙江1注,湖南1注,广东1注,广西1注,四川1注,深圳1注,共6注。","07,10,11,17,23,28",15,856009608,6,8809507,289,98862,960,3000,61476,200,1266529,10
2018034,2018-03-27(二),"辽宁1注,吉林1注,安徽2注,山东1注,河南2注,广东1注,共8注。","01,05,11,22,23,26",15,823152736,8,7560160,122,209849,972,3000,63265,200,1241750,10
2018033,2018-03-25(日),"上海1注,安徽1注,江西1注,共3注。","04,19,20,22,28,33",06,806829198,3,10000000,88,289516,1047,3000,61280,200,1205558,10
2018032,2018-03-22(四),"天津1注,福建1注,广西1注,共3注。","21,22,23,24,25,32",06,760396749,3,10000000,127,179511,1392,3000,56340,200,1013760,10
2018031,2018-03-20(二),"内蒙古1注,江苏1注,福建1注,共3注。","02,16,18,19,27,30",14,722002755,3,10000000,116,224837,1092,3000,59834,200,1201239,10
2018030,2018-03-18(日),"江苏1注,共1注。","13,14,20,21,25,33",07,673759355,1,10000000,98,260810,1097,3000,60282,200,1184057,10
2018029,2018-03-15(四),"山西1注,辽宁2注,浙江1注,河南1注,共5注。","01,02,09,14,22,25",05,607081200,5,8926329,85,288700,941,3000,50833,200,1050933,10
2018028,2018-03-13(二),"天津1注,内蒙古1注,上海1注,浙江1注,山东1注,河南1注,广东1注,共7注。","03,08,11,14,18,23",16,578094167,7,7676997,220,106471,1869,3000,82708,200,1493643,10
2018027,2018-03-11(日),"江苏1注,福建1注,山东2注,湖北2注,共6注。","02,07,09,14,18,28",05,561561972,6,8250400,144,169291,1652,3000,87914,200,1565274,10
2018026,2018-03-08(四),"江苏1注,江西1注,山东1注,湖南1注,广西2注,共6注。","04,07,12,14,26,32",04,537930372,6,8313468,75,331346,1092,3000,59713,200,1094967,10
2018025,2018-03-06(二),"广西1注,共1注。","04,13,16,19,21,25",14,513258146,1,10000000,83,350024,700,3000,40970,200,881488,10
2018024,2018-03-04(日),"黑龙江1注,江西1注,河南1注,湖南1注,广东4注,云南1注,共9注。","11,19,22,26,31,32",02,436102047,9,7481039,81,344588,924,3000,55421,200,1127359,10
2018023,2018-03-01(四),"北京1注,天津1注,江苏1注,共3注。","12,15,16,21,26,29",16,419696331,3,10000000,159,164899,906,3000,56937,200,1150655,10
2018022,2018-02-27(二),"辽宁1注,黑龙江1注,山东1注,湖南1注,云南1注,陕西1注,共6注。","07,14,19,21,22,23",03,371039376,6,8201615,111,216325,988,3000,56391,200,1137669,10
2018021,2018-02-25(日),"辽宁1注,江苏1注,陕西1注,共3注。","03,04,06,11,23,28",14,348212718,3,10000000,216,116432,1175,3000,67620,200,1321924,10
2018020,2018-02-22(四),"北京20注,河北1注,山西1注,福建2注,江西1注,山东2注,四川2注,陕西1注,宁夏2注,新疆1注,共33注。","06,09,10,14,28,30",05,302764704,33,5489962,212,95334,1594,3000,77343,200,1394295,10
2018019,2018-02-13(二),"北京2注,河北1注,黑龙江1注,江苏1注,浙江1注,山东1注,广西1注,共8注。","03,11,12,16,21,23",09,423300648,8,6663708,80,207963,1677,3000,75265,200,1303129,10
2018018,2018-02-11(日),"辽宁1注,黑龙江1注,江苏1注,浙江1注,江西2注,湖北2注,湖南2注,广东1注,四川1注,共12注。","02,12,13,18,25,27",07,426699072,12,6383135,214,96948,2261,3000,100526,200,1635361,10
2018017,2018-02-08(四),"内蒙古1注,浙江1注,福建1注,广东1注,广西1注,共5注。","03,06,11,26,30,32",12,441055600,5,8695830,68,339690,1084,3000,55799,200,1111406,10
2018016,2018-02-06(二),"北京2注,山东2注,共4注。","01,11,12,18,25,27",16,415237924,4,9593701,98,234372,1261,3000,61624,200,1175404,10
2018015,2018-02-04(日),"内蒙古1注,浙江1注,安徽1注,重庆1注,广西2注,共6注。","11,15,20,21,26,33",15,384707208,6,7652271,172,115651,2163,3000,93501,200,1553583,10
2018014,2018-02-01(四),"江苏4注,山东1注,湖北1注,广东1注,深圳10注,共17注。","09,12,20,24,28,31",07,370944726,17,5970693,103,200264,1365,3000,71239,200,1330607,10
2018013,2018-01-30(二),"江苏1注,江西2注,河南2注,广东3注,贵州1注,共9注。","06,08,13,15,22,33",06,410564826,9,7002470,99,227553,1177,3000,59570,200,1127998,10
2018012,2018-01-28(日),"山西1注,上海1注,江苏2注,湖北1注,广西1注,西藏1注,深圳1注,共8注。","11,12,13,19,26,28",12,406003688,8,7195022,129,170156,1934,3000,88183,200,1544615,10
2018011,2018-01-25(四),"山西1注,上海1注,安徽1注,河南2注,湖南1注,广西2注,共8注。","03,10,21,23,27,33",11,397713208,8,7356371,138,170751,1226,3000,70033,200,1300934,10
2018010,2018-01-23(二),"北京1注,辽宁1注,重庆1注,广东1注,云南2注,共6注。","01,08,17,20,21,22",03,385873044,6,8085375,71,325919,1077,3000,66389,200,1275468,10
2018009,2018-01-21(日),"北京5注,山西1注,江苏2注,河南2注,湖北2注,广东2注,四川2注,云南1注,共17注。","05,10,17,23,26,32",07,364964347,17,5477449,221,45908,2633,3000,113710,200,1793617,10
2018008,2018-01-18(四),"北京6注,辽宁1注,吉林1注,湖北2注,广东1注,共11注。","05,09,10,12,17,19",13,427643568,11,6571365,144,150043,1428,3000,77385,200,1497762,10
2018007,2018-01-16(二),"河北2注,浙江2注,山东1注,湖北1注,广东1注,广西1注,共8注。","13,14,20,25,27,31",12,435109760,8,7274011,132,172273,1559,3000,74171,200,1325995,10
2018006,2018-01-14(日),"北京3注,辽宁1注,吉林1注,上海1注,山东4注,广东1注,共11注。","02,07,08,09,17,29",11,425081503,11,6856113,172,148381,2073,3000,96099,200,1708775,10
2018005,2018-01-11(四),"北京1注,共1注。","02,20,21,28,31,33",06,423934061,1,10000000,68,371062,782,3000,49202,200,1009539,10
2018004,2018-01-09(二),"吉林1注,浙江8注,湖北1注,广东1注,甘肃1注,深圳1注,共13注。","14,18,19,26,30,31",11,358237373,13,6082556,55,319846,1316,3000,66438,200,1258260,10
2018003,2018-01-07(日),"河北1注,山西1注,安徽1注,山东1注,湖北1注,共5注。","01,14,16,17,20,31",04,384536000,5,10000000,167,191008,814,3000,46597,200,995581,10
2018002,2018-01-04(四),"河北1注,黑龙江1注,四川1注,共3注。","07,18,24,29,31,33",16,338840952,3,10000000,94,319928,789,3000,49232,200,1054173,10
2018001,2018-01-02(二),"黑龙江1注,江苏1注,浙江10注,福建1注,山东1注,湖北2注,湖南1注,广西1注,四川1注,甘肃1注,宁夏1注,深圳1注,共22注。","01,08,11,26,28,31",04,278621134,22,5825255,191,118819,2029,3000,86396,200,1598202,10
2017154,2017-12-31(日),"河北1注,浙江1注,安徽1注,江西1注,山东1注,湖北1注,广东2注,广西1注,四川1注,甘肃1注,共11注。","05,09,13,15,18,26",05,338693168,11,7280114,141,222351,1358,3000,75207,200,1412329,10
2017153,2017-12-28(四),"北京1注,山西1注,浙江1注,湖北1注,共4注。","07,11,12,13,18,19",16,324719716,4,10000000,165,190901,989,3000,61094,200,1333557,10
2017152,2017-12-26(二),"吉林1注,浙江1注,福建1注,山东1注,重庆2注,四川1注,陕西1注,共8注。","06,10,23,25,26,29",05,270223240,8,7027612,129,157179,1848,3000,85998,200,1538040,10
2017151,2017-12-24(日),"辽宁1注,江苏3注,安徽1注,福建1注,共6注。","02,05,07,09,11,27",16,265615770,6,8891264,171,170669,1414,3000,78120,200,1525695,10
2017150,2017-12-21(四),"安徽1注,重庆1注,湖北1注,广东1注,四川1注,云南2注,新疆1注,深圳1注,共9注。","06,14,19,20,21,23",08,231409917,9,6900101,82,260684,1721,3000,79117,200,1478684,10
2017149,2017-12-19(二),"河北3注,内蒙古2注,辽宁4注,吉林1注,黑龙江3注,上海7注,江苏6注,浙江3注,安徽2注,福建2注,江西1注,山东6注,重庆3注,河南4注,湖北1注,湖南3注,广东2注,广西3注,四川4注,贵州1注,陕西1注,甘肃1注,新疆1注,深圳3注,共67注。其中复式投注为：河北2注,内蒙古1注,辽宁4注,吉林1注,黑龙江3注,上海5注,江苏2注,浙江2注,安徽2注,福建2注,江西1注,山东4注,重庆3注,河南3注,湖北1注,湖南2注,广东1注,广西1注,四川3注,贵州1注,甘肃1注,新疆1注,深圳1注。","05,08,15,20,27,30",13,229382406,67,5031231,1126,6000,8715,3000,293452,200,3505333,10
2017148,2017-12-17(日),"北京1注,河北1注,内蒙古2注,辽宁1注,江苏2注,浙江4注,山东2注,四川2注,贵州1注,云南2注,共18注。其中复式投注为：北京1注,河北1注,浙江2注,山东2注,四川2注,云南2注。","04,07,11,14,29,32",12,558628074,18,6272562,274,104498,2210,3000,102446,200,1843078,10
2017147,2017-12-14(四),"山西1注,上海1注,安徽1注,共3注。其中复式投注为：山西1注。","03,07,20,21,25,31",14,585636222,3,10000000,131,255096,1080,3000,61204,200,1261151,10
2017146,2017-12-12(二),"北京1注,河北5注,吉林1注,江苏1注,山东1注,重庆1注,湖北1注,湖南6注,广东1注,四川2注,贵州1注,共21注。其中复式投注为：吉林1注,山东1注,重庆1注,湖北1注,湖南6注,广东1注,四川1注,贵州1注。","01,19,25,26,27,33",10,515383281,21,5802209,252,83563,2353,3000,108606,200,1794897,10
2017145,2017-12-10(日),"河北1注,山西1注,内蒙古1注,辽宁1注,吉林1注,黑龙江1注,上海1注,江苏1注,浙江6注,安徽1注,山东2注,重庆2注,湖北1注,湖南3注,四川2注,云南2注,陕西2注,甘肃1注,深圳1注,共31注。其中复式投注为：河北1注,内蒙古1注,辽宁1注,吉林1注,黑龙江1注,江苏1注,浙江3注,安徽1注,重庆2注,湖北1注,湖南2注,四川2注,云南1注,陕西1注,甘肃1注,深圳1注。","02,06,12,17,25,28",12,574055706,31,5380151,458,32163,5310,3000,186898,200,2600830,10
2017144,2017-12-07(四),"北京1注,天津2注,浙江1注,江西1注,四川1注,云南2注,共8注。其中复式投注为：北京1注,天津2注,四川1注。","03,14,16,20,31,32",09,696647832,8,6316343,54,243767,1869,3000,87158,200,1583161,10
2017143,2017-12-05(二),"河北1注,辽宁1注,上海6注,山东1注,广东1注,青海1注,新疆2注,共13注。其中复式投注为：上海5注,广东1注,青海1注,新疆2注。","04,06,09,14,20,29",14,707688280,13,6687672,164,167223,1606,3000,78943,200,1488152,10
2017142,2017-12-03(日),"山西1注,福建1注,江西1注,重庆1注,河南1注,新疆1注,共6注。其中复式投注为：江西1注,重庆1注,新疆1注。","08,13,14,18,23,33",06,712354014,6,7643652,149,133069,2355,3000,103919,200,1763662,10
2017141,2017-11-30(四),"江苏1注,山东1注,广东1注,陕西1注,共4注。其中复式投注为：江苏1注。","01,06,07,11,13,15",05,698733752,4,7854635,78,182989,1650,3000,86982,200,1553018,10
2017140,2017-11-28(二),"北京10注,内蒙古1注,江苏1注,浙江1注,安徽1注,山东1注,云南1注,共16注。其中复式投注为：江苏1注,浙江1注,山东1注,云南1注。","21,22,25,28,29,30",08,687332768,16,6035870,83,249607,1431,3000,71547,200,1451958,10
2017139,2017-11-26(日),"山西1注,河南2注,广东1注,四川1注,陕西1注,共6注。其中复式投注为：陕西1注。","02,14,20,24,28,32",16,721754472,6,9828398,92,393619,813,3000,46477,200,992607,10
2017138,2017-11-23(四),"江苏1注,浙江1注,重庆1注,广东1注,四川2注,共6注。其中复式投注为：重庆1注,广东1注,四川2注。","01,17,24,28,32,33",02,672085896,6,9039634,79,383509,915,3000,46678,200,991147,10
2017137,2017-11-21(二),"天津1注,内蒙古1注,安徽2注,广西1注,四川1注,云南1注,共7注。其中复式投注为：安徽1注,广西1注,云南1注。","05,10,20,23,26,31",03,635431923,7,7917073,146,174824,1569,3000,75681,200,1356509,10
2017136,2017-11-19(日),"河北2注,江苏3注,浙江2注,安徽4注,广西1注,四川1注,陕西1注,深圳5注,共19注。其中复式投注为：浙江1注,广西1注,四川1注。","03,07,10,18,21,24",12,614278265,19,5952821,216,104766,2130,3000,101551,200,1711907,10
2017135,2017-11-16(四),"山西1注,山东3注,广东1注,广西1注,贵州1注,云南1注,共8注。其中复式投注为：山西1注,山东3注,广西1注,云南1注。","01,06,07,14,18,26",16,659493336,8,7923669,147,198889,1058,3000,59885,200,1210785,10
2017134,2017-11-14(二),"北京1注,山西1注,内蒙古1注,吉林2注,江苏1注,浙江1注,山东1注,重庆1注,四川3注,陕西1注,共13注。其中复式投注为：内蒙古1注,吉林1注,山东1注,重庆1注。","04,05,11,14,28,32",04,635172616,13,6040990,99,170869,1824,3000,87046,200,1531322,10
2017133,2017-11-12(日),"河北2注,辽宁1注,上海1注,湖北1注,广东1注,新疆1注,共7注。其中复式投注为：河北1注,上海1注。","06,15,17,18,23,30",11,662957197,7,8327342,223,130557,1372,3000,78811,200,1582688,10
2017132,2017-11-09(四),"北京1注,浙江2注,广东1注,广西1注,云南1注,共6注。其中复式投注为：浙江1注。","02,03,05,09,13,28",11,633905850,6,8820665,139,206151,1253,3000,73344,200,1500060,10
2017131,2017-11-07(二),"河北2注,辽宁2注,吉林1注,上海1注,浙江1注,安徽6注,福建5注,山东1注,重庆1注,河南4注,湖南1注,共25注。其中复式投注为：河北2注,辽宁1注,吉林1注,浙江1注,安徽1注,河南1注。","01,07,10,11,26,27",11,600864875,25,5513378,131,122466,2893,3000,107801,200,1675295,10
2017130,2017-11-05(日),"浙江1注,安徽1注,四川3注,共5注。其中复式投注为：浙江1注,四川1注。","05,13,14,23,25,31",02,690570120,5,10000000,211,161007,937,3000,58635,200,1171966,10
2017129,2017-11-02(四),"山西1注,辽宁1注,广西1注,共3注。","05,06,09,14,21,33",02,638652615,3,10000000,116,229558,783,3000,47080,200,999596,10
2017128,2017-10-31(二),"天津2注,辽宁1注,山东4注,重庆1注,湖北1注,湖南1注,广东1注,云南1注,甘肃1注,共13注。","02,06,13,22,29,31",08,588766113,13,5186374,111,27284,2990,3000,113700,200,1682133,10
2017127,2017-10-29(日),"上海1注,江苏1注,广东1注,甘肃1注,共4注。","14,15,21,24,27,32",12,647103220,4,9376343,63,347328,1292,3000,63568,200,1165868,10
2017126,2017-10-26(四),"浙江1注,福建6注,云南1注,共8注。","01,16,17,21,27,30",16,618963440,8,7757297,63,437666,797,3000,44573,200,968685,10
2017125,2017-10-24(二),"上海1注,安徽1注,山东2注,广东1注,新疆1注,共6注。","01,14,23,25,29,30",03,598302894,6,7793201,133,157511,1550,3000,78944,200,1430191,10
2017124,2017-10-22(日),"河北1注,上海1注,安徽1注,福建1注,河南1注,湖南1注,广西1注,青海1注,共8注。","02,06,11,26,28,29",03,582215080,8,6981077,126,157228,1980,3000,81855,200,1456753,10
2017123,2017-10-19(四),"山西1注,内蒙古1注,上海1注,江苏2注,福建2注,重庆1注,河南2注,湖北1注,湖南2注,四川1注,贵州2注,共16注。","04,05,06,11,21,31",10,578631376,16,5768364,237,64840,1554,3000,77032,200,1341534,10
2017122,2017-10-17(二),"江苏2注,河南2注,共4注。","11,20,21,22,24,27",15,624823324,4,9322578,52,415632,1044,3000,54934,200,1042097,10
2017121,2017-10-15(日),"浙江2注,福建1注,湖北1注,云南1注,共5注。","11,18,19,22,24,32",07,597274960,5,7294152,136,105429,2039,3000,89969,200,1540417,10
2017120,2017-10-12(四),"河北1注,辽宁1注,安徽1注,四川1注,云南1注,共5注。","08,10,15,19,23,28",16,590730365,5,9211061,192,137078,873,3000,58724,200,1248592,10
2017119,2017-10-10(二),"河北1注,江苏2注,浙江1注,安徽1注,重庆2注,河南1注,海南1注,四川1注,陕西1注,共11注。","09,16,21,25,26,31",14,557828271,11,6673237,127,181157,1257,3000,57477,200,1060985,10
2017118,2017-10-08(日),"浙江1注,福建1注,重庆1注,河南1注,湖南8注,共12注。","08,09,15,22,30,33",16,562212840,12,6730422,123,211027,1054,3000,67859,200,1290082,10
2017117,2017-10-05(四),"山东1注,广东1注,陕西1注,共3注。","01,02,08,11,14,21",09,565108899,3,8633236,53,257068,1146,3000,57568,200,1078500,10
2017116,2017-10-03(二),"辽宁1注,江苏1注,河南1注,湖北1注,广东1注,海南1注,四川1注,云南2注,共9注。","02,14,20,22,30,32",02,550134702,9,6537998,85,203558,1372,3000,60997,200,1028626,10
2017115,2017-10-01(日),"广东3注,广西2注,云南1注,共6注。","04,10,11,25,30,31",01,557069238,6,8233631,128,189470,1141,3000,60892,200,1176240,10
2017114,2017-09-28(四),"上海1注,山东1注,湖北1注,深圳1注,共4注。","06,12,13,15,18,26",13,533714324,4,9187872,89,235273,1225,3000,65842,200,1241716,10
2017113,2017-09-26(二),"河北1注,辽宁1注,山东2注,共4注。","04,06,16,27,29,33",05,507647724,4,8403060,75,226870,1443,3000,67849,200,1213695,10
2017112,2017-09-24(日),"广东1注,陕西1注,共2注。","03,10,14,16,22,23",11,490214060,2,10000000,76,292461,1344,3000,64339,200,1217948,10
2017111,2017-09-21(四),"黑龙江1注,江苏1注,浙江4注,福建1注,重庆2注,湖北2注,广东5注,共16注。","05,10,17,19,29,32",12,443532928,16,5921674,99,186196,1503,3000,76650,200,1364133,10
2017110,2017-09-19(二),"河北1注,安徽1注,湖北1注,共3注。","01,03,12,15,19,23",14,482979264,3,10000000,68,377100,747,3000,43574,200,973444,10
2017109,2017-09-17(日),"黑龙江1注,贵州1注,云南2注,共4注。","08,14,16,18,21,23",16,436050760,4,10000000,96,296384,795,3000,47610,200,1019017,10
2017108,2017-09-14(四),"山西1注,内蒙古1注,江西1注,山东1注,重庆2注,共6注。","07,12,14,15,17,20",01,390692040,6,8141359,113,208497,957,3000,54375,200,1048588,10
2017107,2017-09-12(二),"北京1注,上海15注,江西1注,广东1注,宁夏1注,共19注。","08,09,15,17,30,32",06,368859616,19,5814695,202,95787,1398,3000,68532,200,1293285,10
2017106,2017-09-10(日),"河北1注,吉林1注,福建1注,湖南1注,共4注。","12,15,20,25,27,31",02,421291764,4,10000000,82,306613,802,3000,51738,200,1081678,10
2017105,2017-09-07(四),"河北1注,山西2注,辽宁2注,上海2注,江苏1注,浙江4注,山东2注,河南2注,湖南4注,广东2注,广西6注,宁夏1注,共29注。","03,06,07,12,25,26",07,385864894,29,5091000,254,12987,5050,3000,164897,200,2109753,10
2017104,2017-09-05(二),"黑龙江1注,贵州1注,共2注。","01,14,15,20,23,30",14,523607612,2,10000000,93,265208,776,3000,44513,200,878597,10
2017103,2017-09-03(日),"山西1注,山东1注,重庆2注,湖南1注,广东3注,贵州1注,共9注。","01,21,23,25,31,33",01,469614348,9,7401779,64,422187,856,3000,43195,200,806982,10
2017102,2017-08-31(四),"北京3注,河北1注,内蒙古1注,辽宁1注,黑龙江1注,广东2注,四川1注,云南2注,新疆1注,深圳1注,共14注。","04,08,10,14,18,20",11,455170324,14,5682901,150,79671,1682,3000,79971,200,1378116,10
2017101,2017-08-29(二),"广东1注,甘肃1注,共2注。","01,04,11,28,31,32",16,498878630,2,10000000,51,548154,606,3000,35152,200,780019,10
2017100,2017-08-27(日),"北京10注,江苏2注,浙江1注,重庆1注,湖南1注,陕西1注,共16注。","04,07,08,18,23,24",02,435010976,16,6241187,117,212168,1157,3000,64891,200,1279253,10
2017099,2017-08-24(四),"天津15注,河北1注,内蒙古1注,上海1注,浙江2注,安徽2注,福建1注,广东2注,广西1注,四川1注,共27注。","02,05,06,16,28,29",04,460398735,27,5455945,142,108367,2109,3000,88811,200,1502773,10
2017098,2017-08-22(二),"辽宁1注,上海1注,江苏1注,浙江1注,安徽1注,江西4注,山东1注,湖南1注,广东1注,广西1注,云南1注,共14注。","04,19,22,27,30,33",01,561544774,14,5401390,93,75530,2157,3000,96656,200,1577135,10
2017097,2017-08-20(日),"河北1注,上海1注,浙江1注,江西3注,湖北1注,广东1注,广西1注,新疆1注,共10注。","05,10,18,19,30,31",03,616091250,10,6980859,183,135304,1359,3000,69276,200,1291364,10
2017096,2017-08-17(四),"河北1注,山西1注,吉林1注,黑龙江1注,江西1注,山东2注,重庆2注,湖北1注,四川2注,陕西1注,新疆1注,共14注。","02,06,11,12,19,29",06,611617622,14,6270042,165,134701,1755,3000,74735,200,1247731,10
2017095,2017-08-15(二),"吉林1注,江苏2注,浙江3注,贵州7注,云南1注,共14注。","09,10,12,19,22,29",16,632720984,14,6159602,332,61123,1789,3000,92157,200,1542172,10
2017094,2017-08-13(日),"吉林1注,安徽3注,河南1注,湖南1注,广东1注,四川1注,云南1注,共9注。","08,11,13,19,28,31",06,658076283,9,6630843,128,143335,1876,3000,86932,200,1495198,10
2017093,2017-08-10(四),"江苏1注,浙江2注,安徽1注,山东4注,河南1注,广东26注,四川1注,青海1注,宁夏1注,深圳1注,共39注。","07,08,09,15,22,27",12,662712921,39,5290308,238,59464,2259,3000,103680,200,1691934,10
2017092,2017-08-08(二),"浙江1注,河南3注,共4注。","10,18,19,29,32,33",09,826577324,4,9605819,131,175794,909,3000,47240,200,897113,10
2017091,2017-08-06(日),"山东2注,云南1注,新疆1注,共4注。","05,07,10,23,28,29",03,795913308,4,8923729,141,139139,1604,3000,75636,200,1342235,10
2017090,2017-08-03(四),"天津1注,山东1注,云南2注,共4注。","01,07,10,16,22,33",09,772752284,4,8842613,84,228726,1158,3000,57206,200,1091702,10
2017089,2017-08-01(二),"辽宁1注,河南1注,共2注。","11,12,13,16,23,25",12,750483542,2,10000000,69,328347,1026,3000,49435,200,1003431,10
2017088,2017-07-30(日),"黑龙江1注,上海1注,江苏1注,安徽2注,江西2注,山东1注,广东2注,共10注。","07,09,18,22,23,29",06,702515540,10,6725767,406,53133,1917,3000,95828,200,1708166,10
2017087,2017-07-27(四),"天津1注,江苏2注,安徽1注,山东1注,河南2注,广东2注,广西1注,贵州1注,深圳2注,共13注。","03,06,13,14,19,28",06,705056937,13,5785674,105,121592,2100,3000,91345,200,1428854,10
2017086,2017-07-25(二),"山东1注,广西3注,云南1注,共5注。","03,05,06,13,20,22",07,741969095,5,7211165,73,189312,1592,3000,71827,200,1279364,10
2017085,2017-07-23(日),"浙江1注,安徽1注,江西1注,重庆1注,广东2注,广西1注,共7注。","01,05,06,16,25,30",09,736565578,7,6315240,148,77759,2046,3000,91556,200,1520586,10
2017084,2017-07-20(四),"内蒙古1注,辽宁1注,安徽1注,山东1注,河南1注,广东1注,广西1注,陕西2注,共9注。","01,05,11,20,22,24",02,746247204,9,7021235,98,232029,1375,3000,64443,200,1209543,10
2017083,2017-07-18(二),"河北1注,江苏2注,江西1注,湖北1注,湖南1注,广东1注,四川1注,贵州1注,云南2注,新疆2注,共13注。","03,08,14,20,24,26",12,741221637,13,6005980,161,101535,1885,3000,83588,200,1366711,10
2017082,2017-07-16(日),"山西3注,辽宁1注,湖南1注,广西1注,四川3注,共9注。","14,18,21,25,28,29",10,770257854,9,6764976,120,165466,1265,3000,68134,200,1287310,10
2017081,2017-07-13(四),"河南3注,宁夏1注,共4注。","03,05,14,25,26,30",05,771574680,4,7764217,134,103142,2050,3000,82194,200,1315821,10
2017080,2017-07-11(二),"内蒙古1注,辽宁2注,浙江1注,安徽1注,河南2注,广东3注,共10注。","01,12,16,20,22,24",08,761168290,10,6418690,103,172171,1272,3000,64285,200,1152662,10
2017079,2017-07-09(日),"黑龙江1注,浙江1注,福建1注,山东1注,河南1注,共5注。","03,07,14,23,25,27",08,772154315,5,7420610,107,141390,2040,3000,92475,200,1572509,10
2017078,2017-07-06(四),"上海1注,浙江1注,山东3注,重庆1注,广东1注,共7注。","05,07,18,19,22,24",16,763870919,7,7387529,160,130568,1443,3000,76921,200,1441788,10
2017077,2017-07-04(二),"内蒙古1注,河南1注,湖北1注,贵州1注,共4注。","01,02,04,15,17,22",14,752910976,4,9715359,93,253513,820,3000,47698,200,964676,10
2017076,2017-07-02(日),"山西1注,辽宁2注,安徽1注,重庆1注,广东1注,四川1注,共7注。","01,04,08,09,14,15",13,721042021,7,7321488,115,176634,1550,3000,77977,200,1455485,10
2017075,2017-06-29(四),"河北1注,上海1注,浙江2注,山东1注,广东1注,四川1注,共7注。","01,03,06,19,21,29",07,711353370,7,6363935,90,132604,1808,3000,84968,200,1397845,10
2017074,2017-06-27(二),"北京1注,辽宁1注,上海3注,江苏1注,安徽1注,福建1注,江西1注,山东2注,广东1注,广西1注,海南1注,陕西1注,深圳1注,共16注。","02,06,16,23,30,31",02,720097616,16,6194147,548,43582,1682,3000,77717,200,1147687,10
2017073,2017-06-25(日),"上海3注,安徽1注,重庆1注,河南1注,广西1注,四川1注,深圳1注,共9注。","03,06,16,23,26,30",14,747555120,9,7099806,173,136548,1358,3000,64112,200,1164232,10
2017072,2017-06-22(四),"北京2注,辽宁1注,浙江1注,福建3注,山东3注,深圳1注,共11注。","06,11,14,23,26,30",02,740584900,11,6667226,94,243876,1005,3000,52874,200,995249,10
2017071,2017-06-20(二),"天津2注,安徽1注,广东1注,共4注。","02,03,06,14,31,32",03,745151312,4,10000000,51,494080,634,3000,39115,200,842702,10
2017070,2017-06-18(日),"黑龙江1注,上海1注,浙江1注,广西1注,共4注。","01,06,14,22,25,26",12,709557056,4,9143511,92,225190,1226,3000,64694,200,1224137,10
2017069,2017-06-15(四),"江苏1注,江西1注,四川1注,共3注。","02,11,12,23,29,31",05,683978436,3,10000000,98,198460,1535,3000,72026,200,1275536,10
2017068,2017-06-13(二),"河北1注,江苏1注,浙江2注,湖北3注,共7注。","02,06,10,22,30,31",15,655631053,7,8099564,102,265894,662,3000,44158,200,962751,10
2017067,2017-06-11(日),"河北4注,上海1注,江苏1注,河南1注,湖南1注,云南1注,深圳1注,共10注。","01,03,04,10,18,29",04,630964440,10,7036216,131,194295,1231,3000,63366,200,1260815,10
2017066,2017-06-08(四),"辽宁2注,浙江1注,湖南1注,广东1注,广西1注,云南1注,陕西1注,共8注。","01,04,06,17,19,26",03,624968496,8,7075823,103,201536,1364,3000,74828,200,1364595,10
2017065,2017-06-06(二),"天津1注,辽宁1注,黑龙江1注,江苏2注,安徽2注,江西1注,山东2注,湖北1注,广东1注,云南1注,陕西1注,共14注。","02,05,08,10,12,21",07,619300374,14,5907122,181,87705,1985,3000,88342,200,1457827,10
2017064,2017-06-04(日),"河北1注,重庆2注,广东1注,四川1注,共5注。","02,10,16,22,24,28",15,654376180,5,9001480,158,158286,1194,3000,63332,200,1220261,10
2017063,2017-06-01(四),"河北1注,广西2注,四川1注,共4注。","12,16,20,22,25,31",04,624355820,4,10000000,246,102608,715,3000,38031,200,818953,10
2017062,2017-05-30(二),"辽宁1注,江西1注,共2注。","01,07,22,24,26,31",10,588631018,2,10000000,50,413968,688,3000,37912,200,779016,10
2017061,2017-05-28(日),"北京2注,辽宁6注,吉林1注,江苏2注,浙江2注,福建1注,山东1注,湖北1注,广东2注,广西2注,深圳2注,共22注。","06,07,12,20,26,27",11,546535704,22,5719289,236,83815,1818,3000,97177,200,1749641,10
2017060,2017-05-25(四),"北京1注,浙江1注,湖南1注,云南1注,共4注。","05,10,13,24,26,31",04,613018696,4,9226054,113,186993,1178,3000,64781,200,1188625,10
2017059,2017-05-23(二),"北京1注,河北1注,辽宁2注,黑龙江1注,上海3注,江苏1注,安徽1注,福建2注,山东5注,湖北2注,广东3注,四川1注,新疆1注,深圳2注,共26注。","04,08,09,15,19,25",09,586532102,26,5191242,222,27997,3608,3000,132859,200,1854184,10
2017058,2017-05-21(日),"山西1注,浙江1注,安徽1注,湖北1注,湖南1注,四川1注,陕西1注,深圳1注,共8注。","01,09,13,22,28,32",11,702858272,8,7035961,111,183419,1428,3000,67171,200,1172549,10
2017057,2017-05-18(四),"河北1注,上海5注,安徽1注,广东2注,共9注。","18,20,22,23,30,31",16,698067117,9,6821373,71,288597,881,3000,53312,200,1052315,10
2017056,2017-05-16(二),"山西1注,福建3注,湖北1注,广西1注,四川1注,云南1注,共8注。","13,14,18,19,21,28",06,697988120,8,7367832,184,128686,900,3000,49707,200,973032,10
2017055,2017-05-14(日),"北京1注,天津1注,河北1注,辽宁1注,江苏1注,浙江1注,重庆1注,广东12注,深圳1注,共20注。","07,12,13,20,24,31",05,685895820,20,5718169,109,164717,1901,3000,73900,200,1276271,10
2017054,2017-05-11(四),"浙江1注,广东1注,共2注。","02,03,09,23,28,33",08,746396522,2,10000000,73,227292,1391,3000,72619,200,1296663,10
2017053,2017-05-09(二),"福建1注,江西1注,湖南1注,广东1注,云南1注,深圳1注,共6注。","04,09,11,15,29,31",06,716619576,6,7534369,77,246854,1207,3000,63200,200,1162556,10
2017052,2017-05-07(日),"安徽1注,福建2注,河南1注,陕西1注,共5注。","07,08,18,24,29,31",07,704802480,5,8409592,182,117087,1613,3000,80324,200,1458362,10
2017051,2017-05-04(四),"河北1注,山西2注,内蒙古1注,江苏1注,福建1注,山东1注,湖北2注,广西1注,共10注。","02,05,09,15,24,25",11,682920580,10,6175841,194,75762,1842,3000,87633,200,1456013,10
2017050,2017-05-02(二),"江苏2注,浙江1注,安徽1注,四川1注,共5注。","10,12,20,24,27,29",07,700584945,5,8309640,64,323207,1036,3000,55426,200,1082731,10
2017049,2017-04-30(日),"重庆1注,湖北1注,广西4注,甘肃1注,共7注。","01,08,14,15,20,29",10,680077398,7,7636512,113,204154,1317,3000,64218,200,1200540,10
2017048,2017-04-27(四),"吉林1注,江苏2注,浙江2注,河南2注,广东1注,广西1注,四川1注,甘肃1注,共11注。","05,08,09,14,15,19",07,664324529,11,5831308,107,106827,2232,3000,97941,200,1602997,10
2017047,2017-04-25(二),"北京1注,河北1注,上海1注,广东2注,四川1注,共6注。","02,05,08,10,32,33",02,694177440,6,7801881,181,116100,1654,3000,63304,200,1081732,10
2017046,2017-04-23(日),"江苏1注,河南1注,湖南1注,陕西1注,青海1注,深圳1注,共6注。","04,13,14,23,26,32",10,677946402,6,7608231,95,205912,1661,3000,77273,200,1344852,10
2017045,2017-04-20(四),"辽宁1注,四川2注,贵州1注,共4注。","05,07,16,20,21,25",05,664910592,4,9399507,99,222197,1083,3000,60801,200,1159812,10
2017044,2017-04-18(二),"江苏1注,福建1注,山东1注,四川1注,陕西1注,深圳10注,共15注。","08,16,19,21,31,32",06,636516015,15,6015002,81,234954,1283,3000,62703,200,1171187,10
2017043,2017-04-16(日),"江苏1注,浙江2注,广西1注,共4注。","08,13,16,23,27,31",08,669647148,4,8333883,170,98055,2115,3000,88875,200,1490766,10
2017042,2017-04-13(四),"河北1注,辽宁1注,浙江1注,重庆1注,深圳4注,共8注。","01,02,04,07,10,23",04,652974432,8,7650480,69,384127,909,3000,49359,200,951834,10
2017041,2017-04-11(二),"内蒙古1注,浙江10注,山东1注,湖南1注,广东1注,四川1注,深圳6注,共21注。","04,10,13,15,22,27",04,634663869,21,5832574,114,191711,1281,3000,68894,200,1280684,10
2017040,2017-04-09(日),"河北1注,上海2注,浙江1注,河南1注,湖南1注,广东1注,四川3注,陕西1注,深圳2注,共13注。","15,19,23,28,29,33",04,691582671,13,5740931,82,146830,2412,3000,101734,200,1620082,10
2017039,2017-04-06(四),"江苏1注,共1注。","02,04,12,14,17,24",15,730094377,1,10000000,109,255711,746,3000,44749,200,931551,10
2017038,2017-04-04(二),"辽宁3注,上海1注,河南1注,共5注。","01,04,08,13,24,27",05,656476865,5,8797176,191,124253,736,3000,44653,200,913123,10
2017037,2017-04-02(日),"黑龙江1注,上海1注,江苏1注,河南1注,广东2注,贵州1注,共7注。","11,15,20,22,25,30",05,629265693,7,7634270,102,225979,1576,3000,72122,200,1318176,10
2017036,2017-03-30(四),"上海1注,浙江1注,广东1注,甘肃1注,共4注。","01,02,05,10,24,27",15,613555992,4,10000000,134,212654,772,3000,51142,200,1082238,10
2017035,2017-03-28(二),"北京1注,河北3注,山西1注,黑龙江1注,安徽1注,福建1注,湖北4注,广东1注,四川1注,陕西1注,新疆1注,共16注。","01,06,14,24,28,32",12,568068720,16,5671583,164,81900,2125,3000,95325,200,1524529,10
2017034,2017-03-26(日),"河北1注,江苏1注,江西1注,重庆1注,湖北1注,广西1注,贵州1注,陕西1注,共8注。","04,07,08,19,32,33",13,618519064,8,7191847,146,150126,1664,3000,86800,200,1534076,10
2017033,2017-03-23(四),"河北2注,黑龙江1注,江苏1注,福建2注,河南2注,广东1注,四川1注,贵州1注,青海1注,共12注。","05,07,15,20,23,30",15,610298424,12,6829933,205,133897,1094,3000,58117,200,1077797,10
2017032,2017-03-21(二),"北京2注,天津1注,河北3注,内蒙古2注,吉林2注,上海2注,江苏9注,浙江2注,福建1注,江西1注,山东2注,重庆1注,河南1注,湖南4注,广东19注,四川1注,贵州2注,云南6注,深圳2注,共63注。","05,08,15,24,27,31",11,609910623,63,5000000,284,6000,6191,3000,212550,200,2699069,10
2017031,2017-03-19(日),"北京1注,河北1注,辽宁1注,黑龙江9注,上海1注,浙江3注,安徽2注,山东1注,重庆1注,河南7注,广东1注,广西1注,贵州1注,共30注。","06,10,16,26,27,29",03,924910650,30,5458217,344,49951,3258,3000,131284,200,1999468,10
2017030,2017-03-16(四),"江苏2注,陕西1注,新疆2注,共5注。","01,07,09,20,23,30",02,1037107695,5,9250716,81,327987,1040,3000,57644,200,1127321,10
2017029,2017-03-14(二),"黑龙江1注,上海1注,浙江1注,山东1注,共4注。","02,15,21,23,25,30",10,1003660344,4,9172154,53,393599,1118,3000,57929,200,1106505,10
2017028,2017-03-12(日),"天津2注,上海1注,江苏1注,江西1注,山东2注,海南1注,新疆1注,共9注。","07,08,12,13,22,30",09,977766651,9,6700085,152,125828,2120,3000,100177,200,1661969,10
2017027,2017-03-09(四),"江苏1注,河南1注,广西1注,共3注。","02,04,11,14,27,30",05,980689536,3,9954368,76,244458,1547,3000,74416,200,1351632,10
2017026,2017-03-07(二),"天津1注,河北1注,辽宁1注,吉林1注,上海1注,江苏1注,安徽2注,江西1注,山东2注,重庆1注,河南12注,湖南1注,广东2注,四川1注,甘肃1注,深圳1注,共30注。","03,10,12,19,27,30",08,954816000,30,5346265,385,33727,3651,3000,133250,200,1967759,10
2017025,2017-03-05(日),"河北1注,辽宁2注,江苏1注,浙江1注,山东1注,重庆1注,湖北1注,贵州1注,云南1注,深圳1注,共11注。","02,15,16,17,22,32",07,1076249141,11,6246929,176,97416,2119,3000,83145,200,1393805,10
2017024,2017-03-02(四),"山东1注,广东2注,四川1注,新疆1注,深圳1注,共6注。","09,21,25,26,29,31",13,1093529538,6,8107050,120,194190,1026,3000,62935,200,1299629,10
2017023,2017-02-28(二),"辽宁1注,湖北1注,四川1注,共3注。","01,03,04,11,18,22",14,1072263213,3,10000000,108,223769,967,3000,54801,200,1098828,10
2017022,2017-02-26(日),"浙江1注,河南1注,湖南1注,云南1注,共4注。","02,06,15,16,18,32",15,1029761908,4,10000000,63,452069,1014,3000,54850,200,1129114,10
2017021,2017-02-23(四),"河北9注,吉林1注,江苏1注,福建1注,山东2注,湖北1注,甘肃1注,共16注。","02,05,10,22,32,33",09,984320688,16,6097279,115,190831,1262,3000,64378,200,1158519,10
2017020,2017-02-21(二),"上海1注,江西1注,广东2注,共4注。","04,08,10,12,31,33",10,1016040400,4,8928802,87,225793,1238,3000,56250,200,1048880,10
2017019,2017-02-19(日),"北京1注,浙江1注,广东1注,云南1注,共4注。","04,06,08,12,23,25",08,992823572,4,8296217,111,148478,2093,3000,96058,200,1625005,10
2017018,2017-02-16(四),"重庆3注,河南1注,四川1注,共5注。","01,02,03,17,25,31",09,976565180,5,7041328,91,140201,1633,3000,80726,200,1349943,10
2017017,2017-02-14(二),"河北1注,黑龙江1注,广东1注,广西1注,甘肃1注,共5注。","03,07,08,10,22,23",12,973496920,5,7986377,120,155540,1858,3000,84302,200,1483864,10
2017016,2017-02-12(日),"内蒙古1注,上海1注,江苏1注,安徽2注,福建1注,山东3注,云南2注,陕西1注,共12注。","05,08,16,22,27,29",02,957434232,12,6237727,222,83630,1874,3000,94030,200,1582606,10
2017015,2017-02-09(四),"湖北1注,四川2注,甘肃1注,共4注。","01,08,09,14,17,32",01,976589244,4,9713530,101,233343,1003,3000,57195,200,1103943,10
2017014,2017-02-07(二),"江西1注,重庆1注,河南2注,云南1注,共5注。","06,08,18,20,23,31",13,944740410,5,8280828,144,142397,1136,3000,64548,200,1233095,10
2017013,2017-02-05(日),"吉林1注,浙江1注,安徽1注,山东1注,重庆1注,湖南1注,广东3注,陕西1注,共10注。","08,11,28,29,31,33",06,924629020,10,6997500,99,252209,1345,3000,63909,200,1255954,10
2017012,2017-01-26(四),"河北1注,辽宁5注,重庆2注,陕西1注,共9注。","10,11,14,15,16,24",07,919697751,9,7016617,80,283586,852,3000,49681,200,997407,10
2017011,2017-01-24(二),"河北2注,山西1注,山东2注,湖南1注,广东1注,云南1注,陕西3注,共11注。","10,11,12,23,26,29",16,914786466,11,6835064,229,110184,912,3000,52206,200,1035140,10
2017010,2017-01-22(日),"北京2注,天津1注,辽宁3注,黑龙江1注,上海1注,江苏2注,浙江1注,安徽1注,江西1注,山东2注,重庆1注,河南1注,广东4注,贵州2注,陕西5注,甘肃1注,新疆1注,共30注。","05,08,19,25,28,30",07,914275770,30,5251359,231,40805,3466,3000,144618,200,2086062,10
2017009,2017-01-19(四),"河北1注,辽宁2注,上海1注,重庆2注,河南1注,广东1注,广西1注,共9注。","02,06,08,09,15,29",14,1043538642,9,6976497,145,153348,1138,3000,64075,200,1249580,10
2017008,2017-01-17(二),"内蒙古1注,黑龙江1注,上海1注,江苏1注,广东3注,甘肃2注,青海1注,共10注。","07,13,15,27,28,29",13,1039620330,10,6455001,165,110227,1884,3000,83785,200,1393522,10
2017007,2017-01-15(日),"河北1注,内蒙古1注,江苏1注,福建2注,广西1注,云南1注,共7注。","02,04,05,24,26,33",15,1049607797,7,8376630,62,476540,696,3000,43002,200,937160,10
2017006,2017-01-12(四),"广东3注,海南1注,共4注。","02,04,08,26,29,33",08,1019607668,4,6946576,70,139041,1762,3000,85078,200,1456728,10
2017005,2017-01-10(二),"北京1注,河北2注,浙江2注,福建1注,山东2注,重庆1注,湖北2注,湖南1注,陕西1注,甘肃1注,共14注。","06,11,12,22,23,30",05,1018195332,14,6083962,204,92986,2062,3000,92362,200,1524540,10
2017004,2017-01-08(日),"北京5注,辽宁1注,上海6注,江苏1注,四川1注,贵州1注,深圳3注,共18注。","05,13,17,26,27,30",07,1046462778,18,5946813,294,72460,1945,3000,99453,200,1728763,10
2017003,2017-01-05(四),"山西1注,山东1注,重庆1注,共3注。","01,04,08,15,27,32",16,1089595542,3,10000000,80,305874,949,3000,53632,200,1044021,10
2017002,2017-01-03(二),"江苏1注,浙江1注,广东1注,云南1注,共4注。","15,19,23,24,25,32",03,1046185700,4,10000000,67,391374,754,3000,42035,200,909104,10
2017001,2017-01-01(日),"天津1注,吉林1注,江苏1注,福建2注,重庆1注,河南1注,湖北1注,贵州1注,共9注。","09,11,14,20,25,26",15,1007519355,9,7522351,184,154219,1511,3000,72564,200,1361887,10
2016153,2016-12-29(四),"黑龙江1注,江苏2注,重庆1注,甘肃1注,共5注。","07,09,16,24,25,29",06,990091165,5,7932287,247,74197,2125,3000,97239,200,1701009,10
2016152,2016-12-27(二),"内蒙古1注,辽宁3注,浙江2注,山东3注,重庆1注,湖北1注,广东1注,广西1注,海南2注,四川1注,甘肃1注,共17注。","02,08,09,16,20,22",07,974772214,17,5986457,247,84867,2023,3000,83468,200,1382016,10
2016151,2016-12-25(日),"河北1注,吉林1注,江苏1注,福建1注,河南1注,四川3注,贵州1注,云南1注,宁夏1注,共11注。","06,11,16,20,22,33",07,1013655324,11,6923271,130,203422,1583,3000,72142,200,1348321,10
2016150,2016-12-22(四),"北京1注,辽宁8注,江苏1注,河南1注,广东4注,海南2注,贵州1注,陕西2注,甘肃2注,共22注。","02,04,05,09,13,21",05,1010476368,22,5849327,140,166832,1303,3000,71061,200,1438779,10
2016149,2016-12-20(二),"江苏1注,湖北1注,广东2注,四川1注,共5注。","03,20,23,26,32,33",07,1069092085,5,7413987,77,195940,1404,3000,67314,200,1225433,10
2016148,2016-12-18(日),"上海1注,江苏1注,湖南1注,广东1注,海南1注,四川4注,云南1注,共10注。","01,02,11,20,26,30",14,1060899760,10,7088635,158,165240,1511,3000,75187,200,1423151,10
2016147,2016-12-15(四),"河北1注,上海1注,江苏1注,广东1注,甘肃1注,共5注。","04,14,18,28,31,32",12,1053462300,5,8475931,113,192252,1501,3000,71722,200,1397848,10
2016146,2016-12-13(二),"内蒙古1注,黑龙江2注,江苏1注,河南1注,湖南1注,广东1注,广西1注,共8注。","03,07,15,16,17,23",10,1030668248,8,7329207,133,175128,1248,3000,64608,200,1177954,10
2016145,2016-12-11(日),"北京2注,浙江2注,山东2注,广东2注,共8注。其中复式投注为：北京1注,山东1注,广东2注。","01,03,07,12,19,20",06,1019425688,8,6264341,157,80531,3096,3000,129508,200,2027471,10
2016144,2016-12-08(四),"天津1注,河北1注,内蒙古1注,安徽1注,江西1注,河南1注,四川3注,贵州1注,新疆3注,深圳1注,共14注。其中复式投注为：内蒙古1注,安徽1注,四川1注,贵州1注,新疆3注。","04,10,12,27,32,33",05,1031610174,14,6201501,86,244491,1420,3000,68105,200,1276624,10
2016143,2016-12-06(二),"黑龙江1注,上海1注,浙江1注,广西1注,深圳1注,共5注。其中复式投注为：黑龙江1注,深圳1注。","06,09,23,24,25,33",13,1055352355,5,9007647,143,175159,1364,3000,71278,200,1321655,10
2016142,2016-12-04(日),"黑龙江3注,浙江1注,福建2注,广东3注,青海2注,共11注。其中复式投注为：浙江1注,福建2注,广东1注。","01,10,17,21,23,30",12,1025247212,11,6818174,85,294116,1361,3000,68226,200,1299520,10
2016141,2016-12-01(四),"江苏1注,安徽1注,河南1注,广东1注,海南1注,云南1注,青海1注,共7注。其中复式投注为：江苏1注,河南1注,海南1注,青海1注。","04,13,15,17,21,24",15,1025247440,7,8186439,106,263031,1155,3000,61413,200,1193527,10
2016140,2016-11-29(二),"浙江8注,福建1注,江西1注,山东2注,重庆2注,湖北1注,广东1注,共16注。其中复式投注为：福建1注,山东1注,广东1注。","01,02,05,17,26,32",10,998908480,16,5846950,84,201654,1758,3000,89699,200,1518954,10
2016139,2016-11-27(日),"重庆1注,湖北1注,广东1注,海南1注,四川1注,共5注。其中复式投注为：重庆1注,广东1注,四川1注。","01,06,19,26,28,30",03,1041642655,5,9936561,94,328228,1161,3000,60280,200,1234234,10
2016138,2016-11-24(四),"北京1注,辽宁1注,福建1注,湖南1注,广西1注,四川1注,贵州3注,云南1注,宁夏1注,深圳1注,共12注。其中复式投注为：北京1注,辽宁1注,福建1注,湖南1注,广西1注,四川1注,深圳1注。","07,16,20,24,25,30",07,998764932,12,6052114,160,98635,2423,3000,107721,200,1718631,10
2016137,2016-11-22(二),"福建1注,重庆1注,广东1注,宁夏1注,共4注。其中复式投注为：福建1注,重庆1注,宁夏1注。","01,06,09,10,15,32",14,1024045140,4,9970303,90,276127,1090,3000,63885,200,1370910,10
2016136,2016-11-20(日),"北京1注,辽宁1注,上海3注,湖北1注,广东1注,陕西1注,共8注。其中复式投注为：湖北1注,广东1注。","02,07,10,20,27,29",03,989371808,8,7561764,117,218954,1877,3000,81173,200,1494578,10
2016135,2016-11-17(四),"北京1注,河北7注,江苏2注,浙江1注,山东2注,河南3注,湖北1注,广东1注,广西1注,四川3注,云南1注,深圳1注,共24注。其中复式投注为：北京1注,江苏1注,河南1注,广东1注,云南1注。","02,08,10,18,20,33",12,973012992,24,5536282,172,93537,2419,3000,99972,200,1601151,10
2016134,2016-11-15(二),"吉林1注,上海3注,浙江1注,广东2注,四川1注,共8注。其中复式投注为：吉林1注,浙江1注。","11,12,13,14,18,33",13,1057618368,8,7841027,107,265516,897,3000,48951,200,995424,10
2016133,2016-11-13(日),"河北2注,江苏2注,山东1注,重庆4注,河南7注,湖北4注,四川4注,宁夏1注,新疆1注,共26注。其中复式投注为：山东1注,河南2注,四川1注。","15,16,21,22,27,33",15,1035115770,26,5803188,242,107866,1655,3000,72521,200,1296716,10
2016132,2016-11-10(四),"天津1注,河北1注,辽宁1注,黑龙江6注,上海4注,江苏1注,浙江1注,安徽2注,山东4注,重庆1注,河南3注,湖北2注,湖南1注,广东2注,四川2注,云南1注,陕西1注,宁夏1注,新疆1注,深圳1注,共37注。其中复式投注为：天津1注,黑龙江1注,上海2注,江苏1注,安徽1注,重庆1注,河南3注,湖南1注,广东1注,四川1注,陕西1注,宁夏1注,深圳1注。","05,08,13,19,27,28",07,1107687796,37,5063186,358,8163,5300,3000,178481,200,2260294,10
2016131,2016-11-08(二),"河北1注,江苏1注,安徽1注,新疆1注,共4注。其中复式投注为：河北1注,江苏1注,新疆1注。","04,10,18,19,25,27",02,1286258608,4,9353816,112,194366,1314,3000,73150,200,1397997,10
2016130,2016-11-06(日),"北京1注,江苏1注,浙江2注,福建1注,广西1注,四川1注,新疆1注,共8注。其中复式投注为：北京1注,福建1注。","03,17,21,23,27,28",01,1258366632,8,7792864,88,317370,1214,3000,64648,200,1330087,10
2016129,2016-11-03(四),"湖北1注,广东1注,共2注。其中复式投注为：0注。","05,06,08,21,31,33",14,1236923614,2,10000000,107,263616,1008,3000,55664,200,1182559,10
2016128,2016-11-01(二),"河北1注,黑龙江5注,江苏1注,浙江1注,安徽1注,福建1注,江西1注,广西5注,四川1注,共17注。其中复式投注为：江苏1注,浙江1注,安徽1注,四川1注。","04,09,11,17,26,27",13,1172302677,17,6039764,216,102291,1788,3000,86126,200,1559473,10
2016127,2016-10-30(日),"河北1注,山东1注,海南1注,共3注。其中复式投注为：山东1注,海南1注。","07,12,17,26,29,31",16,1208693682,3,10000000,127,219909,1019,3000,63501,200,1329019,10
2016126,2016-10-27(四),"浙江1注,山东1注,河南1注,宁夏1注,共4注。其中复式投注为：河南1注。","02,06,12,17,18,19",10,1154908300,4,10000000,182,141981,1135,3000,66832,200,1302078,10
2016125,2016-10-25(二),"辽宁1注,浙江2注,江西1注,重庆1注,河南1注,湖北1注,甘肃3注,共10注。其中复式投注为：浙江1注,江西1注,湖北1注。","01,06,08,20,27,30",03,1117386530,10,5815990,94,108509,2291,3000,103685,200,1696067,10
2016124,2016-10-23(日),"山东1注,湖北1注,云南1注,西藏1注,陕西1注,共5注。其中复式投注为：0注。","09,15,21,24,27,32",10,1144946805,5,8691225,120,192251,1393,3000,66223,200,1205902,10
2016123,2016-10-20(四),"上海1注,重庆1注,广西1注,共3注。","07,09,12,14,20,27",16,1119192450,3,10000000,191,104821,1554,3000,81320,200,1482881,10
2016122,2016-10-18(二),"浙江1注,安徽1注,重庆2注,湖南1注,广东1注,共6注。","15,22,23,24,28,29",08,1089129612,6,7245796,96,175452,1233,3000,60510,200,1148924,10
2016121,2016-10-16(日),"吉林1注,江苏1注,山东1注,湖南1注,宁夏1注,共5注。","02,03,10,23,25,28",09,1082073970,5,8817083,106,225063,1067,3000,59886,200,1145998,10
2016120,2016-10-13(四),"北京1注,内蒙古1注,辽宁1注,上海1注,湖北1注,云南1注,共6注。","02,05,06,21,25,28",09,1054589076,6,7457159,139,132580,1369,3000,64234,200,1194223,10
2016119,2016-10-11(二),"河北1注,内蒙古1注,浙江1注,安徽1注,共4注。","09,19,21,30,31,32",04,1044045944,4,9261565,353,60362,1233,3000,61363,200,1161255,10
2016118,2016-10-09(日),"黑龙江1注,上海1注,浙江1注,安徽1注,共4注。","09,14,22,23,31,33",14,1017168724,4,10000000,97,293175,811,3000,41136,200,846668,10
2016117,2016-10-06(四),"北京1注,内蒙古2注,上海2注,安徽1注,重庆1注,湖南1注,广东2注,贵州1注,新疆1注,共12注。","03,10,14,17,28,33",02,971854560,12,6037315,167,93172,1921,3000,75474,200,1201455,10
2016116,2016-10-04(二),"江苏1注,重庆1注,湖北1注,甘肃3注,共6注。","07,18,20,23,27,31",13,997623156,6,7593721,52,374094,765,3000,42434,200,870071,10
2016115,2016-10-02(日),"辽宁1注,吉林1注,江苏1注,浙江2注,山东3注,河南1注,广东2注,广西1注,陕西1注,共13注。","06,08,20,22,26,27",09,984826752,13,6239088,62,324761,1052,3000,59791,200,1114741,10
2016114,2016-09-29(四),"北京2注,辽宁1注,上海1注,江苏1注,浙江1注,安徽1注,广东10注,陕西2注,新疆1注,深圳1注,共21注。","05,16,20,22,27,29",09,1005529350,21,5225680,103,57515,3277,3000,128407,200,1900718,10
2016113,2016-09-27(二),"北京1注,辽宁1注,山东1注,重庆1注,湖北1注,陕西1注,共6注。","01,11,16,17,20,26",14,1097496306,6,7750731,95,217162,1293,3000,64603,200,1227039,10
2016112,2016-09-25(日),"辽宁1注,吉林1注,黑龙江1注,江苏2注,湖北1注,深圳2注,共8注。","06,12,14,15,18,25",12,1082109240,8,6869523,105,178049,1711,3000,79274,200,1390410,10
2016111,2016-09-22(四),"黑龙江1注,广西1注,贵州1注,共3注。","02,04,07,14,15,32",04,1080979719,3,10000000,68,362286,1057,3000,44252,200,879232,10
2016110,2016-09-20(二),"上海1注,浙江1注,山东1注,湖南1注,贵州1注,共5注。","05,07,28,31,32,33",08,1037073225,5,7249839,55,255663,1231,3000,62786,200,1133745,10
2016109,2016-09-18(日),"上海1注,福建1注,山东1注,湖北3注,四川1注,深圳1注,共8注。","09,11,15,16,27,33",05,1031137928,8,6719240,93,184864,1895,3000,83484,200,1470824,10
2016108,2016-09-15(四),"辽宁1注,上海1注,浙江1注,安徽1注,河南2注,共6注。","02,03,07,08,19,26",16,1033314654,6,7828306,174,121909,1044,3000,59523,200,1164049,10
2016107,2016-09-13(二),"吉林1注,上海1注,江苏1注,安徽1注,广西2注,陕西7注,共13注。","06,11,18,26,27,32",01,1016647606,13,6252404,230,88485,1344,3000,67680,200,1186566,10
2016106,2016-09-11(日),"北京1注,江苏1注,浙江1注,湖南1注,广西1注,新疆1注,共6注。","04,05,13,22,25,30",04,1036874166,6,8341196,119,210579,904,3000,52216,200,1028518,10
2016105,2016-09-08(四),"北京1注,辽宁1注,浙江2注,湖北5注,贵州1注,陕西1注,甘肃1注,新疆1注,共13注。","08,10,19,27,28,31",16,1011744422,13,6419550,153,150769,1038,3000,58194,200,1156103,10
2016104,2016-09-06(二),"安徽1注,福建1注,共2注。","05,09,11,18,30,31",04,1025995488,2,10000000,72,319307,849,3000,51243,200,1051840,10
2016103,2016-09-04(日),"上海1注,福建1注,河南1注,湖北1注,广东1注,贵州1注,陕西6注,甘肃1注,共13注。","01,05,13,19,24,27",11,977024997,13,5957211,116,134092,1750,3000,70675,200,1228108,10
2016102,2016-09-01(四),"内蒙古1注,江西1注,湖北1注,湖南1注,广东2注,四川1注,共7注。","05,08,10,14,17,30",13,1007804693,7,6951119,339,50360,2536,3000,84574,200,1305931,10
2016101,2016-08-30(二),"上海1注,海南1注,云南1注,共3注。","01,03,19,24,32,33",01,1005245634,3,10000000,45,555671,690,3000,40929,200,798856,10
2016100,2016-08-28(日),"天津1注,江西1注,广东1注,贵州1注,共4注。","03,10,22,23,27,29",04,960230040,4,9565716,87,262397,1349,3000,66882,200,1263132,10
2016099,2016-08-25(四),"江苏1注,福建1注,江西1注,四川1注,共4注。","01,11,21,23,27,33",06,930007164,4,8811192,111,171675,1219,3000,64088,200,1113248,10
2016098,2016-08-23(二),"湖南2注,海南1注,共3注。","02,08,25,29,31,32",06,908084049,3,9434877,63,263980,1265,3000,60410,200,1152579,10
2016097,2016-08-21(日),"山西1注,江西1注,山东2注,湖北1注,湖南1注,广东2注,广西1注,共9注。","06,13,25,26,28,31",01,886496310,9,6754677,101,195446,1287,3000,63983,200,1203096,10
2016096,2016-08-18(四),"黑龙江1注,福建2注,陕西1注,深圳1注,共5注。","06,13,14,21,22,24",16,888068045,5,8412890,110,193914,993,3000,47174,200,925886,10
2016095,2016-08-16(二),"浙江1注,福建1注,广东2注,云南2注,深圳1注,共7注。","01,05,09,12,18,32",12,866140800,7,7075631,73,248791,1409,3000,65989,200,1186916,10
2016094,2016-08-14(日),"安徽1注,广东1注,陕西1注,深圳1注,共4注。","06,07,10,12,18,31",10,861184896,4,8445845,83,207581,1737,3000,85930,200,1511757,10
2016093,2016-08-11(四),"北京1注,天津2注,山西1注,上海1注,江苏1注,重庆2注,湖南5注,广东1注,广西1注,海南1注,四川1注,云南1注,共18注。","06,09,15,17,25,27",09,843280596,18,5501160,131,86077,2938,3000,104722,200,1597291,10
2016092,2016-08-09(二),"北京5注,内蒙古1注,辽宁1注,上海1注,江苏1注,浙江3注,安徽1注,江西1注,重庆3注,广东1注,云南1注,共19注。","02,13,15,23,24,29",06,908473144,19,5173091,97,42380,2650,3000,107752,200,1634614,10
2016091,2016-08-07(日),"北京1注,河北1注,山西1注,上海1注,江苏2注,安徽1注,河南4注,湖北1注,广东2注,四川3注,共17注。","04,08,14,22,23,28",07,994429110,17,5986530,226,92760,1451,3000,74116,200,1385952,10
2016090,2016-08-04(四),"辽宁1注,江苏5注,浙江1注,安徽6注,江西1注,山东1注,重庆1注,河南1注,广东6注,共23注。","02,13,17,20,21,26",07,1033308810,23,5443624,164,77769,2246,3000,98229,200,1528330,10
2016089,2016-08-02(二),"河北1注,辽宁2注,浙江5注,广东1注,云南1注,共10注。","01,03,14,30,31,32",08,1120249570,10,5749899,48,195286,1249,3000,56311,200,967833,10
2016088,2016-07-31(日),"辽宁1注,江苏2注,河南1注,陕西1注,共5注。","03,14,16,18,25,33",15,1149627355,5,8643396,79,288243,1109,3000,51374,200,1001724,10
2016087,2016-07-28(四),"河北1注,山东1注,海南1注,共3注。","02,03,10,11,14,21",12,1124530659,3,10000000,84,223543,893,3000,51047,200,1010028,10
2016086,2016-07-26(二),"辽宁1注,云南5注,共6注。","09,10,11,12,15,32",05,1098197736,6,7936358,62,355204,667,3000,44226,200,886647,10
2016085,2016-07-24(日),"福建1注,山东1注,湖北5注,共7注。","01,12,19,20,21,25",16,1079747823,7,7380661,245,85023,1292,3000,66369,200,1238620,10
2016084,2016-07-21(四),"山东1注,河南1注,湖南1注,贵州1注,西藏1注,共5注。","02,04,12,18,24,26",05,1068920080,5,7742405,101,169703,1199,3000,60445,200,1099966,10
2016083,2016-07-19(二),"北京1注,河北1注,黑龙江1注,江苏1注,山东1注,湖北1注,湖南1注,共7注。","09,16,17,24,30,31",04,1056212003,7,7237320,99,197743,1190,3000,56008,200,1010477,10
2016082,2016-07-17(日),"吉林5注,江苏1注,重庆1注,广东1注,广西1注,四川1注,共10注。","06,12,14,15,17,20",09,1048143580,10,6151036,89,161662,1662,3000,77126,200,1355049,10
2016081,2016-07-14(四),"北京1注,辽宁1注,新疆1注,共3注。","02,06,15,25,30,32",07,1066490094,3,9665516,73,239666,1004,3000,51070,200,951404,10
2016080,2016-07-12(二),"福建1注,河南1注,广东1注,贵州1注,共4注。","01,16,17,24,25,32",14,1042999580,4,9610776,88,261975,852,3000,37822,200,755067,10
2016079,2016-07-10(日),"上海2注,共2注。","01,03,10,12,24,28",02,1012281038,2,10000000,101,261205,884,3000,52536,200,1119796,10
2016078,2016-07-07(四),"黑龙江1注,安徽1注,福建1注,重庆1注,贵州1注,陕西1注,共6注。","02,04,08,23,26,29",02,953135832,6,8017845,65,348212,828,3000,46766,200,982216,10
2016077,2016-07-05(二),"上海1注,海南1注,甘肃1注,共3注。","01,09,17,19,20,29",10,933341379,3,8718169,93,149926,1810,3000,77241,200,1306307,10
2016076,2016-07-03(日),"天津2注,辽宁1注,福建1注,河南1注,陕西1注,共6注。","07,08,13,22,30,32",01,917666478,6,8474321,112,232655,1008,3000,56579,200,1224624,10
2016075,2016-06-30(四),共0注。,"01,03,06,16,29,32",07,890340179,0,0,65,267736,1174,3000,53167,200,994643,10
2016074,2016-06-28(二),"北京30注,山西1注,辽宁1注,江苏2注,福建1注,山东2注,河南1注,广西20注,陕西2注,青海1注,深圳1注,共62注。","06,10,11,12,20,25",12,838131500,62,5187134,154,94175,1733,3000,79259,200,1282334,10
2016073,2016-06-26(日),"安徽1注,湖南2注,广东1注,云南1注,共5注。","09,11,12,15,16,20",13,1116225045,5,7942362,80,229872,1499,3000,76476,200,1406588,10
2016072,2016-06-23(四),"辽宁1注,安徽1注,共2注。","05,16,19,22,24,25",02,1100767568,2,10000000,79,250250,961,3000,54103,200,1090797,10
2016071,2016-06-21(二),"江苏1注,浙江1注,福建1注,河南1注,共4注。","19,21,26,28,29,32",01,1061458288,4,10000000,83,312118,510,3000,31850,200,735017,10
2016070,2016-06-19(日),"黑龙江1注,湖南1注,广东2注,广西1注,新疆2注,共7注。","03,06,11,18,23,29",01,1023740893,7,7993400,264,99213,906,3000,64810,200,1262202,10
2016069,2016-06-16(四),"北京1注,江苏1注,浙江1注,福建1注,甘肃1注,深圳1注,共6注。","08,10,11,20,21,27",11,1001117928,6,7393248,168,106841,1599,3000,76527,200,1304173,10
2016068,2016-06-14(二),"安徽1注,湖南1注,共2注。","08,19,23,28,31,32",01,991629338,2,10000000,58,374629,821,3000,50081,200,1035277,10
2016067,2016-06-12(日),"广东3注,海南1注,四川1注,共5注。","09,13,18,20,27,31",04,946443820,5,8650159,117,194987,1114,3000,56892,200,1090862,10
2016066,2016-06-09(四),"北京2注,上海1注,山东1注,广东3注,四川1注,陕西2注,共10注。","03,07,13,18,19,20",05,921254130,10,5930886,207,56212,1875,3000,84922,200,1376862,10
2016065,2016-06-07(二),"山东1注,湖北1注,共2注。","13,16,22,25,26,27",14,945654750,2,10000000,87,249643,849,3000,52248,200,1015532,10
2016064,2016-06-05(日),"北京1注,吉林1注,黑龙江1注,上海2注,江苏2注,福建2注,四川1注,云南1注,共11注。","03,12,14,17,19,26",03,900497807,11,6487602,116,176332,1702,3000,81566,200,1432717,10
2016063,2016-06-02(四),共0注。,"16,17,18,23,28,32",07,910497831,0,0,83,179989,1384,3000,72791,200,1308918,10
2016062,2016-05-31(二),"江苏1注,四川1注,共2注。","12,13,15,18,19,21",09,865680358,2,10000000,116,144808,1110,3000,62298,200,1207992,10
2016061,2016-05-29(日),"北京12注,内蒙古1注,江苏1注,浙江1注,江西1注,山东2注,广东1注,广西1注,云南1注,共21注。","05,06,08,18,20,32",08,835286844,21,5446101,127,92206,2984,3000,109582,200,1648570,10
2016060,2016-05-26(四),"北京1注,江苏2注,浙江1注,湖北1注,湖南1注,四川1注,贵州1注,云南1注,甘肃5注,深圳1注,共15注。","04,05,22,26,29,32",08,914524470,15,5000000,47,6000,3109,3000,132221,200,2039930,10
2016059,2016-05-24(二),"江苏1注,安徽1注,福建5注,重庆1注,湖北1注,共9注。","04,11,12,20,25,28",15,989524476,9,7152757,153,158290,1043,3000,59212,200,1131943,10
2016058,2016-05-22(日),"上海1注,广东1注,共2注。","03,05,18,20,24,32",11,981243730,2,10000000,130,221092,930,3000,52610,200,1117616,10
2016057,2016-05-19(四),"上海2注,江苏1注,安徽2注,山东2注,河南1注,广东1注,四川1注,新疆1注,共11注。","07,12,19,22,23,26",11,915017488,11,6474964,256,79221,1929,3000,98403,200,1675040,10
2016056,2016-05-17(二),"北京2注,河北1注,福建1注,广东1注,深圳1注,共6注。","03,04,08,11,16,18",14,925399830,6,8206646,180,133610,848,3000,55554,200,1218600,10
2016055,2016-05-15(日),"上海1注,江西2注,湖南1注,广西1注,云南5注,新疆1注,共11注。","05,06,10,16,22,26",11,902490160,11,6427695,232,84615,2007,3000,81611,200,1426413,10
2016054,2016-05-12(四),"浙江2注,山东3注,湖南1注,海南1注,云南1注,共8注。","06,11,16,19,28,32",04,914302376,8,7321796,204,113813,994,3000,65617,200,1272759,10
2016053,2016-05-10(二),"黑龙江1注,江苏1注,江西1注,贵州1注,陕西1注,共5注。","02,08,10,12,29,31",01,903222855,5,8788619,165,143508,1402,3000,64252,200,1253550,10
2016052,2016-05-08(日),"山西2注,安徽1注,重庆4注,河南2注,四川1注,宁夏1注,新疆1注,共12注。","01,06,13,19,24,28",16,876129336,12,6940346,218,133510,984,3000,56628,200,1058594,10
2016051,2016-05-05(四),"河北1注,江苏1注,共2注。","01,02,04,09,15,33",12,872097902,2,10000000,58,392706,761,3000,44797,200,929564,10
2016050,2016-05-03(二),"上海1注,浙江1注,安徽1注,河南1注,共4注。","09,12,24,28,29,30",02,823767052,4,9301768,116,185421,1167,3000,68312,200,1379374,10
2016049,2016-05-01(日),"天津5注,吉林1注,江西1注,湖南1注,广东4注,四川2注,陕西1注,共15注。","06,08,13,14,22,27",10,796447605,15,5991728,172,108109,1678,3000,78422,200,1358503,10
2016048,2016-04-28(四),"山西1注,安徽1注,福建1注,重庆1注,湖北1注,西藏1注,共6注。","03,08,13,14,15,30",04,830538816,6,8287686,115,214414,1269,3000,59921,200,1130958,10
2016047,2016-04-26(二),"山东1注,贵州1注,云南1注,陕西1注,深圳1注,共5注。","02,05,08,15,17,22",16,806292000,5,8760984,172,136663,1350,3000,70222,200,1372781,10
2016046,2016-04-24(日),共0注。,"07,20,25,26,27,30",14,779578465,0,0,90,306830,898,3000,55777,200,1159252,10
2016045,2016-04-21(四),"河南1注,共1注。","04,09,12,17,30,32",03,696734182,1,10000000,86,289626,921,3000,51050,200,1046608,10
2016044,2016-04-19(二),"河北1注,上海1注,湖北1注,广东1注,贵州1注,陕西1注,共6注。","01,03,10,12,18,30",01,632010456,6,8428587,147,174927,1044,3000,57450,200,1154242,10
2016043,2016-04-17(日),"浙江1注,江西1注,湖南1注,广东1注,四川1注,宁夏1注,共6注。","05,14,20,26,30,33",12,605438772,6,7763996,88,235567,1221,3000,63419,200,1205590,10
2016042,2016-04-14(四),"辽宁1注,黑龙江1注,江苏2注,安徽2注,江西4注,广东1注,共11注。","07,14,17,23,26,31",09,589832826,11,6077332,129,114831,1957,3000,85062,200,1342237,10
2016041,2016-04-12(二),"北京1注,重庆1注,云南1注,共3注。","12,17,18,21,22,24",04,612243516,3,10000000,98,252093,1026,3000,56247,200,1158668,10
2016040,2016-04-10(日),"吉林1注,上海1注,浙江1注,安徽1注,福建1注,江西1注,河南1注,广东2注,四川2注,陕西1注,共12注。","03,13,19,20,23,26",03,568128108,12,6812115,167,162764,1532,3000,70765,200,1276160,10
2016039,2016-04-07(四),"山西1注,辽宁1注,浙江1注,山东1注,陕西1注,共5注。","01,03,07,18,19,27",16,568328305,5,9538029,189,150067,890,3000,51845,200,1104032,10
2016038,2016-04-05(二),"北京1注,江苏1注,湖南1注,新疆1注,共4注。","03,12,13,22,28,29",03,530930396,4,10000000,182,139400,1086,3000,63557,200,1216047,10
2016037,2016-04-03(日),"上海1注,湖南1注,新疆1注,共3注。","06,15,26,31,32,33",16,494817840,3,10000000,97,293695,982,3000,49722,200,967238,10
2016036,2016-03-31(四),"北京1注,湖南1注,共2注。","03,04,07,09,20,22",03,439352386,2,10000000,116,232827,1177,3000,58424,200,1144741,10
2016035,2016-03-29(二),"河北1注,山西1注,辽宁2注,浙江1注,山东2注,重庆1注,广东2注,甘肃1注,共11注。","04,13,19,20,26,29",11,378328346,11,6488004,187,109412,1918,3000,89212,200,1491609,10
2016034,2016-03-27(日),"湖北1注,共1注。","03,15,21,22,23,28",15,388316232,1,10000000,107,316678,814,3000,45355,200,1029356,10
2016033,2016-03-24(四),"广东1注,甘肃1注,共2注。","06,17,18,20,27,29",15,296662312,2,10000000,119,245863,674,3000,53382,200,1218467,10
2016032,2016-03-22(二),"河北1注,浙江1注,福建1注,湖南1注,四川1注,共5注。","08,12,14,15,21,27",15,228889010,5,9626020,154,187744,819,3000,56948,200,1142412,10
2016031,2016-03-20(日),"北京2注,吉林1注,黑龙江1注,浙江2注,安徽2注,江西1注,重庆1注,河南1注,湖南1注,深圳1注,共13注。","03,08,10,19,26,33",03,190281234,13,6468063,191,124900,2037,3000,85511,200,1486816,10
2016030,2016-03-17(四),"北京1注,天津6注,河北4注,山西2注,吉林1注,黑龙江2注,上海2注,江苏2注,浙江12注,福建1注,江西4注,山东10注,重庆1注,河南11注,湖北4注,湖南3注,广东12注,广西3注,海南1注,四川2注,贵州5注,云南7注,陕西1注,新疆1注,共98注。","10,14,19,22,25,29",12,202797966,98,5069845,552,15500,7016,3000,188032,200,2196561,10
2016029,2016-03-15(二),"上海1注,安徽3注,江西1注,共5注。","12,15,18,20,21,27",15,673974740,5,9326970,99,273167,935,3000,55598,200,1160246,10
2016028,2016-03-13(日),"辽宁3注,吉林2注,浙江1注,深圳1注,共7注。","06,08,12,21,25,29",01,639478896,7,8456171,282,107239,1144,3000,71932,200,1492135,10
2016027,2016-03-10(四),"上海1注,浙江1注,河南1注,陕西1注,共4注。","11,13,15,17,19,31",05,607947604,4,9925874,213,115630,1045,3000,53910,200,1054964,10
2016026,2016-03-08(二),共0注。,"04,09,12,28,30,33",01,573762988,0,0,77,331168,638,3000,43195,200,942387,10
2016025,2016-03-06(日),"辽宁1注,吉林1注,江苏2注,浙江2注,湖北1注,湖南1注,广东5注,广西1注,四川1注,陕西3注,宁夏1注,共19注。","04,11,12,17,24,30",12,497263041,19,5788878,420,44609,3139,3000,118891,200,1852932,10
2016024,2016-03-03(四),"上海1注,江苏1注,浙江1注,安徽1注,重庆1注,河南1注,湖南1注,广西2注,共9注。","02,05,07,14,18,31",13,551044179,9,6751185,157,125483,2255,3000,92674,200,1584972,10
2016023,2016-03-01(二),"天津1注,河北1注,黑龙江1注,江苏1注,江西6注,山东1注,重庆1注,河南1注,广东1注,共14注。","03,06,10,19,25,29",07,552702346,14,6248533,235,92975,1503,3000,87464,200,1576716,10
2016022,2016-02-28(日),"吉林1注,江苏2注,安徽1注,湖北1注,四川3注,共8注。","04,09,19,22,23,30",07,574633808,8,7138951,163,131224,1666,3000,80637,200,1441047,10
2016021,2016-02-25(四),"黑龙江1注,上海1注,江苏1注,贵州1注,新疆1注,共5注。","09,11,13,22,24,26",05,567576885,5,8805503,172,138281,1083,3000,58941,200,1117567,10
2016020,2016-02-23(二),"浙江2注,山东1注,共3注。","01,02,10,12,22,24",10,540251214,3,10000000,109,221318,1150,3000,52451,200,988407,10
2016019,2016-02-21(日),"北京1注,辽宁1注,吉林2注,黑龙江2注,上海1注,江苏2注,浙江6注,安徽3注,福建1注,山东4注,河南4注,湖北6注,湖南5注,广东3注,四川4注,云南1注,陕西2注,甘肃2注,深圳1注,共51注。","06,13,16,17,23,30",10,497880207,51,5193713,231,53459,4853,3000,126171,200,1625989,10
2016018,2016-02-18(四),"浙江1注,安徽1注,山东1注,四川1注,新疆1注,共5注。","12,13,14,17,21,25",04,725711885,5,8773854,81,291192,1029,3000,51325,200,1037102,10
2016017,2016-02-16(二),"内蒙古1注,江苏5注,浙江1注,江西1注,湖北1注,广东1注,贵州1注,甘肃1注,共12注。","05,06,08,20,22,30",05,698821392,12,6145307,189,90897,1514,3000,71890,200,1324486,10
2016016,2016-02-14(日),"吉林1注,黑龙江1注,安徽1注,云南2注,共5注。","01,20,22,24,25,26",16,721026255,5,8896964,91,267648,1006,3000,48339,200,961232,10
2016015,2016-02-04(四),"河北1注,浙江2注,广东1注,云南1注,共5注。","01,02,14,22,25,26",07,692442990,5,8614366,87,259652,1708,3000,58348,200,1096505,10
2016014,2016-02-02(二),"江苏40注,浙江2注,安徽1注,河南1注,广西1注,共45注。","02,08,10,18,20,27",07,667745460,45,5259960,113,129405,1982,3000,95657,200,1524660,10
2016013,2016-01-31(日),"江苏2注,山东1注,共3注。","07,12,21,22,26,31",01,860575404,3,10000000,100,299317,998,3000,54580,200,1121679,10
2016012,2016-01-28(四),"吉林1注,黑龙江1注,共2注。","07,12,14,16,27,32",15,800780176,2,10000000,87,263012,1144,3000,61131,200,1178910,10
2016011,2016-01-26(二),"辽宁1注,浙江28注,河南1注,湖北1注,湖南5注,广东1注,云南1注,陕西2注,甘肃1注,新疆2注,共43注。","03,08,10,15,22,29",12,752133812,43,5379006,232,87808,2133,3000,86312,200,1408582,10
2016010,2016-01-24(日),"辽宁3注,山东5注,四川6注,共14注。","02,04,12,14,19,25",06,922316332,14,6423339,121,205854,1284,3000,67088,200,1278780,10
2016009,2016-01-21(四),"上海1注,湖北1注,贵州1注,共3注。","10,14,24,25,27,32",04,937517775,3,10000000,71,348717,827,3000,48945,200,991696,10
2016008,2016-01-19(二),"山西1注,浙江1注,山东1注,湖北1注,湖南1注,共5注。","02,15,24,29,32,33",02,893240990,5,8931046,73,336562,1250,3000,63857,200,1196540,10
2016007,2016-01-17(日),"河北1注,山西1注,内蒙古1注,江苏1注,安徽1注,重庆1注,河南1注,广东2注,贵州1注,深圳1注,共11注。","05,12,14,20,27,29",06,864189106,11,6279407,155,113495,2746,3000,125407,200,2078955,10
2016006,2016-01-14(四),"湖北1注,新疆1注,共2注。","13,16,18,20,28,31",12,880487026,2,10000000,93,299879,941,3000,54706,200,1103775,10
2016005,2016-01-12(二),"江苏1注,福建2注,山东1注,广东1注,广西50注,甘肃1注,共56注。","11,14,18,20,31,33",14,816820648,56,5280769,55,357342,1274,3000,57419,200,1123860,10
2016004,2016-01-10(日),"浙江1注,安徽1注,河南4注,湖南1注,云南1注,陕西1注,共9注。","08,10,17,22,25,33",12,1053582237,9,7069276,299,77857,1449,3000,74464,200,1381048,10
2016003,2016-01-07(四),"辽宁1注,江苏1注,浙江3注,安徽2注,广东2注,海南1注,四川1注,甘肃1注,共12注。","01,10,14,23,26,28",01,1047367656,12,6751087,170,154507,1393,3000,68455,200,1310007,10
2016002,2016-01-05(二),"江苏1注,福建1注,山东1注,河南1注,贵州1注,共5注。","09,14,17,20,24,30",16,1049581785,5,8790536,231,102557,1432,3000,73976,200,1355966,10
2016001,2016-01-03(日),"辽宁1注,浙江1注,江西1注,湖南1注,广西1注,共5注。","06,13,16,18,20,22",13,1022461915,5,9582130,154,185963,1333,3000,78260,200,1515613,10
2015154,2015-12-31(四),"天津1注,河北1注,黑龙江1注,浙江1注,安徽1注,福建5注,广东1注,甘肃1注,深圳1注,共13注。","07,09,11,15,18,25",07,984457630,13,6389418,120,188150,1666,3000,83647,200,1536019,10
2015153,2015-12-29(二),"北京1注,辽宁2注,黑龙江1注,安徽1注,江西1注,重庆1注,河南1注,广东7注,共15注。","08,11,15,22,27,29",03,999785925,15,6165149,143,152773,1621,3000,77368,200,1457956,10
2015152,2015-12-27(日),"河北1注,内蒙古1注,辽宁1注,上海1注,安徽2注,福建5注,江西1注,湖南1注,四川1注,共14注。","11,18,19,21,29,32",12,1026723516,14,6193104,102,204699,1776,3000,80337,200,1483926,10
2015151,2015-12-24(四),"北京1注,河南1注,广东1注,四川1注,深圳1注,共5注。","05,06,08,23,31,32",11,1050789000,5,8865922,74,326513,1193,3000,63892,200,1249667,10
2015150,2015-12-22(二),"浙江1注,共1注。","01,03,08,11,29,31",13,1022632570,1,10000000,225,106234,1218,3000,74925,200,1457175,10
2015149,2015-12-20(日),"河北1注,辽宁2注,吉林1注,黑龙江1注,上海5注,江苏1注,浙江4注,安徽4注,福建1注,山东1注,重庆2注,河南1注,广东2注,广西1注,四川2注,云南5注,甘肃2注,新疆1注,深圳3注,共40注。","09,10,20,21,22,33",09,960924480,40,5301535,340,44343,3708,3000,124350,200,1783613,10
2015148,2015-12-17(四),"上海1注,江苏2注,浙江4注,安徽1注,江西2注,山东2注,河南1注,湖北1注,广东1注,四川1注,陕西1注,深圳1注,共18注。","09,13,14,22,26,27",07,1127755566,18,5603016,298,45529,3135,3000,126320,200,1830509,10
2015147,2015-12-15(二),"辽宁1注,江苏2注,福建5注,山东1注,重庆2注,湖北1注,湖南2注,广东2注,四川3注,贵州1注,云南1注,陕西1注,甘肃1注,新疆2注,深圳4注,共29注。","08,09,16,23,24,30",05,1187906265,29,5490089（含派奖172413）,181,63623,2825,3000,108884,200,1601266,10
2015146,2015-12-13(日),"上海1注,广东2注,共3注。","16,17,21,28,30,32",15,1307571540,3,15000000（含派奖5000000）,73,404824,877,3000,46268,200,999372,10
2015145,2015-12-10(四),"内蒙古1注,浙江1注,广西1注,云南10注,青海1注,共14注。","07,08,15,19,20,24",13,1248915010,14,11042866（含派奖5000000）,143,127623,1621,3000,71850,200,1268383,10
2015144,2015-12-08(二),"天津1注,黑龙江1注,浙江1注,山东1注,广东1注,广西1注,共6注。","01,04,07,15,28,32",16,1278764676,6,13347680（含派奖5000000）,110,228250,1024,3000,55778,200,1097518,10
2015143,2015-12-06(日),"天津1注,上海1注,江苏1注,浙江1注,湖北1注,云南1注,共6注。","13,15,19,20,21,32",04,1253527944,6,13732678（含派奖5000000）,75,373267,902,3000,51669,200,1058972,10
2015142,2015-12-03(四),"吉林1注,海南1注,共2注。","13,17,19,20,22,25",11,1221938746,2,15000000（含派奖5000000）,66,339541,749,3000,44678,200,922990,10
2015141,2015-12-01(二),"天津1注,黑龙江1注,江苏1注,浙江2注,广东2注,四川1注,共8注。","03,08,19,25,27,28",02,1174709536,8,11187578（含派奖5000000）,173,68646,2115,3000,108538,200,1764871,10
2015140,2015-11-29(日),"山东1注,湖北1注,湖南1注,甘肃1注,深圳1注,共5注。","06,20,28,29,30,31",12,1188582820,5,13972740（含派奖5000000）,131,189539,1466,3000,73027,200,1421897,10
2015139,2015-11-26(四),"江苏1注,浙江1注,湖北1注,湖南2注,共5注。","01,10,13,18,25,27",09,1158957645,5,11728461（含派奖5000000）,91,118712,1588,3000,80080,200,1410760,10
2015138,2015-11-24(二),"上海1注,江苏1注,福建1注,湖北3注,广东2注,新疆3注,共11注。","01,02,08,16,19,24",11,1160191307,11,11032096（含派奖5000000）,108,131401,1790,3000,82076,200,1371533,10
2015137,2015-11-22(日),"江苏1注,山东1注,共2注。","14,22,23,27,28,31",12,1183970392,2,15000000（含派奖5000000）,74,312975,1031,3000,60227,200,1171611,10
2015136,2015-11-19(四),"浙江1注,湖北1注,新疆1注,共3注。","02,05,12,23,28,29",01,1134489732,3,15000000（含派奖5000000）,183,143147,951,3000,62160,200,1241354,10
2015135,2015-11-17(二),"吉林1注,山东2注,河南1注,广西2注,共6注。","01,12,14,18,26,32",07,1085902032,6,12239746（含派奖5000000）,85,197624,1604,3000,76810,200,1359798,10
2015134,2015-11-15(日),"北京1注,浙江1注,福建1注,山东1注,共4注。","02,05,14,19,27,31",04,1078946224,4,15000000（含派奖5000000）,198,137589,1033,3000,62295,200,1199122,10
2015133,2015-11-12(四),"河北1注,浙江1注,四川1注,共3注。","02,03,13,20,22,24",15,1037218347,3,15000000（含派奖5000000）,78,325494,685,3000,42265,200,866431,10
2015132,2015-11-10(二),"河北1注,内蒙古2注,黑龙江1注,安徽1注,广东2注,共7注。","03,05,11,28,30,33",01,991052692,7,12829235（含派奖5000000）,72,343830,926,3000,52044,200,1051756,10
2015131,2015-11-08(日),"浙江5注,重庆1注,湖南1注,共7注。","10,12,13,19,22,26",03,971589906,7,12572255（含派奖5000000）,100,225072,1146,3000,65998,200,1259119,10
2015130,2015-11-05(四),"辽宁1注,安徽1注,湖北1注,四川1注,甘肃1注,共5注。","06,14,15,16,17,22",10,957074000,5,13469588（含派奖5000000）,179,121144,1275,3000,74175,200,1415866,10
2015129,2015-11-03(二),"河北1注,云南1注,共2注。","05,08,11,16,18,27",04,934367160,2,15000000（含派奖5000000）,122,177273,1699,3000,83020,200,1445303,10
2015128,2015-11-01(日),"山西1注,内蒙古1注,辽宁1注,吉林1注,浙江1注,安徽8注,福建1注,湖北1注,四川1注,陕西1注,共17注。","01,03,08,11,22,28",06,889484982,17,6078953（含派奖0）,188,121956,1785,3000,86431,200,1470606,10
2015127,2015-10-29(四),"河北1注,浙江1注,安徽1注,福建1注,湖北1注,广东6注,四川2注,贵州2注,云南1注,甘肃1注,深圳1注,共18注。","07,10,19,22,27,33",06,924043914,18,8214795（含派奖2500000）,99,162453,1418,3000,62776,200,1133632,10
2015126,2015-10-27(二),"北京1注,河北1注,吉林1注,江苏2注,浙江1注,重庆1注,广西1注,云南2注,陕西1注,共11注。","10,11,15,20,23,29",12,978661552,11,11422859（含派奖5000000）,290,67463,1559,3000,82057,200,1493703,10
2015125,2015-10-25(日),"江苏1注,安徽2注,江西1注,云南1注,陕西1注,青海1注,共7注。","05,13,22,27,30,33",10,990620057,7,7002860,69,253985,1341,3000,64546,200,1227399,10
2015124,2015-10-22(四),"北京1注,浙江1注,重庆1注,广东2注,海南1注,贵州4注,宁夏1注,共11注。","02,03,05,12,18,27",01,987064991,11,6650569,117,193977,993,3000,54249,200,1088104,10
2015123,2015-10-20(二),"江苏2注,浙江2注,福建1注,广东1注,贵州1注,陕西1注,共8注。","05,08,09,12,22,28",07,992135264,8,6960182,263,74531,1749,3000,91234,200,1545747,10
2015122,2015-10-18(日),"河北1注,内蒙古1注,辽宁1注,上海2注,浙江1注,安徽1注,江西2注,山东1注,河南1注,四川1注,云南1注,陕西1注,共14注。","05,07,11,16,22,25",07,989011240,14,5486082,178,47789,3375,3000,147241,200,2101821,10
2015121,2015-10-15(四),"吉林1注,四川2注,云南1注,共4注。","01,03,20,21,28,29",12,1040297060,4,9842976,69,350940,813,3000,44414,200,925592,10
2015120,2015-10-13(二),"浙江1注,共1注。","16,21,24,26,27,29",16,1007024322,1,10000000,136,143440,973,3000,57377,200,1152939,10
2015119,2015-10-11(日),"内蒙古1注,浙江1注,江西1注,山东1注,湖南1注,深圳1注,共6注。","02,08,10,18,23,31",08,958500564,6,7323016,112,155559,1948,3000,79205,200,1342444,10
2015118,2015-10-08(四),"北京2注,内蒙古2注,黑龙江1注,河南1注,湖南2注,广东1注,四川1注,甘肃1注,共11注。","01,04,11,21,23,31",12,950170804,11,6660657,52,439116,892,3000,46496,200,829068,10
2015117,2015-10-06(二),"天津1注,黑龙江1注,湖南1注,共3注。","04,11,12,18,26,32",12,954935922,3,10000000,85,242823,809,3000,44048,200,860136,10
2015116,2015-10-04(日),"北京1注,吉林2注,江苏1注,浙江1注,江西1注,云南1注,共7注。","04,06,15,23,26,28",11,923015828,7,7393402,153,136877,909,3000,59571,200,1268120,10
2015115,2015-10-01(四),"河北1注,辽宁2注,河南2注,四川4注,陕西1注,共10注。","01,07,08,14,24,32",03,911942840,10,5332324,114,36439,1852,3000,75893,200,1236185,10
2015114,2015-09-29(二),"河北1注,辽宁1注,黑龙江1注,上海1注,安徽2注,山东1注,河南3注,广西1注,青海1注,深圳1注,共13注。","04,07,09,13,21,26",01,952803917,13,6206821,259,75717,1729,3000,89733,200,1475947,10
2015113,2015-09-27(日),"辽宁1注,福建1注,河南1注,广西2注,四川2注,共7注。","01,05,07,08,19,27",12,974660050,7,7964833,177,146566,1438,3000,69412,200,1314518,10
2015112,2015-09-24(四),"内蒙古1注,黑龙江1注,广东2注,共4注。","01,03,10,19,20,27",11,952587008,4,8273625,126,129905,1713,3000,81430,200,1360952,10
2015111,2015-09-22(二),"河北1注,内蒙古2注,辽宁1注,湖南1注,广西1注,贵州1注,共7注。","08,14,16,18,20,30",12,936577124,7,7615667,142,161176,1061,3000,57434,200,1139592,10
2015110,2015-09-20(日),"上海1注,江苏1注,浙江2注,福建1注,山东1注,四川1注,云南1注,新疆3注,共11注。","05,07,16,17,22,23",04,921225536,11,6534179,189,111613,1972,3000,86690,200,1540318,10
2015109,2015-09-17(四),"辽宁1注,山东1注,贵州1注,云南2注,青海1注,深圳1注,共7注。","01,08,09,16,32,33",13,929816615,7,7968426,132,196770,921,3000,50911,200,1004850,10
2015108,2015-09-15(二),"江苏1注,浙江1注,安徽2注,广东1注,四川1注,云南1注,陕西1注,宁夏1注,共9注。","02,12,19,22,24,27",15,907674399,9,6645746,136,136137,1748,3000,86142,200,1463660,10
2015107,2015-09-13(日),"黑龙江1注,浙江1注,江西1注,湖北1注,四川1注,云南1注,深圳1注,共7注。","07,14,16,18,21,25",08,911942185,7,6913101,96,174371,1707,3000,74683,200,1303763,10
2015106,2015-09-10(四),"辽宁1注,浙江1注,江西1注,广东1注,青海1注,深圳1注,共6注。","01,03,04,23,31,32",13,910114980,6,7715174,84,242426,1237,3000,51849,200,959581,10
2015105,2015-09-08(二),"辽宁1注,吉林1注,江苏2注,山东2注,河南1注,湖北1注,广东2注,四川2注,共12注。","09,10,16,19,20,26",12,895314612,12,6067588,180,88965,1934,3000,86838,200,1459258,10
2015104,2015-09-06(日),共0注。,"09,18,21,23,25,26",01,920084183,0,0,87,317906,828,3000,49090,200,1107614,10
2015103,2015-09-03(四),"天津1注,浙江1注,山东1注,共3注。","06,08,13,26,30,32",14,837110700,3,9692574,138,127515,1315,3000,67342,200,1249464,10
2015102,2015-09-01(二),"内蒙古1注,江苏1注,浙江1注,广东1注,云南1注,共5注。","07,09,12,14,21,23",06,813396960,5,6521873,107,88894,1860,3000,87627,200,1519294,10
2015101,2015-08-30(日),"浙江2注,山东1注,河南1注,广东1注,广西1注,甘肃1注,深圳1注,共8注。","08,16,22,24,28,29",05,817471200,8,6617853,133,121643,2366,3000,109230,200,1791784,10
2015100,2015-08-27(四),"北京1注,福建1注,共2注。","02,03,11,17,19,21",08,821878422,2,10000000,107,154789,1725,3000,75620,200,1323448,10
2015099,2015-08-25(二),"北京1注,内蒙古1注,辽宁1注,浙江1注,云南1注,共5注。","06,07,10,11,14,22",09,792191150,5,6792739,91,123127,1852,3000,88452,200,1519445,10
2015098,2015-08-23(日),"河北1注,贵州1注,陕西1注,共3注。","06,09,13,26,27,33",01,792540978,3,10000000,145,187136,814,3000,46200,200,954499,10
2015097,2015-08-20(四),"河北1注,辽宁1注,吉林1注,浙江3注,福建1注,湖南1注,海南1注,云南1注,深圳1注,共11注。","09,12,14,20,26,27",04,741136594,11,6333323,827,22168,2244,3000,100867,200,1597241,10
2015096,2015-08-18(二),"上海1注,浙江1注,安徽1注,山东2注,河南1注,湖北3注,云南1注,共10注。","06,16,17,23,24,31",07,755803560,10,6195096,100,149387,1621,3000,66248,200,1106862,10
2015095,2015-08-16(日),"浙江1注,云南1注,陕西2注,青海1注,共5注。","04,15,21,28,30,31",04,772938425,5,8725465,76,306370,909,3000,50844,200,982043,10
2015094,2015-08-13(四),"吉林2注,山东2注,广东1注,共5注。","01,04,06,13,16,17",10,746713280,5,7135415,85,157015,1543,3000,76404,200,1345187,10
2015093,2015-08-11(二),"上海1注,山东1注,深圳2注,共4注。","01,03,13,21,25,31",08,742351320,4,7438046,97,125672,1322,3000,65694,200,1169922,10
2015092,2015-08-09(日),"上海1注,浙江2注,重庆1注,广西1注,共5注。","09,15,19,21,26,27",01,735532810,5,9035361,359,70253,987,3000,67505,200,1358307,10
2015091,2015-08-06(四),"福建1注,广东2注,广西1注,共4注。","05,07,17,19,22,31",11,705046588,4,9088608,105,194695,1122,3000,53360,200,1042572,10
2015090,2015-08-04(二),"山东1注,新疆1注,共2注。","10,12,14,22,25,33",15,680071900,2,10000000,50,499546,558,3000,31431,200,724261,10
2015089,2015-08-02(日),"湖北1注,陕西1注,深圳1注,共3注。","12,14,19,27,28,29",01,625139856,3,10000000,94,258676,871,3000,42269,200,924263,10
2015088,2015-07-30(四),"山西1注,山东1注,河南10注,广东1注,共13注。","02,12,20,24,29,31",09,582193066,13,6015726,41,402574,1441,3000,55112,200,1022282,10
2015087,2015-07-28(二),"贵州1注,共1注。","09,15,16,19,20,28",11,610880852,1,10000000,136,132818,1399,3000,66025,200,1192732,10
2015086,2015-07-26(日),"山西1注,黑龙江2注,湖南1注,广东1注,贵州1注,共6注。","05,06,08,16,18,22",12,566691000,6,7078639,115,135563,1726,3000,81522,200,1452114,10
2015085,2015-07-23(四),"湖北1注,广西1注,甘肃1注,共3注。","02,08,25,27,28,29",05,562393449,3,10000000,100,225652,799,3000,46003,200,896327,10
2015084,2015-07-21(二),"安徽1注,湖北1注,共2注。","15,18,20,22,28,29",15,524697570,2,10000000,69,313379,836,3000,45063,200,874427,10
2015083,2015-07-19(日),"天津1注,内蒙古1注,上海1注,江苏1注,浙江1注,湖北1注,贵州8注,陕西2注,宁夏1注,共17注。","06,07,16,18,29,32",05,479827975,17,5885655,235,80085,1620,3000,87665,200,1555877,10
2015082,2015-07-16(四),"浙江1注,山东2注,湖北2注,四川1注,共6注。","02,08,09,14,28,30",07,523423566,6,6293747,97,100032,2223,3000,86945,200,1392367,10
2015081,2015-07-14(二),"北京1注,河北2注,湖南1注,四川2注,共6注。","13,20,22,26,28,31",13,532076736,6,7344875,62,283654,992,3000,45265,200,881682,10
2015080,2015-07-12(日),"上海1注,江苏1注,浙江1注,湖南1注,广西1注,四川1注,共6注。","14,17,25,27,28,30",02,523386294,6,8449609,122,212066,684,3000,43898,200,990619,10
2015079,2015-07-09(四),"浙江1注,福建2注,江西1注,山东2注,河南4注,湖南1注,广东2注,海南1注,四川3注,宁夏1注,共18注。","09,14,15,20,26,32",11,496467738,18,5184871,157,26494,2895,3000,101879,200,1472397,10
2015078,2015-07-07(二),"山东2注,甘肃1注,共3注。","03,07,20,22,26,29",02,577316625,3,10000000,139,152281,907,3000,58412,200,1196621,10
2015077,2015-07-05(日),"广东1注,贵州2注,共3注。","01,06,08,10,13,27",16,543815196,3,10000000,63,423405,677,3000,41654,200,881121,10
2015076,2015-07-02(四),"北京1注,河北1注,辽宁2注,江苏1注,浙江3注,福建1注,江西1注,山东1注,河南1注,湖南3注,贵州1注,新疆1注,共17注。","01,09,10,19,23,27",09,493791571,17,5282081,167,35893,2903,3000,112586,200,1646475,10
2015075,2015-06-30(二),"江苏1注,重庆1注,共2注。","06,11,13,19,21,32",04,565604258,2,10000000,88,274170,748,3000,42531,200,916484,10
2015074,2015-06-28(日),"浙江1注,四川1注,共2注。","04,07,21,25,26,29",08,513223352,2,10000000,79,261460,1332,3000,64594,200,1224396,10
2015073,2015-06-25(四),"江苏2注,浙江1注,湖北1注,四川1注,共5注。","01,02,17,22,26,27",04,471257280,5,8090468,103,187528,1512,3000,64120,200,1110543,10
2015072,2015-06-23(二),"江苏1注,福建3注,湖南1注,共5注。","01,03,05,20,21,31",05,453763345,5,7815743,82,214614,1022,3000,53337,200,952196,10
2015071,2015-06-21(日),"北京2注,吉林1注,江苏3注,浙江1注,安徽3注,广东4注,共14注。","08,18,20,28,29,31",08,440046866,14,5327923,121,47426,3562,3000,126439,200,1744852,10
2015070,2015-06-18(四),"北京1注,河北1注,上海1注,山东1注,广东1注,共5注。","01,07,13,19,21,29",15,497421825,5,8752485,105,223362,977,3000,49974,200,1025342,10
2015069,2015-06-16(二),"黑龙江1注,江苏4注,湖北1注,广东1注,广西1注,共8注。","01,13,17,18,23,30",15,470825144,8,7071611,108,191815,1213,3000,56591,200,1062501,10
2015068,2015-06-14(日),"辽宁1注,浙江1注,安徽1注,山东1注,四川1注,贵州2注,西藏1注,共8注。","06,15,18,21,26,27",10,465249696,8,7021659,188,107535,1509,3000,77972,200,1377268,10
2015067,2015-06-11(四),"福建1注,重庆10注,四川2注,共13注。","02,05,08,24,25,31",14,460773196,13,6415492,163,141115,872,3000,49828,200,1006585,10
2015066,2015-06-09(二),"北京1注,浙江3注,新疆1注,共5注。","05,08,11,17,24,28",16,475169355,5,8176228,255,77848,1239,3000,72273,200,1315663,10
2015065,2015-06-07(日),"福建3注,江西1注,广东3注,共7注。","08,10,14,19,26,29",12,456496222,7,7823453,127,194529,993,3000,61086,200,1260765,10
2015064,2015-06-04(四),"辽宁1注,黑龙江1注,江西1注,山东1注,重庆1注,河南1注,深圳1注,共7注。","11,12,14,17,23,27",01,437144743,7,7430580,163,130475,1341,3000,72313,200,1361586,10
2015063,2015-06-02(二),"河北1注,浙江1注,湖北2注,湖南1注,四川1注,云南1注,共7注。","01,07,09,16,22,32",12,425356078,7,7072680,183,99103,1465,3000,64270,200,1089509,10
2015062,2015-05-31(日),"北京1注,黑龙江1注,共2注。","09,14,15,18,21,26",16,420456986,2,10000000,88,280083,856,3000,48384,200,988314,10
2015061,2015-05-28(四),"河北1注,上海1注,江苏1注,共3注。","06,18,22,26,32,33",04,366514881,3,10000000,82,289341,767,3000,41903,200,845013,10
2015060,2015-05-26(二),"山西1注,辽宁1注,浙江1注,湖北2注,共5注。","01,03,18,27,31,32",13,325336905,5,7855899,76,234860,877,3000,49789,200,962963,10
2015059,2015-05-24(日),"山东1注,湖北1注,宁夏1注,共3注。","02,06,09,16,25,32",14,311068287,3,10000000,64,446676,627,3000,40764,200,875752,10
2015058,2015-05-21(四),"辽宁1注,上海1注,江苏1注,江西1注,湖南2注,广东1注,深圳2注,共9注。","02,09,10,18,19,20",15,255306348,9,6861751,229,91461,1392,3000,71291,200,1247877,10
2015057,2015-05-19(二),"河南1注,云南1注,宁夏1注,新疆1注,共4注。","09,20,24,25,26,32",04,254227996,4,9523674,69,327802,879,3000,45904,200,939499,10
2015056,2015-05-17(日),"安徽1注,湖南5注,广西1注,共7注。","01,07,08,16,18,20",14,224467579,7,7629173,120,191710,1013,3000,54439,200,1114748,10
2015055,2015-05-14(四),"北京1注,黑龙江1注,海南2注,甘肃2注,共6注。","01,10,15,18,19,28",02,208855998,6,7550060,102,187504,1531,3000,69172,200,1236656,10
2015054,2015-05-12(二),"辽宁1注,浙江1注,山东1注,河南3注,广东2注,甘肃1注,深圳1注,共10注。","01,02,07,10,22,26",07,196780010,10,6362719,82,207731,1068,3000,57775,200,1053818,10
2015053,2015-05-10(日),"黑龙江2注,上海1注,安徽3注,福建1注,河南1注,陕西1注,共9注。","03,07,17,22,32,33",10,209305224,9,7062590,265,87562,1306,3000,64727,200,1177047,10
2015052,2015-05-07(四),"北京1注,河北1注,辽宁1注,上海1注,浙江5注,山东2注,湖北1注,湖南1注,广东1注,云南1注,陕西1注,甘肃1注,共17注。","02,04,11,16,25,26",12,203256114,17,5756703,85,189175,1759,3000,76691,200,1312696,10
2015051,2015-05-05(二),"山东2注,陕西1注,共3注。","04,10,24,26,28,32",09,252880206,3,9394471,107,154011,1493,3000,75965,200,1350021,10
2015050,2015-05-03(日),"黑龙江1注,浙江1注,广东1注,云南1注,共4注。","03,09,12,16,17,31",04,231625820,4,8472759,82,211753,1312,3000,63068,200,1156946,10
2015049,2015-04-30(四),"河北1注,安徽1注,山东5注,广东2注,共9注。","07,12,14,17,20,23",05,213425469,9,6471007,83,199383,1267,3000,63779,200,1173021,10
2015048,2015-04-28(二),"浙江10注,湖南1注,广东2注,共13注。","13,16,17,22,25,27",10,222018030,13,5759356,61,202287,1310,3000,71645,200,1304390,10
2015047,2015-04-26(日),"北京1注,江苏2注,浙江3注,福建4注,广东2注,共12注。","02,03,20,24,26,27",09,259871028,12,5599825,68,132314,1706,3000,90556,200,1648549,10
2015046,2015-04-23(四),"吉林1注,福建1注,共2注。","05,07,10,14,23,31",01,300076800,2,10000000,81,310399,903,3000,47334,200,983994,10
2015045,2015-04-21(二),"江苏1注,安徽1注,山东1注,四川1注,贵州1注,共5注。","01,05,13,22,30,31",07,244649655,5,7425169,110,137793,1717,3000,74157,200,1283582,10
2015044,2015-04-19(日),"北京1注,天津1注,内蒙古1注,黑龙江1注,上海2注,江苏2注,浙江16注,福建1注,江西2注,山东3注,湖北2注,湖南1注,广东3注,广西1注,云南2注,陕西1注,甘肃1注,深圳3注,共44注。","02,03,04,13,14,16",02,236303584,44,5156691,170,50694,4612,3000,150325,200,2158051,10
2015043,2015-04-16(四),"江苏1注,广西10注,共11注。","11,12,15,24,26,27",15,437343962,11,6547831,66,322464,1377,3000,65602,200,1224699,10
2015042,2015-04-14(二),"北京1注,河北1注,内蒙古1注,辽宁2注,上海1注,江苏5注,山东1注,湖南3注,广东1注,广西1注,四川1注,共18注。","09,10,19,21,23,32",08,445522068,18,5598638,138,97604,2630,3000,105899,200,1695189,10
2015041,2015-04-12(日),"北京1注,天津3注,河北2注,上海2注,江苏1注,浙江1注,福建1注,山东2注,湖南1注,广东1注,宁夏1注,深圳1注,共17注。","04,09,11,17,21,25",06,505889468,17,5645612,226,60704,3130,3000,130528,200,1957119,10
2015040,2015-04-09(四),"上海1注,山东1注,湖北1注,深圳1注,共4注。","13,16,18,27,30,32",16,560707072,4,9819869,54,446284,915,3000,50742,200,1050194,10
2015039,2015-04-07(二),"内蒙古1注,吉林1注,浙江1注,安徽1注,湖南1注,广西1注,海南1注,共7注。","01,13,15,26,29,30",12,527688511,7,7136054,85,219887,1123,3000,61462,200,1173516,10
2015038,2015-04-05(日),"海南1注,共1注。","05,06,11,12,14,33",14,521569463,1,10000000,81,307915,1054,3000,48596,200,985261,10
2015037,2015-04-02(四),共0注。,"05,07,12,18,28,31",03,456745930,0,0,232,102953,926,3000,64522,200,1312453,10
2015036,2015-03-31(二),"上海1注,江苏1注,湖北1注,四川1注,甘肃1注,共5注。","04,06,16,17,26,33",03,385090460,5,8932993,122,201485,984,3000,52202,200,1029149,10
2015035,2015-03-29(日),"山西1注,辽宁2注,江苏1注,浙江3注,重庆1注,湖北1注,广东3注,陕西1注,共13注。","01,08,09,22,24,33",03,356011799,13,6360697,226,97837,1743,3000,81828,200,1447398,10
2015034,2015-03-26(四),"江苏1注,安徽1注,湖北1注,广东1注,云南1注,共5注。","12,13,17,18,20,27",13,372366860,5,8430978,201,106684,1431,3000,79449,200,1463997,10
2015033,2015-03-24(二),"云南2注,共2注。","03,06,21,29,31,32",05,350190906,2,10000000,93,169838,1502,3000,81349,200,1438796,10
2015032,2015-03-22(日),"内蒙古1注,江苏1注,河南1注,湖南1注,甘肃2注,共6注。","11,14,16,18,29,32",16,322806048,6,8138892,98,240221,894,3000,49166,200,1008766,10
2015031,2015-03-19(四),"内蒙古1注,浙江5注,安徽1注,河南1注,四川1注,云南1注,共10注。","01,05,07,22,26,32",11,301014330,10,6554899,113,172002,1013,3000,51573,200,993315,10
2015030,2015-03-17(二),"浙江1注,安徽3注,江西1注,陕西1注,共6注。","08,11,14,15,16,26",07,308254584,6,7887970,104,208267,1097,3000,60303,200,1151042,10
2015029,2015-03-15(日),"浙江1注,重庆1注,河南1注,湖南1注,新疆2注,深圳1注,共7注。","07,14,15,19,21,28",07,290603075,7,7243174,109,180071,1757,3000,84782,200,1390344,10
2015028,2015-03-12(四),"辽宁1注,安徽1注,重庆1注,湖北1注,广东1注,海南1注,四川2注,共8注。","04,07,10,26,27,28",14,282421976,8,7403315,292,82305,1343,3000,68447,200,1202707,10
2015027,2015-03-10(二),"辽宁2注,吉林3注,黑龙江1注,江苏1注,浙江1注,安徽1注,福建1注,山东1注,重庆2注,河南6注,湖南1注,广东3注,云南2注,青海1注,共26注。","05,07,09,16,26,29",07,269549046,26,5000000,147,6000,4795,3000,168093,200,2296332,10
2015026,2015-03-08(日),"北京3注,河北1注,山西2注,重庆1注,广东6注,四川2注,陕西1注,共16注。","02,13,17,21,22,33",13,399549056,16,6166894,131,178151,1384,3000,72341,200,1305961,10
2015025,2015-03-05(四),共0注。,"10,11,12,15,27,32",14,428205689,0,0,89,249092,1107,3000,55727,200,1118848,10
2015024,2015-03-03(二),"河北1注,山西1注,上海1注,浙江1注,湖南2注,共6注。","09,11,16,18,23,24",10,361697874,6,7884587,83,260655,1276,3000,56809,200,1090265,10
2015023,2015-03-01(日),"辽宁1注,吉林3注,山东2注,重庆2注,云南1注,共9注。","08,09,10,13,29,30",01,344102175,9,7263666,297,85744,1939,3000,97922,200,1751202,10
2015022,2015-02-26(四),"天津1注,上海5注,浙江1注,共7注。","04,07,10,16,23,25",10,333076429,7,7943574,242,106430,2234,3000,101325,200,1695908,10
2015021,2015-02-17(二),"北京1注,河北2注,辽宁1注,浙江1注,江西2注,山东2注,重庆3注,湖北1注,广东1注,四川1注,云南1注,共16注。","14,15,16,17,27,28",08,311412624,16,5736340,147,100182,2693,3000,114434,200,1816198,10
2015020,2015-02-15(日),"辽宁2注,上海2注,江西1注,山东1注,湖南1注,共7注。","01,04,07,19,22,23",04,359013634,7,7958367,175,147918,1866,3000,92224,200,1673679,10
2015019,2015-02-12(四),"北京1注,内蒙古1注,辽宁6注,重庆3注,广西1注,共12注。","02,06,11,19,25,26",04,337065060,12,6636421,213,115240,1679,3000,83529,200,1509529,10
2015018,2015-02-10(二),"北京1注,天津1注,河北1注,上海1注,浙江2注,安徽1注,湖北1注,广东1注,广西1注,共10注。","06,09,12,14,28,29",09,343063140,10,6306199,207,78876,2568,3000,117360,200,1918247,10
2015017,2015-02-08(日),"北京1注,福建5注,广东1注,共7注。","13,18,20,25,27,33",12,357142667,7,8393437,73,406747,966,3000,56604,200,1168878,10
2015016,2015-02-05(四),"内蒙古3注,江苏3注,浙江1注,福建1注,山东1注,广西1注,共10注。","02,06,10,15,17,31",13,326819010,10,6855593,96,241613,1631,3000,82945,200,1519008,10
2015015,2015-02-03(二),"黑龙江1注,上海1注,浙江1注,山东1注,云南1注,陕西1注,共6注。","01,07,20,24,25,33",04,325790184,6,8041259,94,242653,1310,3000,64552,200,1258129,10
2015014,2015-02-01(日),"北京1注,天津3注,河北2注,山西1注,内蒙古1注,辽宁4注,吉林1注,黑龙江1注,上海4注,江苏4注,浙江14注,江西2注,山东3注,重庆3注,河南1注,湖北3注,湖南3注,广东6注,广西1注,云南2注,陕西6注,甘肃1注,新疆1注,深圳4注,共72注。","02,12,16,19,27,30",11,305609400,72,5079945,634,11348,8550,3000,243341,200,2859218,10
2015013,2015-01-29(四),"北京1注,天津1注,辽宁1注,吉林2注,安徽2注,山东2注,湖北1注,广东1注,四川1注,共12注。","08,09,24,25,26,29",01,649780284,12,6841461,155,178205,1317,3000,72837,200,1457132,10
2015012,2015-01-27(二),"天津1注,山西1注,辽宁1注,上海9注,安徽1注,福建1注,山东2注,重庆2注,广东1注,四川1注,云南1注,共21注。","03,05,22,23,29,31",06,649012056,21,5752465,91,217057,1813,3000,82638,200,1475069,10
2015011,2015-01-25(日),"江苏1注,福建1注,河南1注,广东1注,深圳1注,共5注。","04,14,15,17,18,20",15,710557160,5,12000000（含派奖2000000）,100,365932,1245,3000,62626,200,1284432,10
2015010,2015-01-22(四),"北京1注,辽宁1注,吉林1注,重庆2注,四川1注,青海1注,共7注。","01,02,03,08,21,31",09,650777351,7,8682598（含派奖1428571）,78,252855,1644,3000,87365,200,1619368,10
2015009,2015-01-20(二),"北京1注,天津1注,浙江2注,安徽1注,山东1注,重庆1注,广东2注,广西1注,四川2注,深圳1注,共13注。","04,07,14,17,21,25",14,642387330,13,7600598（含派奖769230）,171,174033,1687,3000,79640,200,1378947,10
2015008,2015-01-18(日),"天津1注,河北1注,山西1注,江苏1注,湖北2注,共6注。","04,07,10,16,20,22",03,641915910,6,10114138（含派奖1666666）,146,177096,1775,3000,90410,200,1672987,10
2015007,2015-01-15(四),"天津3注,湖南1注,广东2注,广西1注,深圳1注,共8注。","01,07,09,17,20,33",08,615032608,8,8148741（含派奖1250000）,96,197785,1675,3000,83479,200,1524644,10
2015006,2015-01-13(二),"上海1注,河南1注,广东1注,陕西2注,宁夏2注,共7注。","01,10,11,29,31,33",13,613260305,7,9466873（含派奖1428571）,156,170417,1171,3000,67200,200,1285696,10
2015005,2015-01-11(日),"北京1注,天津1注,内蒙古1注,重庆1注,湖北1注,甘肃1注,新疆1注,共7注。","07,10,16,17,18,32",15,589772988,7,10254852（含派奖1428571）,142,235774,1383,3000,72464,200,1429891,10
2015004,2015-01-08(四),"辽宁2注,安徽1注,广东1注,广西1注,共5注。","02,14,15,16,23,24",10,551117080,5,10408414（含派奖2000000）,84,253602,1485,3000,70216,200,1308032,10
2015003,2015-01-06(二),"内蒙古1注,上海1注,浙江1注,江西1注,湖南1注,共5注。","10,15,20,23,24,31",15,529251380,5,10593703（含派奖2000000）,98,229190,1344,3000,66738,200,1239828,10
2015002,2015-01-04(日),"天津2注,河北1注,山西2注,浙江1注,湖北3注,湖南2注,新疆1注,深圳1注,共13注。","07,15,16,25,28,32",05,504837957,13,7372062（含派奖769230）,152,171355,2094,3000,91955,200,1596960,10
2015001,2015-01-01(四),"北京1注,黑龙江1注,上海2注,湖南1注,广东1注,海南1注,青海1注,共8注。","01,07,09,16,20,23",06,512536696,8,8455559（含派奖1250000）,125,176444,1915,3000,88485,200,1603348,10
2014152,2014-12-30(二),"河北1注,辽宁1注,吉林1注,上海1注,江西5注,河南1注,广东2注,共12注。","08,13,15,20,21,25",12,504014400,12,7133222（含派奖833333）,99,196953,1822,3000,85032,200,1566491,10
2014151,2014-12-28(日),"天津1注,河北2注,吉林1注,江苏2注,浙江2注,山东1注,重庆1注,广东1注,广西2注,共13注。","04,05,08,11,21,27",08,521118039,13,6578931（含派奖769230）,195,67475,4428,3000,178213,200,2621748,10
2014150,2014-12-25(四),"山西1注,内蒙古1注,辽宁1注,上海1注,安徽1注,山东1注,河南1注,湖南1注,陕西1注,共9注。","03,08,14,22,24,32",09,557171217,9,7717144（含派奖1111111）,161,112222,2594,3000,117832,200,1932583,10
2014149,2014-12-23(二),"上海2注,共2注。","07,09,10,15,19,33",01,562421886,2,15000000（含派奖5000000）,154,222360,871,3000,52445,200,1180049,10
2014148,2014-12-21(日),"河北2注,吉林1注,上海1注,江西1注,广东1注,广西1注,四川1注,新疆1注,共9注。","01,02,05,12,15,16",13,479691558,9,8710675（含派奖1111111）,133,219887,1178,3000,69058,200,1412144,10
2014147,2014-12-18(四),"内蒙古1注,湖北1注,广东1注,广西1注,共4注。","06,07,22,26,31,32",10,460352344,4,12241950（含派奖2500000）,93,254943,1276,3000,69227,200,1305569,10
2014146,2014-12-16(二),"内蒙古1注,上海2注,共3注。","01,06,13,20,29,32",01,428190888,3,13333333（含派奖3333333）,100,329347,771,3000,46420,200,993402,10
2014145,2014-12-14(日),"北京1注,辽宁2注,江苏1注,山东1注,湖南1注,广东2注,四川1注,共9注。","10,12,13,23,26,29",11,359386704,9,8297945（含派奖1111111）,142,173252,1901,3000,91602,200,1593604,10
2014144,2014-12-11(四),"河北1注,浙江1注,山东1注,湖南2注,深圳1注,共6注。","03,05,06,09,10,27",14,350262546,6,10122305（含派奖1666666）,191,135692,1394,3000,81349,200,1633184,10
2014143,2014-12-09(二),"北京5注,山西6注,吉林1注,海南1注,四川1注,共14注。","03,12,18,20,25,26",16,323244502,14,6998852（含加奖714285）,197,114111,2460,3000,105256,200,1811385,10
2014142,2014-12-07(日),"黑龙江1注,安徽1注,重庆1注,湖南1注,深圳1注,共5注。","06,21,22,23,25,28",13,343788680,5,12000000（含加奖2000000）,100,318025,1190,3000,59760,200,1262272,10
2014141,2014-12-04(四),"北京12注,黑龙江1注,江苏1注,浙江3注,江西2注,广东1注,西藏1注,陕西1注,共22注。","08,09,11,16,21,24",10,298381028,22,6335444（含加奖454545）,168,144194,1522,3000,78756,200,1495102,10
2014140,2014-12-02(二),"内蒙古1注,黑龙江1注,江苏1注,浙江1注,西藏1注,共5注。","06,10,11,14,17,33",06,355086600,5,9914504（含加奖2000000）,102,178584,1667,3000,83750,200,1465997,10
2014139,2014-11-30(日),"上海2注,浙江2注,重庆1注,广东2注,四川2注,陕西1注,共10注。","01,14,15,20,25,29",11,340012160,10,8062601（含加奖1000000）,102,252769,1412,3000,78970,200,1484741,10
2014138,2014-11-27(四),"河北1注,黑龙江1注,重庆1注,河南1注,广东1注,共5注。","04,06,13,29,31,33",13,333290635,5,11482317（含加奖2000000）,126,222337,1246,3000,62571,200,1173274,10
2014137,2014-11-25(二),"北京2注,天津1注,山西1注,辽宁2注,黑龙江1注,上海1注,江苏2注,浙江1注,河南2注,湖北1注,云南5注,陕西5注,宁夏1注,新疆1注,深圳1注,共27注。","03,06,09,11,25,29",09,296658774,27,5906822（含加奖555555）,223,53162,4268,3000,153978,200,2174683,10
2014136,2014-11-23(日),"黑龙江1注,共1注。","03,16,19,27,31,32",10,405577188,1,15000000（含加奖5000000）,112,247269,1520,3000,83851,200,1681997,10
2014135,2014-11-20(四),"北京1注,江苏1注,重庆1注,广东1注,共4注。","02,04,11,13,25,33",01,332494676,4,12500000（含加奖2500000）,210,147183,926,3000,57191,200,1191886,10
2014134,2014-11-18(二),"山西1注,江苏1注,山东1注,重庆1注,湖北1注,陕西1注,深圳1注,共7注。","05,16,22,23,26,28",02,279769385,7,10031378（含加奖1428571）,124,254230,818,3000,49819,200,1031768,10
2014133,2014-11-16(日),"北京1注,浙江1注,江西1注,陕西1注,共4注。","13,14,16,23,30,31",13,245415332,4,12006712（含加奖2500000）,125,180268,1696,3000,89455,200,1618343,10
2014132,2014-11-13(四),"辽宁3注,河南1注,云南1注,共5注。","05,06,14,15,18,33",08,215841500,5,9132195（含加奖2000000）,81,164521,1759,3000,89921,200,1606910,10
2014131,2014-11-11(二),"北京1注,内蒙古1注,黑龙江1注,江苏1注,江西2注,云南1注,共7注。","05,17,21,22,28,32",14,211523816,7,10041712（含加奖1428571）,211,149834,1318,3000,69165,200,1338416,10
2014130,2014-11-09(日),"福建1注,广东1注,四川1注,共3注。","01,02,10,24,30,33",10,176970840,3,13333333（含加奖3333333）,77,344673,1369,3000,68267,200,1282919,10
2014129,2014-11-06(四),"河北1注,辽宁1注,浙江1注,福建1注,湖南1注,海南1注,深圳1注,共7注。","05,08,09,20,28,32",02,127351182,7,6428571（含加奖1428571）,207,120794,1582,3000,83951,200,1568779,10
2014128,2014-11-04(二),"辽宁1注,吉林2注,福建1注,重庆1注,河南1注,湖南1注,广西1注,贵州1注,宁夏1注,共10注。","05,07,08,17,18,24",14,87337680,10,6000000（含加奖1000000）,180,122362,2449,3000,89210,200,1631948,10
2014127,2014-11-02(日),"天津1注,河北1注,吉林1注,黑龙江1注,江苏1注,安徽2注,湖北1注,广东1注,贵州1注,陕西4注,深圳1注,共15注。","02,10,12,21,23,27",12,71262030,15,5666666（含加奖666666）,189,94735,2512,3000,105324,200,1773966,10
2014126,2014-10-30(四),"河北1注,山西6注,内蒙古2注,黑龙江1注,上海2注,江西2注,山东1注,重庆2注,河南2注,湖北1注,广东1注,四川5注,新疆2注,共28注。","06,11,16,17,22,27",01,92547000,28,6067086（含加奖357142）,425,58466,1854,3000,84348,200,1420149,10
2014125,2014-10-28(二),"黑龙江1注,山东1注,重庆1注,河南1注,广东1注,共5注。","10,11,15,26,31,32",06,177881270,5,10893985（含加奖2000000）,84,289731,1201,3000,61459,200,1205106,10
2014124,2014-10-26(日),"浙江1注,广东1注,广西1注,共3注。","02,17,20,24,31,33",04,149338971,3,8333333（含加奖3333333）,72,452439,949,3000,52565,200,1099654,10
2014123,2014-10-23(四),"河北4注,江苏7注,浙江2注,江西2注,重庆2注,河南2注,湖北5注,广西1注,四川5注,新疆1注,共31注。","01,06,11,17,28,33",05,66611994,31,5504877,447,43767,2335,3000,86030,200,1312289,10
2014122,2014-10-21(二),"内蒙古1注,上海1注,江苏3注,浙江2注,重庆2注,湖北3注,广东1注,甘肃1注,宁夏1注,深圳1注,共16注。","06,09,11,16,20,29",11,178571232,16,5951266,156,121957,2333,3000,101054,200,1637257,10
2014121,2014-10-19(日),"河北1注,内蒙古3注,吉林1注,黑龙江1注,浙江2注,安徽1注,山东1注,湖北1注,广西2注,贵州1注,宁夏1注,共15注。","01,02,13,22,28,30",09,216715500,15,6326521,265,93857,2233,3000,95279,200,1617362,10
2014120,2014-10-16(四),"北京1注,内蒙古2注,上海1注,江苏1注,浙江1注,江西1注,山东1注,河南10注,广东4注,广西1注,共23注。","01,07,12,16,23,28",04,236996485,23,5924705,375,70894,1964,3000,90510,200,1599524,10
2014119,2014-10-14(二),"内蒙古1注,上海4注,江苏1注,安徽1注,江西1注,山东1注,河南2注,广东2注,四川1注,云南1注,陕西1注,共16注。","06,13,17,20,26,29",09,293508896,16,5570537,138,82686,2891,3000,117161,200,1802157,10
2014118,2014-10-12(日),"北京1注,天津1注,河北1注,内蒙古5注,黑龙江1注,江苏1注,山东1注,河南1注,广东2注,青海1注,共15注。","05,07,15,18,26,30",03,348405240,15,6427135,328,81581,2273,3000,100809,200,1756790,10
2014117,2014-10-09(四),"河北1注,内蒙古1注,浙江1注,江西1注,山东2注,湖北1注,广东1注,四川1注,共9注。","05,10,17,25,28,29",04,364535919,9,7417293,316,86058,1417,3000,73888,200,1411754,10
2014116,2014-10-07(二),"浙江2注,福建1注,重庆4注,云南1注,共8注。","09,10,14,15,19,29",16,349707904,8,7738382,178,153841,1095,3000,64983,200,1368684,10
2014115,2014-10-05(日),"北京1注,山西101注,黑龙江1注,上海2注,安徽1注,山东1注,共107注。","01,09,10,11,13,32",03,329463486,107,5206826,176,157176,1224,3000,71491,200,1342439,10
2014114,2014-10-02(四),"内蒙古1注,吉林1注,江西1注,贵州1注,共4注。","02,07,23,30,32,33",10,803604936,4,7655494,64,207460,1549,3000,76268,200,1350027,10
2014113,2014-09-30(二),"辽宁1注,上海1注,共2注。","12,14,28,31,32,33",07,794394502,2,10000000,61,329010,1154,3000,66803,200,1303269,10
2014112,2014-09-28(日),"北京1注,天津1注,河北4注,辽宁2注,重庆1注,河南1注,湖北1注,湖南1注,四川2注,云南1注,新疆1注,共16注。","01,15,16,21,24,30",03,754185552,16,5556035,150,74138,2830,3000,124316,200,1984273,10
2014111,2014-09-25(四),"吉林1注,上海1注,浙江1注,深圳2注,共5注。","02,08,17,20,22,28",02,809720000,5,10000000,86,386831,1266,3000,59579,200,1157710,10
2014110,2014-09-23(二),"山东1注,重庆1注,广东1注,陕西1注,共4注。","01,08,11,13,19,30",06,759917456,4,9300795,143,150377,1913,3000,92867,200,1669011,10
2014109,2014-09-21(日),"上海1注,江苏1注,福建1注,江西1注,广西1注,四川1注,新疆10注,共16注。","02,05,11,15,19,28",02,732608704,16,6744502,304,114769,1491,3000,77457,200,1604097,10
2014108,2014-09-18(四),"北京2注,天津2注,河北1注,黑龙江1注,江苏1注,江西2注,重庆1注,湖南2注,广东1注,云南1注,共14注。","03,08,09,20,23,28",02,735850612,14,6392168,357,68243,2806,3000,109290,200,1755016,10
2014107,2014-09-16(二),"黑龙江1注,浙江2注,河南1注,云南1注,共5注。","11,14,17,22,25,27",16,752252140,5,9244289,117,226724,999,3000,60116,200,1186708,10
2014106,2014-09-14(日),"黑龙江1注,上海1注,浙江1注,陕西1注,共4注。","09,14,17,18,21,25",15,718893160,4,10000000,124,257862,1115,3000,68464,200,1401001,10
2014105,2014-09-11(四),"北京1注,黑龙江1注,河南1注,湖北2注,广西1注,共6注。","14,16,17,19,27,32",04,662968446,6,9151943,67,464769,756,3000,45386,200,993471,10
2014104,2014-09-09(二),"北京1注,浙江1注,重庆1注,湖北1注,广西1注,共5注。","02,06,12,19,27,28",13,624461375,5,9351116,372,73103,1218,3000,79156,200,1516901,10
2014103,2014-09-07(日),"山西1注,内蒙古2注,安徽1注,湖北1注,广东3注,共8注。","03,08,09,10,18,33",04,589633520,8,7120349,179,118455,1986,3000,106804,200,1806290,10
2014102,2014-09-04(四),"黑龙江1注,上海1注,江西1注,共3注。","14,16,21,24,28,31",13,582985842,3,10000000,80,346223,813,3000,54535,200,1145542,10
2014101,2014-09-02(二),"北京1注,安徽1注,共2注。","16,18,20,23,24,32",07,529892270,2,10000000,61,420623,806,3000,44219,200,922552,10
2014100,2014-08-31(日),"江苏1注,湖南2注,共3注。","01,06,09,10,14,16",11,472918194,3,10000000,90,260404,1526,3000,77921,200,1519047,10
2014099,2014-08-28(四),"北京1注,上海1注,河南2注,共4注。","01,05,10,11,13,32",14,432609020,4,10000000,47,565778,779,3000,46911,200,991927,10
2014098,2014-08-26(二),"江西1注,重庆2注,广东1注,贵州1注,共5注。","02,13,17,20,29,31",07,392834215,5,8502424,77,284287,1534,3000,64166,200,1189740,10
2014097,2014-08-24(日),"上海1注,广西1注,深圳1注,共3注。","07,13,24,25,27,32",15,369675882,3,10000000,148,196578,1599,3000,73902,200,1422268,10
2014096,2014-08-21(四),"北京1注,湖南1注,四川1注,云南1注,共4注。","12,14,17,19,22,24",08,312395240,4,9824585,86,280499,1012,3000,56567,200,1144131,10
2014095,2014-08-19(二),"北京1注,辽宁2注,重庆1注,广东1注,共5注。","05,06,08,14,22,31",08,279324805,5,7265534,134,105668,2053,3000,97838,200,1620365,10
2014094,2014-08-17(日),"天津1注,重庆1注,共2注。","01,10,18,20,23,29",01,273173708,2,10000000,79,363453,1116,3000,59784,200,1177782,10
2014093,2014-08-14(四),"北京2注,天津2注,内蒙古1注,黑龙江1注,江苏1注,安徽2注,江西3注,山东2注,重庆3注,湖北1注,湖南1注,广东2注,云南1注,深圳1注,共23注。","02,08,09,10,20,29",05,207035236,23,5209398,205,29366,3824,3000,152903,200,2158812,10
2014092,2014-08-12(二),"辽宁1注,上海2注,安徽2注,福建1注,重庆1注,深圳1注,共8注。","03,13,18,19,22,26",07,308790808,8,6633423,185,88293,1965,3000,92591,200,1583568,10
2014091,2014-08-10(日),"山西1注,黑龙江1注,浙江1注,山东1注,广西1注,陕西2注,共7注。","01,05,12,19,27,29",14,312855494,7,8264071,148,192977,1338,3000,71109,200,1355425,10
2014090,2014-08-07(四),"北京1注,天津1注,内蒙古5注,辽宁1注,江苏2注,浙江1注,江西1注,重庆1注,湖北1注,广东1注,云南2注,共17注。","05,09,11,19,24,32",13,285022119,17,5909390,201,96141,2262,3000,98090,200,1612377,10
2014089,2014-08-05(二),"北京5注,上海2注,浙江1注,福建3注,重庆1注,四川1注,贵州1注,新疆1注,共15注。","04,06,14,17,27,30",09,327508140,15,5545146,145,70493,2737,3000,117179,200,1813485,10
2014088,2014-08-03(日),"山西1注,山东1注,广东2注,共4注。","03,06,11,14,16,29",15,380020836,4,10000000,100,261555,1287,3000,70861,200,1403382,10
2014087,2014-07-31(四),"北京1注,山西1注,黑龙江1注,江西1注,重庆1注,广东1注,共6注。","06,18,22,23,32,33",06,341554266,6,8003802,89,253129,1319,3000,63293,200,1137663,10
2014086,2014-07-29(二),"辽宁1注,四川5注,共6注。","02,04,10,12,14,30",08,321991524,6,8140814,147,160245,1304,3000,69738,200,1273037,10
2014085,2014-07-27(日),"吉林1注,浙江1注,重庆4注,湖北1注,广东1注,四川2注,陕西5注,共15注。","01,02,11,19,23,29",08,300168090,15,6219107,106,215644,1561,3000,79178,200,1436700,10
2014084,2014-07-24(四),"河北1注,上海1注,山东1注,广西1注,四川1注,深圳1注,共6注。","01,06,09,10,13,25",08,324879900,6,7345069,107,164374,1974,3000,86620,200,1516760,10
2014083,2014-07-22(二),"辽宁1注,黑龙江1注,江西1注,河南1注,甘肃2注,共6注。","05,06,19,21,23,33",12,316186254,6,7954331,111,199616,1258,3000,67669,200,1313575,10
2014082,2014-07-20(日),"河北1注,福建5注,共6注。","02,04,20,25,26,29",11,297439788,6,8166275,90,263856,1092,3000,63429,200,1276296,10
2014081,2014-07-17(四),"北京1注,辽宁1注,上海1注,广东3注,共6注。","08,14,22,24,27,29",10,275196240,6,8256141,88,277512,1113,3000,57026,200,1165386,10
2014080,2014-07-15(二),"山西1注,共1注。","05,14,16,17,25,30",07,251469908,1,10000000,254,83090,1931,3000,88419,200,1493780,10
2014079,2014-07-13(日),"北京1注,内蒙古1注,辽宁1注,江苏1注,重庆2注,广西1注,共7注。","02,07,16,22,27,28",02,198155300,7,8316463,168,172732,1328,3000,67865,200,1315190,10
2014078,2014-07-10(四),"北京1注,河北1注,内蒙古2注,江苏1注,安徽1注,重庆1注,河南1注,湖北1注,共9注。","02,03,05,06,09,17",07,169313373,9,6628498,112,163576,1699,3000,95151,200,1581197,10
2014077,2014-07-08(二),"辽宁1注,上海1注,浙江2注,江西2注,广东1注,海南1注,共8注。","08,09,12,15,19,22",10,174008032,8,6647934,140,117709,1987,3000,91724,200,1615101,10
2014076,2014-07-06(日),"湖北1注,湖南1注,贵州1注,共3注。","06,10,12,17,18,33",11,177753477,3,10000000,76,324412,1381,3000,71212,200,1328428,10
2014075,2014-07-03(四),"北京5注,河北8注,江苏1注,江西1注,重庆1注,湖南4注,云南1注,陕西2注,深圳1注,共24注。","03,09,11,22,27,29",06,133787352,24,5641067,169,113799,2058,3000,87963,200,1514295,10
2014074,2014-07-01(二),"广西1注,共1注。","01,03,06,13,30,31",12,211476892,1,10000000,88,239871,1114,3000,57447,200,1090492,10
2014073,2014-06-29(日),"天津1注,内蒙古1注,重庆1注,广东2注,共5注。","01,12,16,20,30,33",02,158150815,5,5000000,79,382345,851,3000,46034,200,954721,10
2014072,2014-06-26(四),"江苏1注,江西1注,湖北1注,共3注。","01,03,07,13,19,32",16,92535036,3,5000000,106,243820,1068,3000,49834,200,1025749,10
2014071,2014-06-24(二),"北京2注,天津1注,河北1注,山西1注,上海3注,江苏2注,浙江1注,山东2注,重庆7注,河南1注,湖北1注,广东2注,广西2注,贵州1注,云南6注,深圳1注,共34注。","02,04,12,17,22,25",14,30000000,34,3043574,432,43988,3381,3000,107551,200,1510550,10
2014070,2014-06-22(日),"天津1注,吉林1注,安徽2注,江西1注,山东2注,重庆2注,广东11注,四川2注,云南1注,甘肃1注,深圳1注,共25注。","01,07,09,19,28,29",07,46472150,25,5398171,199,62526,3342,3000,132626,200,1950893,10
2014069,2014-06-19(四),"山西1注,黑龙江1注,江苏1注,浙江2注,重庆1注,贵州1注,深圳3注,共10注。","05,12,17,19,25,30",11,144097840,10,6146408,218,65734,2770,3000,107270,200,1672199,10
2014068,2014-06-17(二),"河北2注,云南1注,共3注。","04,12,13,22,27,29",16,162571614,3,5000000,122,235536,666,3000,45928,200,1038452,10
2014067,2014-06-15(日),"辽宁1注,黑龙江1注,江西1注,重庆3注,湖北5注,广东1注,广西1注,四川1注,深圳2注,共16注。","01,06,07,17,18,23",06,91365232,16,6218687,203,120067,1916,3000,90586,200,1585425,10
2014066,2014-06-12(四),"内蒙古1注,吉林1注,河南1注,共3注。","02,05,15,17,18,21",16,117743004,3,5000000,89,308573,805,3000,48586,200,1022418,10
2014065,2014-06-10(二),"北京1注,内蒙古2注,辽宁1注,上海2注,浙江1注,山东3注,广东3注,深圳1注,共14注。","03,04,05,08,10,22",06,50353786,14,5000000,131,174687,1283,3000,66306,200,1260097,10
2014064,2014-06-08(日),"辽宁1注,江苏3注,江西1注,山东1注,重庆1注,河南1注,湖北1注,广东3注,广西2注,共14注。","02,09,15,16,29,32",14,51701734,14,5000000,287,76848,2051,3000,89457,200,1522984,10
2014063,2014-06-05(四),"黑龙江1注,上海2注,江苏2注,浙江2注,云南1注,共8注。","03,08,17,21,22,31",16,55534992,8,5000000,224,97522,1298,3000,65191,200,1172314,10
2014062,2014-06-03(二),"北京5注,河北1注,山西2注,内蒙古1注,辽宁2注,江苏2注,浙江1注,安徽4注,福建3注,江西1注,山东2注,重庆1注,河南1注,湖北12注,广东4注,广西1注,四川10注,贵州3注,云南1注,西藏1注,共58注。","06,09,15,24,25,26",09,30000000,58,1557886,396,22689,3996,3000,130435,200,1803666,10
2014061,2014-06-01(日),"黑龙江1注,上海2注,湖北5注,广东1注,陕西1注,青海5注,深圳1注,共16注。","02,14,17,27,28,31",08,63402256,16,5000000,210,105096,1275,3000,72476,200,1338689,10
2014060,2014-05-29(四),"云南1注,共1注。","03,05,14,18,25,33",06,77191491,1,5000000,156,104288,1532,3000,75440,200,1322614,10
2014059,2014-05-27(二),"北京2注,内蒙古1注,浙江2注,江西1注,山东5注,重庆1注,广东1注,广西1注,共14注。","05,08,12,13,23,25",13,33384288,14,5000000,192,117768,1667,3000,74133,200,1320912,10
2014058,2014-05-25(日),"北京3注,河北3注,内蒙古1注,吉林1注,黑龙江1注,上海1注,浙江1注,福建3注,江西1注,山东2注,重庆3注,河南1注,湖北4注,湖南1注,广东2注,四川5注,甘肃1注,新疆3注,深圳1注,共38注。","02,03,12,13,14,25",11,35549494,38,5136638,213,30471,3747,3000,145090,200,2167260,10
2014057,2014-05-22(四),"吉林1注,江苏1注,江西1注,河南1注,广东1注,深圳1注,共6注。","02,04,12,18,23,31",08,211270800,6,8117313,92,254128,1219,3000,64264,200,1210077,10
2014056,2014-05-20(二),"北京1注,江苏1注,山东1注,重庆1注,湖北1注,广东1注,共6注。","01,11,18,20,28,29",01,189835134,6,8207897,117,205634,1423,3000,70178,200,1248597,10
2014055,2014-05-18(日),"山西3注,内蒙古1注,江苏1注,浙江1注,湖北1注,贵州1注,共8注。","02,09,14,19,21,30",04,166904832,8,6995330,141,141512,1986,3000,93312,200,1617705,10
2014054,2014-05-15(四),"山西2注,吉林1注,上海2注,江苏1注,安徽1注,福建1注,江西1注,湖南2注,四川2注,宁夏1注,共14注。","01,04,05,11,29,30",14,163007572,14,6152102,331,73094,2358,3000,112835,200,1838369,10
2014053,2014-05-13(二),"广东1注,共1注。","14,17,19,22,26,31",02,192683993,1,10000000,80,385716,919,3000,57298,200,1177658,10
2014052,2014-05-11(日),"北京1注,内蒙古1注,吉林1注,福建2注,重庆1注,湖北2注,广东4注,广西1注,西藏1注,共14注。","09,13,15,28,30,33",08,130683658,14,5815978,152,112733,2807,3000,120908,200,1931209,10
2014051,2014-05-08(四),"江西1注,山东5注,四川1注,共7注。","10,16,19,21,23,24",13,172124407,7,8087544,69,469843,879,3000,49440,200,1021819,10
2014050,2014-05-06(二),"浙江1注,福建1注,广西2注,四川1注,深圳1注,共6注。","03,17,23,25,26,32",13,153092388,6,7990218,117,230016,1508,3000,71234,200,1276672,10
2014049,2014-05-04(日),"北京1注,天津1注,辽宁1注,浙江1注,山东1注,重庆1注,湖北1注,湖南1注,广西1注,贵州4注,新疆1注,深圳1注,共15注。","06,07,16,17,23,32",06,138239115,15,6218403,176,155761,2226,3000,93319,200,1591221,10
2014048,2014-05-01(四),"河北2注,山西2注,辽宁1注,安徽1注,江西1注,湖北2注,广东1注,共10注。","06,09,16,17,24,25",16,167548980,10,6699431,209,121968,1994,3000,86842,200,1464842,10
2014047,2014-04-29(二),"河北1注,上海1注,江苏1注,山东1注,湖北1注,贵州1注,共6注。","08,10,11,12,19,29",15,175063188,6,8550289,231,138322,1225,3000,74362,200,1443207,10
2014046,2014-04-27(日),"天津1注,河北1注,内蒙古1注,上海2注,安徽1注,山东2注,湖北1注,四川1注,共10注。","02,10,11,17,18,22",10,151808850,10,6137017,121,140952,2152,3000,105791,200,1849204,10
2014045,2014-04-24(四),"北京2注,河北2注,江西1注,山东1注,重庆1注,湖南6注,广东2注,四川5注,贵州1注,甘肃1注,共22注。","02,04,09,11,19,22",15,173383408,22,5886964,128,228670,1272,3000,73352,200,1375539,10
2014044,2014-04-22(二),"湖南1注,深圳3注,共4注。","04,09,21,27,28,33",12,234600372,4,9396243,136,193951,1324,3000,73544,200,1325157,10
2014043,2014-04-20(日),"天津1注,河北1注,辽宁1注,吉林1注,黑龙江1注,上海2注,江苏1注,安徽2注,江西1注,湖南1注,广东2注,贵州1注,云南1注,共16注。","02,05,09,14,24,33",09,210637936,16,5583245,118,118626,3026,3000,125714,200,2015867,10
2014042,2014-04-17(四),共0注。,"12,15,20,25,28,33",14,267308119,0,0,90,415420,823,3000,43913,200,965869,10
2014041,2014-04-15(二),"吉林1注,陕西1注,共2注。","07,11,16,18,21,22",02,180069774,2,10000000,93,324163,1245,3000,68231,200,1349556,10
2014040,2014-04-13(日),"北京1注,天津2注,内蒙古1注,江苏1注,安徽1注,江西1注,重庆2注,共9注。","03,04,06,11,12,15",08,129726387,9,6499969,119,170164,2161,3000,102851,200,1744608,10
2014039,2014-04-10(四),"吉林1注,江苏2注,广西1注,云南1注,共5注。","03,11,15,19,20,31",07,140977080,5,5000000,274,110166,1361,3000,80311,200,1499817,10
2014038,2014-04-08(二),"内蒙古1注,浙江5注,福建2注,湖南1注,共9注。","04,07,22,23,24,33",16,95544036,9,5000000,111,293443,1050,3000,53804,200,1049518,10
2014037,2014-04-06(日),"河北1注,上海1注,江苏2注,浙江1注,安徽1注,重庆3注,河南1注,湖南1注,四川6注,青海1注,共18注。","06,13,14,24,25,30",07,64542096,18,5872936,261,90303,2787,3000,116107,200,1844517,10
2014036,2014-04-03(四),"北京1注,天津1注,辽宁1注,吉林1注,上海2注,江苏5注,安徽1注,江西2注,山东1注,湖北2注,湖南1注,广东2注,四川1注,云南1注,陕西1注,新疆1注,深圳6注,共30注。","01,07,08,09,11,22",03,115259940,30,5349374,351,44791,2730,3000,104267,200,1633294,10
2014035,2014-04-01(二),"北京1注,河北1注,吉林1注,浙江1注,山东2注,河南1注,湖北1注,云南1注,新疆1注,共10注。","07,08,09,17,32,33",06,239056900,10,6852544,199,139639,2142,3000,87234,200,1456219,10
2014034,2014-03-30(日),"河北1注,内蒙古1注,吉林3注,上海1注,江苏2注,浙江1注,安徽3注,江西1注,山东1注,河南1注,四川2注,贵州2注,甘肃1注,共20注。","01,03,04,08,25,31",06,242743280,20,5471886,102,138790,2626,3000,148364,200,2374435,10
2014033,2014-03-27(四),"北京1注,河北1注,内蒙古1注,江苏1注,浙江3注,山东1注,重庆1注,湖北1注,广东3注,贵州1注,陕西1注,青海1注,宁夏1注,共17注。","05,13,23,28,32,33",12,319148956,17,5965697,303,81271,3112,3000,117213,200,1928489,10
2014032,2014-03-25(二),"湖南1注,广东1注,甘肃1注,共3注。","01,02,14,22,29,33",07,363106803,3,10000000,94,281203,1349,3000,67989,200,1287924,10
2014031,2014-03-23(日),"北京1注,河北2注,山西1注,内蒙古1注,江苏1注,浙江1注,福建1注,山东1注,重庆1注,广东2注,四川4注,共16注。","04,10,16,17,21,27",14,331429504,16,6710711,368,111568,2027,3000,98572,200,1732936,10
2014030,2014-03-20(四),"河北1注,吉林1注,浙江1注,重庆1注,湖北3注,深圳1注,共8注。","12,18,19,23,24,30",10,343001056,8,7352776,208,135737,1737,3000,90313,200,1658283,10
2014029,2014-03-18(二),"内蒙古1注,黑龙江1注,上海1注,江苏1注,江西1注,河南1注,陕西1注,深圳1注,共8注。","02,07,14,16,21,29",14,335945528,8,8317056,137,290545,911,3000,61956,200,1272121,10
2014028,2014-03-16(日),"北京1注,天津1注,内蒙古1注,辽宁1注,上海1注,福建1注,重庆1注,广东1注,共8注。","06,16,21,27,30,32",05,309604392,8,7421842,72,403640,1510,3000,76326,200,1432186,10
2014027,2014-03-13(四),"安徽1注,广东1注,共2注。","08,10,14,16,30,31",01,301167546,2,10000000,75,494198,911,3000,56186,200,1122804,10
2014026,2014-03-11(二),"辽宁1注,上海1注,共2注。","01,02,05,06,11,23",14,234682846,2,10000000,135,249376,992,3000,59916,200,1222309,10
2014025,2014-03-09(日),"安徽1注,重庆1注,河南1注,共3注。","01,05,10,14,16,30",16,176129274,3,10000000,96,463736,809,3000,48022,200,1058218,10
2014024,2014-03-06(四),"北京1注,河北1注,江苏4注,浙江1注,安徽1注,福建1注,江西3注,河南1注,湖北1注,湖南5注,广东1注,广西1注,四川2注,云南1注,共24注。","08,10,16,20,23,30",09,102252288,24,5494247,288,61780,3321,3000,133114,200,2055589,10
2014023,2014-03-04(二),"河北1注,山西1注,内蒙古1注,辽宁1注,吉林1注,福建1注,山东1注,湖南1注,广东3注,陕西2注,共13注。","07,09,13,17,21,22",10,192597457,13,6506941,178,165086,1744,3000,82684,200,1464786,10
2014022,2014-03-02(日),"北京1注,辽宁1注,江苏1注,浙江1注,安徽1注,福建1注,广东2注,共8注。","04,06,07,10,21,26",16,208621864,8,7916237,110,318134,1299,3000,75765,200,1525081,10
2014021,2014-02-27(四),"河北1注,辽宁1注,黑龙江1注,江苏1注,安徽1注,山东1注,广东1注,四川1注,深圳1注,共9注。","08,10,15,17,22,29",12,190297125,9,6781386,119,202090,1859,3000,87708,200,1550084,10
2014020,2014-02-25(二),"辽宁2注,上海1注,江西1注,共4注。","09,14,17,23,24,25",15,195215928,4,10000000,118,312907,926,3000,63393,200,1385905,10
2014019,2014-02-23(日),"内蒙古1注,辽宁1注,江苏1注,湖北1注,云南1注,共5注。","02,10,15,19,20,21",07,149062025,5,6752686,95,138369,2485,3000,115595,200,1920914,10
2014018,2014-02-20(四),"山东1注,河南1注,陕西2注,深圳1注,共5注。","13,17,18,21,30,33",15,152153450,5,5000000,51,738936,838,3000,40497,200,871320,10
2014017,2014-02-18(二),"北京1注,河北1注,山西1注,辽宁1注,吉林1注,黑龙江1注,上海5注,江苏3注,江西1注,山东3注,湖南1注,广西1注,云南3注,深圳1注,共24注。","04,06,07,14,25,26",10,89220000,24,5330216,218,54531,4793,3000,154665,200,2100578,10
2014016,2014-02-16(日),"辽宁1注,江西1注,湖南1注,共3注。","02,03,07,13,21,24",08,189407019,3,10000000,106,265652,1637,3000,86264,200,1602851,10
2014015,2014-02-13(四),"天津1注,江苏1注,浙江2注,河南1注,广西3注,海南1注,云南1注,深圳1注,共11注。","02,11,19,30,32,33",09,153702230,11,6247355,101,203775,1410,3000,69590,200,1261561,10
2014014,2014-02-11(二),"北京1注,黑龙江2注,福建2注,山东1注,重庆1注,贵州1注,云南1注,宁夏1注,共10注。","04,09,19,22,25,29",15,174399960,10,6994695,128,233753,1281,3000,68107,200,1279961,10
2014013,2014-02-09(日),"北京1注,内蒙古1注,上海1注,江苏1注,安徽1注,福建1注,江西1注,山东2注,广东1注,四川1注,陕西1注,共12注。","05,09,13,15,17,21",13,174532572,12,6357176,127,192355,2463,3000,110736,200,1894163,10
2014012,2014-01-28(二),"北京1注,山西1注,上海1注,安徽1注,河南1注,湖南1注,共6注。","01,08,11,19,21,24",08,193817286,6,7572430,79,293061,1784,3000,82750,200,1445019,10
2014011,2014-01-26(日),"北京1注,辽宁1注,上海1注,江苏1注,江西1注,重庆2注,共7注。","09,10,13,14,21,32",02,185230836,7,7928774,120,256267,1685,3000,81473,200,1522309,10
2014010,2014-01-23(四),"山东1注,云南1注,共2注。","05,07,08,20,31,33",11,168977284,2,10000000,207,127770,1232,3000,64752,200,1253686,10
2014009,2014-01-21(二),"天津1注,辽宁1注,浙江1注,福建1注,湖北1注,陕西1注,共6注。","08,09,19,20,25,32",16,127264176,6,5000000,229,108965,2012,3000,93717,200,1637420,10
2014008,2014-01-19(日),"内蒙古1注,江苏1注,安徽3注,山东1注,河南1注,广东1注,共8注。","05,14,16,21,29,30",12,99040432,8,5000000,189,182182,1292,3000,71607,200,1463057,10
2014007,2014-01-16(四),"上海1注,浙江1注,安徽1注,江西1注,重庆1注,广东2注,广西5注,云南1注,共13注。","08,10,12,14,18,28",14,58697890,13,5000000,198,137874,1854,3000,84164,200,1515233,10
2014006,2014-01-14(二),"山西1注,浙江3注,江西48注,河南1注,湖北1注,湖南1注,广东10注,广西3注,陕西1注,深圳1注,共70注。","03,04,07,17,21,27",14,30000000,70,4194362,296,81603,2666,3000,125714,200,1960586,10
2014005,2014-01-12(日),"江苏1注,河南1注,湖南1注,广东1注,甘肃1注,深圳1注,共6注。","15,18,23,27,32,33",04,237244320,6,9383724,77,512383,973,3000,53350,200,1202881,10
2014004,2014-01-09(四),"北京1注,安徽1注,山东2注,广东1注,共5注。","01,04,19,22,24,25",15,201488460,5,9580091,113,303988,1035,3000,56508,200,1166507,10
2014003,2014-01-07(二),"内蒙古1注,江苏2注,福建1注,四川1注,贵州1注,共6注。","06,10,11,28,30,33",12,169237320,6,7804024,147,171674,1778,3000,85239,200,1536591,10
2014002,2014-01-05(日),"内蒙古1注,黑龙江1注,江苏1注,安徽1注,江西1注,广东1注,共6注。","04,21,23,31,32,33",04,157176954,6,8403112,105,291695,1643,3000,81424,200,1432818,10
2014001,2014-01-02(四),"山西1注,黑龙江1注,新疆1注,共3注。","03,09,15,20,27,29",01,136130274,3,5000000,139,251264,1152,3000,66979,200,1406407,10
2013154,2013-12-31(二),"上海1注,湖北2注,湖南2注,广东11注,共16注。","07,11,14,19,24,29",05,69636912,16,5625000（含加奖625000）,182,172542,1773,3000,79430,200,1430888,10
2013153,2013-12-29(日),"河北1注,辽宁1注,浙江1注,重庆1注,云南2注,共6注。","08,11,13,18,28,33",10,76364070,6,6666666（含加奖1666666）,116,282133,1341,3000,71836,200,1361468,10
2013152,2013-12-26(四),"北京3注,河北1注,山西1注,黑龙江1注,江苏1注,浙江1注,安徽1注,山东9注,重庆1注,河南1注,广东6注,贵州1注,深圳1注,共28注。","04,06,14,16,18,29",05,30000000,28,2774257（含加奖357142）,213,75813,2833,3000,107869,200,1615886,10
2013151,2013-12-24(二),"北京1注,天津2注,内蒙古2注,黑龙江1注,上海6注,江苏1注,浙江3注,安徽1注,福建1注,江西1注,湖北5注,湖南1注,广东2注,广西1注,贵州11注,陕西4注,新疆1注,深圳1注,共45注。","03,09,10,19,28,33",09,30000000,45,5051762（含加奖222222）,391,31951,4347,3000,157169,200,2191483,10
2013150,2013-12-22(日),"河北1注,内蒙古1注,辽宁1注,湖南2注,共5注。","01,15,16,25,26,29",10,188178865,5,11579919（含加奖2000000）,93,369348,1388,3000,64814,200,1224813,10
2013149,2013-12-19(四),"北京1注,内蒙古1注,上海1注,江苏3注,浙江1注,湖北1注,广东1注,共9注。","09,18,25,26,30,32",11,155929878,9,8188009（含加奖1111111）,117,239642,1492,3000,80045,200,1526752,10
2013148,2013-12-17(二),"北京1注,安徽1注,江西1注,湖南1注,广东1注,共5注。","06,11,12,14,17,22",01,154199665,5,11973853（含加奖2000000）,120,310865,801,3000,46576,200,1043715,10
2013147,2013-12-15(日),"河北1注,黑龙江2注,河南1注,广东7注,广西1注,四川1注,深圳5注,共18注。","02,15,16,17,19,30",08,117026496,18,6544074（含加奖555555）,132,202197,2001,3000,89167,200,1572632,10
2013146,2013-12-12(四),"山东1注,贵州1注,陕西1注,深圳1注,共4注。","08,20,25,30,32,33",01,162543128,4,7500000（含加奖2500000）,147,261336,1226,3000,66923,200,1351859,10
2013145,2013-12-10(二),"河北1注,辽宁2注,黑龙江1注,江苏1注,山东1注,湖北1注,广东3注,新疆2注,深圳1注,共13注。","06,10,13,16,23,24",15,92904565,13,5769230（含加奖769230）,237,105672,2667,3000,104182,200,1629952,10
2013144,2013-12-08(日),"内蒙古1注,辽宁1注,上海2注,江苏3注,浙江2注,云南1注,甘肃1注,新疆1注,共12注。","05,07,12,19,27,31",02,99467508,12,5833333（含加奖833333）,308,106753,1733,3000,92083,200,1645043,10
2013143,2013-12-05(四),"辽宁1注,上海1注,江西1注,山东1注,广东2注,陕西2注,共8注。","12,18,21,22,27,32",11,82747368,8,6250000（含加奖1250000）,90,280224,1411,3000,68146,200,1265371,10
2013142,2013-12-03(二),"北京1注,天津2注,河北1注,山西1注,浙江1注,湖南1注,四川1注,共8注。","11,12,14,20,22,29",14,63900184,8,6250000（含加奖1250000）,119,266147,1171,3000,55431,200,1122936,10
2013141,2013-12-01(日),"北京1注,天津1注,河北2注,辽宁1注,江苏1注,浙江2注,安徽2注,江西1注,山东2注,广东5注,云南1注,陕西1注,甘肃2注,宁夏1注,新疆1注,深圳1注,共25注。","03,04,05,25,30,31",04,30000000,25,4151240（含加奖400000）,180,40462,3676,3000,153503,200,2374779,10
2013140,2013-11-28(四),"黑龙江1注,江苏1注,云南1注,宁夏1注,共4注。","01,05,12,13,21,22",10,76786944,4,7500000（含加奖2500000）,125,228983,1149,3000,68167,200,1305690,10
2013139,2013-11-26(二),"北京1注,天津1注,河北1注,辽宁1注,上海2注,江苏1注,浙江2注,安徽1注,江西2注,重庆1注,河南2注,湖北2注,湖南1注,广东3注,广西2注,甘肃1注,青海1注,共25注。","07,08,11,13,21,27",08,30000000,25,4905577（含加奖400000）,184,89406,3212,3000,133890,200,2110649,10
2013138,2013-11-24(日),"吉林2注,黑龙江1注,上海1注,浙江1注,安徽1注,江西1注,广东1注,甘肃1注,深圳1注,共10注。","04,15,16,24,27,28",03,74254260,10,6000000（含加奖1000000）,161,194166,1639,3000,77833,200,1455093,10
2013137,2013-11-21(四),"河北1注,辽宁3注,黑龙江1注,上海1注,江苏6注,浙江3注,山东2注,重庆3注,河南1注,湖北1注,广东1注,陕西2注,甘肃1注,新疆1注,共27注。","04,17,19,23,24,27",10,51312261,27,5953328（含加奖370370）,420,56213,3585,3000,134689,200,1979347,10
2013136,2013-11-19(二),"北京1注,山西1注,内蒙古2注,安徽1注,河南2注,湖南1注,广东1注,广西1注,云南1注,深圳1注,共12注。","04,06,14,16,18,26",06,116962560,12,7096267（含加奖833333）,139,163545,2736,3000,94285,200,1489546,10
2013135,2013-11-17(日),"黑龙江1注,浙江1注,安徽1注,山东1注,深圳1注,共5注。","09,23,24,25,29,31",12,139074525,5,7000000（含加奖2000000）,113,309968,1329,3000,70499,200,1337691,10
2013134,2013-11-14(四),"内蒙古1注,黑龙江3注,上海2注,江苏2注,浙江6注,安徽1注,山东1注,共16注。","01,17,18,19,25,29",10,82346272,16,6687967（含加奖625000）,118,216196,1600,3000,80731,200,1449671,10
2013133,2013-11-12(二),"黑龙江2注,江苏1注,浙江2注,山东6注,四川1注,共12注。","04,07,12,19,22,25",01,119827596,12,7671892（含加奖833333）,248,133443,1094,3000,64222,200,1255061,10
2013132,2013-11-10(日),"江苏1注,广东1注,广西1注,贵州1注,云南1注,陕西20注,共25注。","20,21,22,23,25,27",12,124670825,25,6197955（含加奖400000）,176,170018,1397,3000,69524,200,1321083,10
2013131,2013-11-07(四),"北京1注,河北2注,辽宁2注,黑龙江1注,福建1注,江西1注,山东1注,重庆3注,湖南1注,广东3注,深圳2注,共18注。","04,06,12,17,19,26",09,199798632,18,6291307（含加奖555555）,130,152810,2698,3000,115705,200,1914416,10
2013130,2013-11-05(二),"北京1注,河北1注,山西1注,黑龙江1注,上海1注,江苏1注,浙江1注,福建1注,湖北1注,广东2注,广西1注,共12注。","01,03,15,16,31,33",08,256689792,12,7637890（含加奖833333）,115,282452,1289,3000,64654,200,1183898,10
2013129,2013-11-03(日),"黑龙江1注,江苏1注,安徽1注,山东1注,共4注。","05,06,10,14,27,31",14,262553088,4,12500000（含加奖2500000）,144,299336,797,3000,56852,200,1270351,10
2013128,2013-10-31(四),"上海2注,浙江1注,重庆1注,湖北1注,深圳3注,共8注。","07,13,17,19,25,31",08,201975928,8,8483315（含加奖1250000）,156,171793,1975,3000,84056,200,1418070,10
2013127,2013-10-29(二),"天津1注,浙江2注,湖南1注,广东1注,共5注。","02,03,13,20,22,33",14,197309615,5,11767862（含加奖2000000）,216,165550,1160,3000,66620,200,1237003,10
2013126,2013-10-27(日),"河北1注,内蒙古1注,湖南1注,广东1注,新疆1注,共5注。","04,10,19,27,31,33",16,162711340,5,12000000（含加奖2000000）,155,247917,1049,3000,60444,200,1275355,10
2013125,2013-10-24(四),"辽宁1注,福建1注,重庆1注,湖南1注,广东1注,贵州1注,深圳2注,共8注。","04,06,08,18,25,28",16,123047728,8,9047241（含加奖1250000）,308,108983,1519,3000,86691,200,1669210,10
2013124,2013-10-22(二),"内蒙古1注,浙江4注,安徽1注,重庆1注,宁夏1注,共8注。","03,09,15,23,25,30",07,107102896,8,5000000,140,186561,1665,3000,78075,200,1400469,10
2013123,2013-10-20(日),"上海3注,浙江1注,山东2注,河南3注,广西1注,四川1注,云南1注,共12注。","01,02,06,11,17,25",02,86159328,12,5000000,109,277152,1433,3000,75691,200,1420180,10
2013122,2013-10-17(四),"浙江1注,福建1注,山东1注,湖北2注,广西1注,海南1注,四川1注,贵州2注,共10注。","07,10,13,15,26,27",11,75670240,10,5000000,173,161020,1417,3000,78474,200,1470963,10
2013121,2013-10-15(二),"内蒙古1注,辽宁1注,江西1注,河南1注,贵州1注,共5注。","04,05,06,07,25,27",07,60671480,5,5000000,155,135981,2088,3000,92754,200,1570659,10
2013120,2013-10-13(日),"北京3注,河北1注,辽宁2注,吉林2注,黑龙江3注,上海1注,江苏2注,浙江9注,安徽2注,山东1注,重庆1注,湖北1注,湖南1注,广东6注,广西4注,四川1注,贵州1注,云南3注,陕西1注,甘肃1注,深圳1注,共47注。","05,06,13,18,23,31",11,36491411,47,5263001,447,41480,4923,3000,156874,200,2170766,10
2013119,2013-10-10(四),"上海1注,江苏1注,山东1注,重庆1注,湖北1注,广东1注,广西3注,共9注。","05,15,20,22,26,32",09,240588702,9,6880734,83,305902,1450,3000,67106,200,1232948,10
2013118,2013-10-08(二),"上海1注,江苏1注,安徽1注,广东2注,深圳1注,共6注。","02,03,17,22,32,33",16,243272184,6,8693827,93,357467,1147,3000,53632,200,1011033,10
2013117,2013-10-06(日),"辽宁10注,上海1注,江苏2注,安徽2注,湖北1注,广东2注,广西1注,共19注。","09,12,13,24,27,33",16,217864773,19,6129010,232,138693,1034,3000,69622,200,1323070,10
2013116,2013-10-03(四),"辽宁1注,江苏1注,共2注。","12,15,21,26,32,33",07,259236778,2,10000000,148,194817,668,3000,38956,200,821713,10
2013115,2013-10-01(二),"北京1注,河北2注,山西1注,山东1注,河南2注,广东1注,云南5注,共13注。","03,12,16,17,18,27",08,211959722,13,6116365,122,178435,1516,3000,77783,200,1341036,10
2013114,2013-09-29(日),"黑龙江1注,江苏1注,河南1注,四川1注,青海1注,共5注。","04,06,17,21,23,33",07,240677850,5,10000000,97,389940,1004,3000,53915,200,1097481,10
2013113,2013-09-26(四),"河北1注,辽宁1注,安徽1注,云南2注,陕西1注,深圳1注,共7注。","04,07,11,17,24,33",09,202421233,7,7162340,147,154452,2017,3000,88793,200,1506550,10
2013112,2013-09-24(二),"浙江1注,重庆10注,深圳1注,共12注。","01,06,12,13,22,31",07,199580280,12,6452204,77,339476,1219,3000,59399,200,1097942,10
2013111,2013-09-22(日),"北京1注,河北2注,内蒙古1注,黑龙江2注,上海1注,浙江3注,安徽1注,福建3注,重庆1注,河南2注,广东1注,四川2注,新疆1注,深圳1注,共22注。","01,02,03,06,08,33",13,216014150,22,5988146,252,129400,1991,3000,86948,200,1486027,10
2013110,2013-09-19(四),"北京1注,天津1注,安徽1注,广东1注,共4注。","15,17,18,21,29,32",13,271666100,4,9320948,56,462958,857,3000,54810,200,1127790,10
2013109,2013-09-17(二),"浙江1注,河南1注,四川1注,陕西1注,甘肃1注,共5注。","09,23,24,27,29,32",08,248456620,5,7299549,103,167442,1931,3000,92388,200,1586511,10
2013108,2013-09-15(日),"山西1注,吉林1注,浙江1注,共3注。","16,21,22,28,31,32",05,244712259,3,10000000,60,488705,985,3000,54364,200,1083690,10
2013107,2013-09-12(四),"北京1注,辽宁1注,黑龙江1注,湖南1注,四川1注,云南1注,陕西1注,共7注。","07,09,11,17,28,31",11,206293472,7,7784397,120,243634,1653,3000,76979,200,1345250,10
2013106,2013-09-10(二),"河南1注,广东2注,广西1注,共4注。","09,11,23,30,31,32",06,192566520,4,8223793,77,251204,1498,3000,71995,200,1271304,10
2013105,2013-09-08(日),"江西1注,山东2注,湖北2注,共5注。","01,11,23,27,31,32",09,180328590,5,8502830,70,375303,1110,3000,61522,200,1235786,10
2013104,2013-09-05(四),"山东1注,广东1注,云南1注,新疆1注,共4注。","01,02,04,15,17,28",11,161543208,4,10000000,88,351414,1058,3000,48823,200,1009239,10
2013103,2013-09-03(二),"北京1注,江西1注,四川1注,贵州1注,甘肃1注,共5注。","02,04,09,13,18,20",07,129386045,5,8329891,111,224992,1690,3000,76794,200,1316946,10
2013102,2013-09-01(日),"河北1注,上海1注,浙江1注,江西2注,山东1注,河南3注,湖北1注,广东1注,深圳1注,共12注。","02,04,05,06,08,16",03,112762404,12,6847743,142,234220,1349,3000,70464,200,1348291,10
2013101,2013-08-29(四),"河南1注,广西1注,四川1注,西藏1注,共4注。","05,07,09,23,27,32",01,117330108,4,7726709,83,197111,1978,3000,97652,200,1717004,10
2013100,2013-08-27(二),共0注。,"04,08,11,14,16,20",11,110063013,0,0,61,370237,1244,3000,65430,200,1243865,10
2013099,2013-08-25(日),"河北1注,黑龙江1注,浙江1注,安徽1注,山东2注,广西2注,贵州1注,深圳4注,共13注。","05,11,20,21,26,31",03,57365841,13,5000000,173,150911,1689,3000,75709,200,1289550,10
2013098,2013-08-22(四),"河北2注,黑龙江2注,江苏1注,安徽2注,福建3注,江西1注,山东2注,重庆1注,河南2注,湖南2注,广西5注,云南2注,陕西1注,宁夏1注,新疆1注,共28注。","07,15,18,19,20,26",14,61447820,28,5506770,291,73142,3950,3000,123020,200,1748414,10
2013097,2013-08-20(二),"山西1注,湖北1注,广东1注,共3注。","05,14,17,22,23,25",07,165973926,3,10000000,152,175954,1159,3000,63714,200,1204032,10
2013096,2013-08-18(日),"河北2注,浙江1注,山东1注,重庆1注,广东2注,云南1注,深圳1注,共9注。","01,02,22,28,29,30",15,133568694,9,7504350,112,301863,943,3000,49363,200,971581,10
2013095,2013-08-15(四),"内蒙古1注,安徽1注,重庆1注,湖南1注,四川1注,共5注。","01,06,15,19,28,29",10,122220820,5,5000000,144,183210,1352,3000,67207,200,1283571,10
2013094,2013-08-13(二),"河北1注,辽宁1注,上海1注,江苏1注,浙江1注,河南1注,广东2注,贵州1注,云南1注,甘肃1注,共11注。","02,04,14,18,20,22",07,85662203,11,5984697,113,143783,1354,3000,64875,200,1190550,10
2013093,2013-08-11(日),"江西1注,山东1注,共2注。","01,02,08,26,29,31",14,113583018,2,5000000,111,325606,719,3000,39473,200,893517,10
2013092,2013-08-08(四),"辽宁1注,黑龙江1注,湖北2注,广东1注,贵州1注,陕西2注,共8注。","07,11,15,21,26,31",06,39250888,8,5000000,103,204927,1368,3000,66733,200,1158839,10
2013091,2013-08-06(二),"江苏1注,广东1注,贵州19注,青海1注,共22注。","04,14,24,25,28,31",10,30000000,22,3362188,61,308909,1316,3000,63680,200,1110064,10
2013090,2013-08-04(日),"北京1注,天津1注,江苏26注,浙江1注,江西5注,山东1注,重庆1注,河南1注,湖南3注,广东1注,广西1注,西藏1注,陕西1注,青海1注,深圳1注,共46注。","02,05,11,23,24,29",08,30000000,46,3882974,154,13183,4037,3000,149248,200,2151206,10
2013089,2013-08-01(四),"河北2注,江苏2注,浙江1注,福建2注,山东1注,重庆1注,湖南1注,四川3注,陕西1注,共14注。","04,08,12,19,21,25",13,173879650,14,6155652,210,115565,2273,3000,88036,200,1503399,10
2013088,2013-07-30(二),"辽宁1注,安徽1注,山东1注,共3注。","09,15,20,21,22,24",14,203431818,3,10000000,119,265091,830,3000,51312,200,1073094,10
2013087,2013-07-28(日),"上海1注,江西1注,湖南1注,广西1注,云南1注,甘肃1注,共6注。","02,13,19,23,24,28",05,159824838,6,7813525,121,209270,1602,3000,80264,200,1405965,10
2013086,2013-07-25(四),"浙江1注,福建1注,江西1注,共3注。","02,04,11,13,16,26",11,147621963,3,10000000,80,311029,1098,3000,54996,200,1090702,10
2013085,2013-07-23(二),"山西1注,内蒙古1注,湖南1注,广东1注,青海1注,深圳2注,共7注。","02,08,12,14,16,32",16,119563094,7,8042847,135,236665,935,3000,53773,200,1122477,10
2013084,2013-07-21(日),"北京2注,河北1注,黑龙江1注,江苏1注,山东1注,重庆1注,广东1注,陕西2注,共10注。","05,07,09,11,20,21",03,101313260,10,6976187,136,217961,1861,3000,88845,200,1586008,10
2013083,2013-07-18(四),"山西1注,辽宁1注,上海2注,浙江1注,江西2注,重庆1注,河南1注,湖北1注,湖南1注,贵州1注,云南1注,陕西2注,新疆2注,深圳1注,共18注。","05,06,12,14,19,23",09,101908566,18,5326203,225,39144,4408,3000,159499,200,2109179,10
2013082,2013-07-16(二),"北京1注,内蒙古1注,江西2注,广西1注,共5注。","04,13,14,20,22,30",06,177229420,5,8012017,178,126910,1704,3000,83829,200,1484654,10
2013081,2013-07-14(日),"江苏1注,浙江1注,湖北1注,广东1注,共4注。","01,04,10,13,21,31",13,164579200,4,10000000,122,273751,1116,3000,62494,200,1295456,10
2013080,2013-07-11(四),"辽宁1注,浙江1注,江西1注,河南2注,共5注。","10,11,12,23,28,32",16,126651295,5,8444709,103,250828,1512,3000,73261,200,1305619,10
2013079,2013-07-09(二),"内蒙古1注,吉林1注,黑龙江1注,浙江2注,江西1注,山东2注,湖北1注,广东1注,贵州1注,新疆1注,共12注。","07,13,17,19,22,26",13,108592428,12,6446471,102,255259,1192,3000,67130,200,1265622,10
2013078,2013-07-07(日),"北京1注,辽宁1注,浙江1注,福建1注,江西1注,山东1注,广西1注,四川1注,共8注。","03,05,17,18,26,27",15,125198288,8,5000000,223,143305,1481,3000,75201,200,1477667,10
2013077,2013-07-04(四),"北京1注,天津1注,河北1注,山西2注,内蒙古2注,吉林2注,黑龙江1注,江苏1注,浙江1注,安徽1注,福建1注,江西2注,山东2注,重庆1注,河南1注,湖北1注,广东2注,广西2注,海南1注,云南1注,陕西1注,新疆3注,共31注。","09,14,23,24,26,29",03,90631848,31,5415508,186,103877,11740,3000,71510,200,1079027,10
2013076,2013-07-02(二),"辽宁1注,共1注。","14,23,24,26,29,30",03,213429920,1,10000000,43,750283,568,3000,39214,200,923533,10
2013075,2013-06-30(日),共0注。,"04,06,09,25,30,33",14,148151453,0,0,47,656915,1029,3000,58145,200,1242958,10
2013074,2013-06-27(四),"黑龙江1注,江西1注,广西1注,共3注。","03,06,08,14,19,32",03,76109739,3,5000000,101,253083,1352,3000,65055,200,1246689,10
2013073,2013-06-25(二),"北京1注,山西4注,辽宁1注,浙江1注,山东2注,重庆1注,湖北1注,广东2注,四川2注,陕西1注,深圳3注,共19注。","02,09,13,17,20,28",11,31466432,19,5000000,185,99780,2014,3000,91067,200,1507636,10
2013072,2013-06-23(日),"河北1注,广东1注,共2注。","02,08,11,14,19,33",09,83394408,2,5000000,144,183800,1302,3000,80365,200,1599034,10
2013071,2013-06-20(四),"河北5注,辽宁1注,上海1注,广东1注,陕西1注,深圳2注,共11注。","05,12,21,23,26,28",09,31637441,11,5000000,173,70271,2821,3000,119306,200,1769363,10
2013070,2013-06-18(二),"北京1注,吉林1注,上海1注,福建1注,江西3注,山东1注,湖南3注,广东1注,陕西1注,共13注。","02,03,09,10,28,30",06,58271360,13,5000000,152,178396,1085,3000,60263,200,1178132,10
2013069,2013-06-16(日),"天津1注,河北1注,山东1注,湖北100注,广东1注,四川1注,共105注。","07,16,17,18,30,33",06,30000000,105,2083167,190,187552,1147,3000,58665,200,1142808,10
2013068,2013-06-13(四),"安徽1注,广东5注,新疆1注,深圳3注,共10注。","02,07,13,20,25,27",06,135584520,10,6912312,203,141303,1234,3000,66176,200,1239999,10
2013067,2013-06-11(二),"北京1注,山西1注,上海1注,浙江6注,江西1注,山东1注,重庆1注,河南1注,湖南1注,云南2注,共16注。","01,04,09,15,22,30",06,137776720,16,5889617,163,130986,1711,3000,68974,200,1168530,10
2013066,2013-06-09(日),"北京1注,山西1注,内蒙古1注,黑龙江1注,浙江1注,广东2注,广西1注,共8注。","01,03,16,17,20,32",07,182192048,8,6025818,96,128227,1512,3000,83874,200,1498384,10
2013065,2013-06-06(四),"辽宁1注,山东3注,陕西1注,共5注。","07,18,19,23,29,30",02,201675690,5,9309082,165,195867,1054,3000,56070,200,1129552,10
2013064,2013-06-04(二),"北京1注,广东2注,广西1注,海南1注,共5注。","01,09,13,22,25,32",12,172812165,5,9400977,72,458435,964,3000,43634,200,929158,10
2013063,2013-06-02(日),"江苏1注,江西1注,山东1注,共3注。","10,15,18,20,23,31",12,142799949,3,5000000,84,380751,872,3000,47992,200,1020860,10
2013062,2013-05-30(四),"山西1注,湖北1注,共2注。","01,06,07,19,22,27",02,83172610,2,5000000,102,265431,1134,3000,51648,200,991170,10
2013061,2013-05-28(二),"北京1注,河北3注,吉林5注,上海2注,江苏5注,浙江1注,安徽2注,福建1注,江西5注,山东2注,重庆1注,河南2注,湖南2注,广东1注,四川4注,云南2注,甘肃1注,宁夏1注,深圳2注,共43注。","05,06,07,12,13,18",12,30000000,43,3509802,830,20959,3297,3000,124581,200,1720750,10
2013060,2013-05-26(日),"北京1注,江苏1注,浙江2注,安徽1注,江西1注,山东1注,青海1注,共8注。","05,07,10,13,19,20",15,110329152,8,5000000,206,106307,2025,3000,107207,200,1838178,10
2013059,2013-05-23(四),"上海2注,江苏1注,浙江1注,山东2注,河南1注,湖北1注,四川1注,云南1注,深圳1注,共11注。","03,10,18,24,27,29",09,99230450,11,5562668,134,69283,2713,3000,113557,200,1734003,10
2013058,2013-05-21(二),"北京10注,辽宁1注,浙江1注,江西1注,共13注。","08,11,17,21,23,24",05,138757060,13,6573318,243,126253,1130,3000,66539,200,1319685,10
2013057,2013-05-19(日),"北京1注,天津1注,辽宁1注,重庆1注,河南1注,四川1注,共6注。","13,16,19,23,26,28",05,152624208,6,7927462,146,180460,1613,3000,67995,200,1260565,10
2013056,2013-05-16(四),"内蒙古1注,福建1注,江西1注,湖南1注,广西1注,共5注。","03,12,25,26,28,29",16,138712270,5,8816637,88,325281,1125,3000,59941,200,1208527,10
2013055,2013-05-14(二),"山西1注,广西5注,共6注。","08,18,19,22,27,32",06,116004306,6,7991149,97,277529,1191,3000,59313,200,1126970,10
2013054,2013-05-12(日),"北京1注,山西1注,安徽1注,山东3注,重庆2注,广东1注,四川1注,云南3注,新疆1注,共14注。","03,04,08,14,21,28",14,101137064,14,5000000,202,172767,1400,3000,65720,200,1291880,10
2013053,2013-05-09(四),"江苏1注,福建2注,湖北1注,甘肃1注,共5注。","03,12,13,22,30,33",14,89705790,5,5000000,132,215385,1324,3000,64790,200,1151837,10
2013052,2013-05-07(二),"北京2注,辽宁1注,黑龙江1注,广东1注,广西1注,陕西1注,甘肃1注,共8注。","06,07,14,21,22,24",13,48367032,8,5000000,104,240523,1164,3000,59758,200,1096383,10
2013051,2013-05-05(日),"天津1注,内蒙古1注,上海1注,江苏4注,安徽1注,福建1注,山东2注,湖北1注,广东1注,海南1注,贵州1注,云南15注,陕西1注,青海1注,深圳1注,共33注。","08,12,15,19,28,29",02,30000000,33,5479124,450,61706,2151,3000,118908,200,2130642,10
2013050,2013-05-02(四),"内蒙古1注,上海1注,浙江1注,山东1注,湖北1注,湖南2注,广东1注,四川1注,共9注。","03,07,13,18,22,25",03,116018802,9,7054027,228,121620,1244,3000,68648,200,1269744,10
2013049,2013-04-30(二),"山东1注,云南1注,共2注。","10,13,14,16,21,32",14,114803190,2,5000000,41,727853,548,3000,32359,200,715078,10
2013048,2013-04-28(日),"天津1注,河南34注,湖北1注,四川1注,共37注。","10,13,17,28,30,32",04,55171877,37,5456927,119,213104,1411,3000,76513,200,1488958,10
2013047,2013-04-25(四),"山东1注,河南1注,广东2注,陕西1注,甘肃1注,共6注。","01,08,11,17,27,30",12,167906106,6,8654750,116,283558,1074,3000,58083,200,1191022,10
2013046,2013-04-23(二),"山西1注,辽宁1注,上海1注,浙江2注,江西1注,广东1注,共7注。","03,16,19,20,24,26",06,143084851,7,8147262,95,347855,1026,3000,52058,200,1114872,10
2013045,2013-04-21(日),"辽宁2注,山东1注,广西1注,云南1注,陕西1注,深圳1注,共7注。","06,07,08,14,23,31",12,123007759,7,7557675,138,194605,1692,3000,87002,200,1553736,10
2013044,2013-04-18(四),"内蒙古1注,黑龙江2注,上海1注,重庆1注,湖北3注,湖南1注,海南1注,四川1注,陕西1注,共12注。","03,05,11,18,26,28",06,113248452,12,6411138,337,75372,2143,3000,109323,200,1878419,10
2013043,2013-04-16(二),"北京1注,内蒙古1注,吉林1注,黑龙江2注,江苏1注,安徽2注,福建1注,山东1注,重庆1注,湖北1注,四川3注,陕西1注,共16注。","03,06,14,15,17,25",16,130914304,16,5481602,247,46795,3092,3000,133198,200,2120374,10
2013042,2013-04-14(日),"北京1注,江苏1注,福建1注,湖南1注,广东1注,四川2注,共7注。","01,08,12,13,15,33",03,191650228,7,8484594,131,279299,973,3000,54934,200,1142444,10
2013041,2013-04-11(四),"江苏1注,广西1注,新疆1注,共3注。","02,10,12,17,23,24",05,165669831,3,10000000,295,88126,1112,3000,64469,200,1179623,10
2013040,2013-04-09(二),"山西1注,辽宁2注,江苏1注,安徽1注,重庆1注,湖南2注,广东2注,广西1注,共11注。","02,04,10,12,17,30",10,135009567,11,6144278,125,151044,1878,3000,86862,200,1493165,10
2013039,2013-04-07(日),"河北1注,辽宁1注,江苏1注,浙江1注,安徽1注,重庆1注,陕西1注,共7注。","01,02,14,15,24,29",06,158541908,7,8030721,94,338538,1117,3000,56759,200,1093692,10
2013038,2013-04-04(四),"河北1注,吉林1注,上海1注,浙江1注,河南1注,共5注。","09,10,12,14,15,19",11,140504290,5,8453347,95,272632,1118,3000,51887,200,1051034,10
2013037,2013-04-02(二),"河北1注,黑龙江1注,浙江1注,福建1注,山东1注,河南1注,共6注。","02,15,18,27,28,32",14,122337450,6,7287992,157,131158,2363,3000,113898,200,1850951,10
2013036,2013-03-31(日),"北京1注,辽宁1注,江苏2注,安徽1注,广东2注,贵州1注,新疆1注,共9注。","04,05,09,27,29,31",13,118017567,9,7536121,182,188118,1506,3000,80421,200,1585260,10
2013035,2013-03-28(四),"浙江1注,湖北1注,广西1注,共3注。","01,14,15,17,26,30",02,105954843,3,5000000,78,405085,911,3000,49842,200,1000154,10
2013034,2013-03-26(二),"江苏4注,福建2注,河南2注,共8注。","06,15,20,22,26,33",09,47229360,8,5000000,83,273693,1218,3000,61286,200,1157283,10
2013033,2013-03-24(日),"北京1注,辽宁1注,江苏2注,浙江1注,山东3注,河南1注,广东21注,广西11注,四川1注,贵州1注,宁夏1注,共44注。","05,06,13,17,19,28",01,34224132,44,5355031,567,41326,3539,3000,154469,200,2272792,10
2013032,2013-03-21(四),"天津1注,江苏1注,共2注。","04,21,25,29,30,33",03,185170708,2,10000000,68,438576,1043,3000,55516,200,1043488,10
2013031,2013-03-19(二),"内蒙古1注,浙江2注,安徽1注,湖北2注,广东1注,四川1注,云南1注,青海1注,共10注。","03,13,14,15,21,33",03,135583170,10,6553055,125,186366,2364,3000,91992,200,1487883,10
2013030,2013-03-17(日),"天津1注,内蒙古1注,吉林1注,山东1注,湖北1注,四川1注,云南1注,共7注。","07,14,18,25,26,29",06,146756785,7,7771195,140,207839,1797,3000,80229,200,1430574,10
2013029,2013-03-14(四),"山西2注,内蒙古1注,广东5注,海南2注,四川1注,陕西1注,共12注。","06,07,10,19,23,29",12,133260864,12,6611365,473,61320,1710,3000,110261,200,1948423,10
2013028,2013-03-12(二),"辽宁2注,福建1注,江西1注,山东1注,贵州1注,共6注。","07,08,14,25,26,28",13,144919914,6,7577370,149,155680,1961,3000,98956,200,1725586,10
2013027,2013-03-10(日),"内蒙古1注,黑龙江1注,上海1注,重庆1注,湖北1注,广西1注,四川1注,贵州1注,云南1注,甘肃1注,青海1注,共11注。","01,02,04,12,21,24",12,136259354,11,6848640,126,242083,1437,3000,69563,200,1271301,10
2013026,2013-03-07(四),"北京1注,上海1注,江西1注,四川1注,共4注。","04,11,14,15,22,31",11,140421744,4,9397355,95,277727,1502,3000,75321,200,1387630,10
2013025,2013-03-05(二),"北京1注,辽宁1注,浙江1注,江西1注,山东1注,湖南1注,广东21注,共27注。","16,17,18,24,25,30",08,116448192,27,5431843,126,138806,1694,3000,82492,200,1452952,10
2013024,2013-03-03(日),"北京1注,黑龙江3注,安徽1注,福建1注,江西3注,山东1注,河南2注,甘肃1注,宁夏1注,深圳3注,共17注。","04,05,13,23,27,30",09,222298732,17,5847975,191,113211,3035,3000,118981,200,1907034,10
2013023,2013-02-28(四),"安徽1注,重庆1注,贵州1注,云南1注,共4注。","03,06,15,18,30,32",05,271259788,4,10000000,145,215645,1196,3000,67541,200,1355164,10
2013022,2013-02-26(二),"河北2注,内蒙古1注,江西1注,湖南1注,贵州1注,共6注。","02,04,07,09,15,20",07,238299864,6,6902732,79,216766,1799,3000,85414,200,1526043,10
2013021,2013-02-24(日),"天津1注,河北1注,山西1注,内蒙古1注,浙江1注,河南1注,湖南1注,共7注。","01,06,17,19,26,31",11,239758883,7,7342133,104,236465,1477,3000,73650,200,1351421,10
2013020,2013-02-21(四),"黑龙江1注,浙江1注,湖北1注,湖南2注,共5注。","01,07,08,12,16,21",01,233771560,5,9109602,145,212565,1167,3000,61364,200,1185046,10
2013019,2013-02-19(二),"河北1注,山西1注,内蒙古1注,辽宁1注,湖南1注,共5注。","01,02,05,16,20,26",06,207401535,5,8107555,93,250609,1186,3000,59157,200,1076888,10
2013018,2013-02-17(日),"北京1注,辽宁1注,江苏1注,安徽1注,湖北2注,广东1注,四川1注,陕西1注,新疆1注,共10注。","02,08,13,28,29,30",05,193557090,10,6796488,273,98708,2226,3000,104280,200,1751789,10
2013017,2013-02-07(四),"河北2注,福建1注,共3注。","04,06,12,30,31,32",09,198644874,3,10000000,93,291681,1050,3000,53120,200,1053101,10
2013016,2013-02-05(二),"河北1注,吉林1注,黑龙江1注,上海1注,江苏1注,浙江2注,福建1注,湖南2注,陕西1注,青海1注,共12注。","02,05,06,12,14,28",05,165350088,12,5755587,99,137379,1954,3000,92741,200,1546034,10
2013015,2013-02-03(日),"内蒙古1注,河南2注,共3注。","05,06,07,11,13,18",15,202682481,3,10000000,158,222295,1175,3000,63967,200,1311322,10
2013014,2013-01-31(四),"河北1注,辽宁10注,福建1注,河南5注,广西1注,甘肃2注,共20注。","02,04,05,17,19,20",08,150729380,20,5786249,235,100372,1647,3000,82204,200,1461037,10
2013013,2013-01-29(二),"河北2注,辽宁1注,吉林1注,江苏1注,福建1注,河南2注,湖北1注,湖南2注,四川1注,陕西1注,青海1注,宁夏3注,深圳2注,共19注。","05,06,13,19,22,28",09,211416895,19,5961726,259,105827,1799,3000,93409,200,1622643,10
2013012,2013-01-27(日),"福建1注,广东1注,云南1注,共3注。","06,14,17,22,28,29",02,260734911,3,10000000,144,270305,986,3000,60828,200,1295443,10
2013011,2013-01-24(四),"天津1注,河北1注,山西1注,内蒙古1注,辽宁3注,浙江1注,山东1注,广东2注,共11注。","03,12,17,24,27,29",09,199912372,11,6118580,113,163332,2231,3000,100181,200,1706219,10
2013010,2013-01-22(二),"吉林5注,共5注。","01,09,11,17,32,33",12,224151420,5,9286306,74,434422,1054,3000,51499,200,1029207,10
2013009,2013-01-20(日),"上海1注,福建1注,山东1注,云南1注,共4注。","01,04,09,13,16,23",02,195572596,4,9535536,100,272132,1499,3000,79465,200,1476369,10
2013008,2013-01-17(四),"辽宁1注,吉林1注,江苏1注,广东2注,深圳1注,共6注。","03,08,17,21,25,32",15,170217234,6,8240712,311,93782,1478,3000,77997,200,1425465,10
2013007,2013-01-15(二),"广东1注,新疆1注,共2注。","02,09,15,22,26,32",01,151606540,2,7500000（含加奖2500000）,148,228327,827,3000,48103,200,981846,10
2013006,2013-01-13(日),"河北1注,山西1注,内蒙古1注,浙江2注,福建1注,河南1注,广东1注,共8注。","09,10,13,17,22,30",13,82757304,8,5625000（含加奖625000）,178,176778,1334,3000,71365,200,1367177,10
2013005,2013-01-10(四),"河北1注,山西1注,内蒙古2注,江苏1注,浙江3注,广东2注,宁夏1注,共11注。","01,13,14,25,31,32",12,49335143,11,5454545（含加奖454545）,117,251894,1354,3000,64619,200,1208188,10
2013004,2013-01-08(二),"天津1注,内蒙古1注,辽宁1注,黑龙江5注,江苏1注,山东3注,湖北1注,海南2注,陕西1注,深圳1注,共17注。","06,10,16,20,27,32",08,35567995,17,5294117（含加奖294117）,152,61143,2811,3000,113204,200,1683406,10
2013003,2013-01-06(日),"江西1注,湖北1注,四川1注,青海1注,共4注。","22,23,26,27,28,33",09,98882604,4,6250000（含加奖1250000）,90,271770,1175,3000,60772,200,1185339,10
2013002,2013-01-03(四),"辽宁1注,浙江1注,福建1注,陕西1注,共4注。","01,16,18,22,28,30",12,61810900,4,6250000（含加奖1250000）,63,352455,1065,3000,57348,200,1069854,10
2013001,2013-01-01(二),"河北1注,山西1注,上海2注,江苏1注,浙江1注,山东3注,湖南1注,广东7注,广西1注,四川1注,云南1注,共20注。","06,08,14,15,24,25",06,30000000,20,5250000（含加奖250000）,271,71485,2102,3000,86580,200,1412922,10
